STATION_NUM,BUSSTOP_NAME,ARS_ID,NEXT_BUSSTOP,BUSSTOP_ID,LONGITUDE,NAME_E,LATITUDE
1,4수원지,4264,4수원지위,5,126.96180824,Reservoir 4,35.16183377
2,4수원지,4263,전망대,6,126.961979,Reservoir 4,35.161553
3,4수원지위,4268,화암,8,126.96201944,Upper of Reservoir 4,35.157
4,4수원지위,4267,4수원지,9,126.962349,Upper of Reservoir 4,35.156812
5,5.18기념문화센터,2062,모아제일아파트,11,126.85844444,May 18th Memorial Culture Center,35.15873333
6,5.18기념문화센터,2063,시청,12,126.85839722,May 18th Memorial Culture Center,35.15888889
7,신동사거리,,,13,126.78953088,,35.13454831
8,각화초교,4214,금호아파트,15,126.93633611,Gakhwa Elementary School,35.18066111
9,거진,4004,신용두,17,126.87456284,Geojin,35.21177326
10,거진,4003,신흥택시,18,126.874294,Geojin,35.211923
11,건강협회(남),2321,화정주공,19,126.888924,Association of Health Promotion (South),35.147873
12,건강협회,2053,상공회의소,20,126.888435,Association of Health Promotion,35.148472
13,건강협회,2052,월산4동,21,126.88804607,Association of Health Promotion,35.14841271
14,건국동행정복지센터,4006,건국동파출소,22,126.88018611,Geonguk-dong Welfare Center,35.22154722
15,하남산단5번로 교차로,5495,유니스전자,24,126.80445,Hanamsandan 5(o)beon-ro Intersection,35.19476389
16,경신여고,4434,무등경기장(북),25,126.8886,Gyeongsin Girls' High School,35.17252778
17,한국국토정보공사광주중부지사,4436,중앙여고,26,126.8885741,LX Gwangju Jungbu Branch,35.17370897
18,계림초교후문,1011,동진맨션,27,126.92351667,Gyerim Elementary School Back Gate,35.16050833
19,계소리3구,6338,서태리1구,28,126.95657222,Gyesori District 3,35.04730833
20,계수,2174,시청,29,126.85778056,Gyesu,35.16266111
21,계수,2175,버들마을,30,126.85775699,Gyesu,35.16203874
22,도동고개,4225,도선사,33,126.93569473,Dodong Pass,35.19228785
23,31사단,4356,원삼각마을삼일아파트,37,126.90432127,31st Infantry Division,35.19445571
24,고려고,4250,삼각그린타운,39,126.899406,Korea High School,35.193711
25,고려고,4251,광주공고입구,40,126.89851617,Korea High School,35.19319995
26,고려병원,6339,화순미륭아파트,41,126.99015,Hwasun Korea Hospital,35.05657778
27,고려병원,6340,자치샘삼거리,42,126.99023333,Hwasun Korea Hospital,35.05660556
28,광주고룡학교,5325,보화촌,43,126.767721,Gwangju Goryong School,35.207872
29,공군부대,5001,도산역,44,126.78670556,Air Unit,35.12614167
30,공군부대,5002,상선,45,126.78661551,Air Unit,35.12591549
31,월산행복주택아파트,2457,돌고개역(동),46,126.9,Wolsan Haengbok Apt,35.15246111
32,공항역,5203,장암마을,47,126.81053715,Airport Station,35.14401842
33,공항역,5202,송정파출소(북),48,126.81248461,Airport Station,35.14410716
34,과기원,5998,한국전자통신연구원,51,126.84136944,GIST(Gwangju Institute of Science and Technology),35.22455833
35,광주광역시교육청(광덕고),2287,화정중,52,126.88041,Gwangju Metropolitan Office of Education,35.147607
36,광주광역시교육청(광덕고),2288,화정사거리,53,126.88065154,Gwangju Metropolitan Office of Education,35.14762879
37,염주맨션,2290,염주사거리(동),54,126.88068821,Yeomju Mansion Apt.,35.14339094
38,광명하이츠후문,2177,버들마을,57,126.868049,Gwangmyeong Heights Apt. Back Gate,35.162159
39,광명하이츠후문,2176,기아차중문,58,126.866668,Gwangmyeong Heights Apt. Back Gate,35.161713
40,광산구청,5153,광주송정역,59,126.79384349,Gwangsan-gu Office,35.14098729
41,광산구청,5217,영광통,60,126.79342375,Gwangsan-gu Office,35.14008534
42,영광통,5260,광산구청,61,126.79538955,Yeonggwangtong,35.14250702
43,신동사거리,5164,광주송정역,62,126.789487,Sindong Sageori,35.133896
44,광산중,5271,어등초교,63,126.80790316,Gwangsan Middle School,35.15890276
45,광산중,5272,소촌금호아파트,64,126.80773611,Gwangsan Middle School,35.15905833
46,풍영정입구,5178,광신대교,65,126.83671111,Pungyeongcheong entrance,35.17746667
47,광신대교,4141,선광학교입구,66,126.8438071,Gwangsindaegyo Bridge,35.17617205
48,광신대교,2459,동림I.C입구,67,126.84303611,Gwangsindaegyo Bridge,35.17602778
49,광신아파트,4169,문화아파트,68,126.92885508,Gwangsin Apt.,35.17614049
50,광신아파트,4168,광주병원,69,126.92999502,Gwangsin Apt.,35.17601037
51,동원촌,5397,신동아아파트,71,126.82835,Dongwonchon,35.22115
52,광주고/4.19역사관,1003,대인시장(동),72,126.92048927,GwangJu High School/April 19th History Hall,35.15734444
53,광주고/4.19역사관,1004,계림사거리,73,126.92068602,GwangJu High School/April 19th History Hall,35.15818377
54,광주공고,4572,공간아파트,74,126.89687222,Gwangju Technical High School,35.18816667
55,자연과학고,4367,용봉중,76,126.9141228,Natural Science High School,35.18701256
56,공간아파트,4196,매곡대화아파트,77,126.89426944,Gonggan Apt,35.18920833
57,금호타운아파트,3227,효덕초교,78,126.896849,Kumhotown Apt.,35.10966
58,광주대,3229,광주대,80,126.897262,Gwangju University,35.107417
59,동초교,4277,월산(석곡),82,126.951392,Dong Elementary School,35.206143
60,동초교,4278,죽곡(북),83,126.95105,Dong Elementary School,35.20635556
61,광주병원,4171,무등도서관,84,126.92926944,Gwangju Hospital,35.17897778
62,광주병원,4170,동광주진입로,85,126.92921839,Gwangju Hospital,35.17808202
63,광주여대,5273,광산우산동주민센터,86,126.80163054,Kwangju Women's University,35.16535953
64,광주여대,5274,하남중,87,126.80198583,Kwangju Women's University,35.1643997
65,광주역,4333,삼성콜센터,88,126.90697222,Gwangju Station,35.16468333
66,삼성콜센터,4531,중흥시장,89,126.90916226,Samsung Call Center,35.16332236
67,광주역(동),4529,순복음교회,90,126.90974301,Gwangju Station (East),35.16395818
68,광주역,4334,신안사거리,91,126.90746629,Gwangju Station,35.16480847
69,광주역육교,4541,전남대사거리(동),92,126.90908027,Gwangju Station Overpass,35.1675554
70,광주역육교,4540,해광맨션,93,126.911446,Gwangju Station Overpass,35.16666
71,중흥삼거리,4549,효동초교입구,94,126.91043506,Jungheung Samgeori,35.16801667
72,4.19기념관,1005,광주고,95,126.91783611,April 19th Memorial Hall,35.161825
73,4.19기념관,1006,순복음교회,96,126.91763889,April 19th Memorial Hall,35.16208889
74,광주학생운동기념탑,4514,우진아파트,97,126.908613,Monument for Gwangju Student Movement,35.15267
75,광주학생운동기념탑,1110,롯데백화점,98,126.908874,Monument for Gwangju Student Movement,35.152543
76,광주일고.광주고용센터,4513,금남로5가역,99,126.90769722,Gwangju Jeil High School/Gwangju Employment Center,35.15506944
77,광주일고.광주고용센터,4512,북성중,100,126.90793985,Gwangju Jeil High School/Gwangju Employment Center,35.15526315
78,남계촌,1077,내지,101,126.9406891,Namgyechon,35.0937386
79,마재호반아파트,2030,마재부영아파트,102,126.856187,Majae Hoban Apt.,35.126237
80,마재호반아파트,2029,마재호반아파트(정문),103,126.855992,Majae Hoban Apt.,35.126394
81,광주테크노파크,4130,산업인력공단,104,126.86091667,Gwangju Techno Park,35.22831111
82,제2광천교,4450,광천파출소,105,126.88421829,Gwangcheongyo 2 Bridge,35.16999955
83,광천초교,2034,현대자동차,107,126.889058,Gwangcheon Elementary School,35.158998
84,광천초교,2033,농성1동주민센터,108,126.888679,Gwangcheon Elementary School,35.159266
85,광주종합버스터미널,2001,기아차중문,109,126.87969568,U.square Gwangju Bus Terminal,35.16177
86,광주종합버스터미널,2002,현대자동차,110,126.87983697,U.square Gwangju Bus Terminal,35.16126826
87,광천치안센터,2004,경신여고,113,126.88388917,Gwangcheon Security Center,35.16356535
88,광천치안센터,2003,광천터미널,114,126.8836,Gwangcheon Security Center,35.164336
89,광주역(남),4335,NC백화점,116,126.9067131,Gwangju Station (south),35.16312862
90,31사단,4357,오치1동주민센터,118,126.90407844,31st Infantry Division,35.19453509
91,대한적십자사,4211,대한적십자사,120,126.891722,Korean Red Cross,35.194068
92,구강리,5498,장수동,123,126.7824601,Gugang-ri,35.186276
93,구룡(본량),5033,동림마을,124,126.68691111,Guryong (Bollyang),35.20683056
94,상무지구입구,2228,농협운천지점,125,126.85090488,Sangmu District Entrance,35.1479861
95,빛고을노인건강타운,3239,빛고을노인건강타운,126,126.89542374,Bitgoeul Senior Health Town,35.10085688
96,구암2리,6305,문성석재,127,127.07548611,Guam-li 2,35.03023056
97,구암2리,6306,구암1리,128,127.075646,Guam-li 2,35.030303
98,구암1리,6304,구암2리,129,127.07290833,Guam-li 1,35.03343611
99,구암1리,6303,화순광업소,130,127.07303889,Guam-li 1,35.03346667
100,구암,3232,광주대후문,131,126.8976635,Guam,35.10381671
101,새한철강,5521,신흥목재포장,132,126.81028333,Saehan Steel,35.21352222
102,오월첫동네입구,4547,북구보건소,133,126.90750556,Owol chut dongne,35.16993611
103,오월첫동네입구,4546,동부교육청,134,126.90793333,Owol chut dongne,35.16975
104,국제고,4253,향토음식박물관,135,126.89999359,Gukje High School,35.19972426
105,국제고,4254,삼각그린타운,136,126.89973889,Gukje High School,35.19863611
106,일곡사거리,4474,일곡초교,137,126.898557,Ilgok Sageori,35.203616
107,일곡사거리,4475,국제고,138,126.898249,Ilgok Sageori,35.203498
108,향토음식박물관,4488,일동중,139,126.89631715,Folk Food Exhibition Room,35.20223328
109,향토음식박물관,4262,국제고,140,126.89667222,Folk Food Exhibition Room,35.20203333
110,동림I.C입구,4142,광신대교,141,126.852515,Dongnim IC Entrance,35.174163
111,그린파크,2035,서림초교입구,142,126.89532566,Green Park Apt.,35.15598713
112,장암마을,5216,서창입구,144,126.82485833,Jangam Village,35.14189444
113,장암마을,5215,공항,145,126.8250024,Jangam Village,35.14220804
114,버들주공1단지,2183,칠성마을,146,126.86061944,Beodeul Jugong Apt. Complex 1,35.16631944
115,버들주공1단지,2182,극락초교,147,126.861119,Beodeul Jugong Apt. Complex 1,35.166497
116,극락강역입구,5291,선광학교입구,148,126.82956599,Geungnakgang Station Entrance,35.17864152
117,극락강역입구,5169,신가동,149,126.82913621,Geungnakgang Station Entrance,35.17898725
118,풍영정천1교,5301,금구중,150,126.81355,Pungyeongjeongcheongyo 1 Bridge,35.17508597
119,풍영정천1교,5302,대반초교,151,126.81346905,Pungyeongjeongcheongyo 1 Bridge,35.17528113
120,금남로4가역,1111,금남로공원,152,126.91349741,Geumnamno 4(sa)-ga Station,35.15123889
121,금남로5가역,1114,금남로4가역,153,126.910886,Geumnamno 5(o)-ga Station,35.152984
122,금남로5가역,1113,광주일고,155,126.911605,Geumnamno 5(o)-ga Station,35.152818
123,용봉현대1차아파트,4395,중앙여고,156,126.88889722,Yongbong Hyundai 1st Apt.,35.17713889
124,용봉현대1차아파트,4396,비엔날레전시관입구,157,126.88904281,Yongbong Hyundai 1st Apt.,35.17714738
125,신촌윗길(4수원지),4297,분토(북구),158,126.958051,Sinchon Upper Road (Reservoir 4),35.185809
126,신촌윗길(4수원지),4296,신촌 아랫길(4수원지),159,126.95790833,Sinchon Upper Road (Reservoir 4),35.18574167
127,풍암금호아파트,2256,풍암우미아파트,160,126.88351341,Pungam Kumho Apt.,35.12451841
128,풍암금호아파트,2255,신암마을,161,126.88332021,Pungam Kumho Apt.,35.12443551
129,금호시영아파트,2009,CBS방송국,163,126.859218,Kumho Siyeong Apt.,35.13653
130,상무금호아파트,2216,5.18자유공원,164,126.84284196,Sangmu Kumho Apt.,35.14947661
131,상무금호아파트,2215,상무해광한신아파트,165,126.84313651,Sangmu Kumho Apt.,35.14936272
132,각화금호아파트,4215,동광주진입로,166,126.93335278,Gakhwa Kumho Apt.,35.18143889
133,각화금호아파트,4216,각화무등파크,167,126.93413324,Gakhwa Kumho Apt.,35.180943
134,어등초교,5309,월곡일신아파트,168,126.80871178,Odung Elementary School,35.16459969
135,어등초교,5310,광산중,169,126.8083338,Odung Elementary School,35.16414033
136,소촌금호아파트,5279,광산중,170,126.80742155,Sochon Kumho Apt.,35.15424152
137,소촌금호아파트,5244,아리랑고개,171,126.80718889,Sochon Kumho Apt.,35.15290833
138,금호타이어,5221,영광통사거리,174,126.79033611,Kumho Tire,35.14468333
139,금호타이어,5220,송정한전,175,126.7904401,Kumho Tire,35.144996
140,광주공고입구,4197,고려고,176,126.899269,Gwangju Technical High School Entrance,35.189918
141,광주공고입구,4198,오치초교,177,126.898945,Gwangju Technical High School Entrance,35.1899067
142,첨단라인아파트,5417,응암공원,178,126.83866063,Cheomdan Line Apt.,35.21796045
143,기아자동차,2270,해태아파트,179,126.87684885,Kia Motors,35.15872338
144,기아자동차,2186,광천터미널,180,126.87699434,Kia Motors,35.15815336
145,기아차정문,2007,광천E편한세상,182,126.877293,Kia Motors Main Gate,35.164438
146,기아차정문,2187,광천터미널,183,126.87709167,Kia Motors Main Gate,35.16459722
147,기아차중문,2188,광명하이츠후문,184,126.872462,Kia Motors Center Gate,35.162035
148,쌈지공원,,,185,126.75503184,,35.07089827
149,풍물시장,,,186,126.709566,,34.992857
150,5.18자유공원,2210,김대중컨벤션센터,188,126.841176,May 18th Liberty Park,35.1481301
151,5.18자유공원,2209,상무라인대주,189,126.84041944,May 18th Liberty Park,35.14786447
152,화전근린공원,5392,화전사거리,190,126.755484,Hwajeon Neighborhood Park,35.113769
153,까치고개,3190,백운초교(북),191,126.90205,Kkachi Pass,35.14048611
154,까치고개,3189,대성사거리,192,126.90194263,Kkachi Pass,35.13918976
155,꽃동네,5464,장록,193,126.77689349,Kkot Village,35.12693817
156,꽃동네,5465,월전,194,126.7767543,Kkot Village,35.12705833
157,내남입구,1074,남계육교,195,126.94038707,Naenam Entrance,35.09593762
158,남계(장성),6245,매화동(장성),196,126.82940556,Namgye (Jangseong),35.26986667
159,양림휴먼시아2차,3078,남광주역,197,126.918514,Yangnim Humansia 2nd Apt.,35.135864
160,화전근린공원,5395,평동산단7번로입구,198,126.755667,Hwajeon Neighborhood Park,35.113654
161,평동산단7번로입구,5506,화전근린공원,199,126.760945,Pyeongdongsandan 7(chil)beon-ro Entrance,35.118318
162,평동산단7번로입구,5641,옥동차량기지,200,126.760889,Pyeongdongsandan 7(chil)beon-ro Entrance,35.118509
163,송우초등학교,5642,상수도광산요금센터,201,126.811903,Songu Elementary School,35.160175
164,남광주사거리,1139,학동시장,202,126.92362778,Namgwangju Sageori,35.13824722
165,학강교,1140,양림교,203,126.91932337,Hakgangyo Bridge,35.13968275
166,남구문화예술회관,3115,녹동,204,126.91765278,Nam-gu Culture and Art Center,35.12214722
167,남구문화예술회관,3114,봉선2동주민센터,205,126.91761389,Nam-gu Culture and Art Center,35.12245278
168,구남구청,3117,조봉초교,206,126.90922922,Former Nam-gu Office,35.12358684
169,구남구청,3116,봉선대화아파트,207,126.90863448,Former Nam-gu Office,35.12410746
170,남동,5035,용호(광산구),208,126.68214444,Nam-dong,35.17956111
171,전남대병원오거리/남동성당,1046,전남대병원/남광주시장,209,126.920775,Chonnam Univ Hospital Ogeori/Namdong Catholic Church,35.14343056
172,전남대병원오거리/남동성당,1045,문화전당역,210,126.92127596,Chonnam Univ Hospital Ogeori/Namdong Catholic Church,35.1439899
173,남면사무소,6274,화순사평,211,127.09531667,Nam-Myeon Office(Hwasun),35.00697222
174,남면사무소,6275,사평초교,212,127.09549167,Nam-Myeon Office(Hwasun),35.00700556
175,남광주역,1141,양림휴먼시아2차,213,126.92188371,Namgwangju Station,35.13859678
176,남광주역,1142,전남대병원/남광주시장,214,126.92193,Namgwangju Station,35.13827
177,광암교입구,4437,동림동천마을6단지,215,126.876691,Gwangamgyo Bridge Entrance,35.1714401
178,광암교입구,4438,공구의거리,216,126.87676389,Gwangamgyo Bridge Entrance,35.17114722
179,신흥목재포장,5503,새한철강,217,126.80945833,Sinheung Wood Package,35.21637222
180,신흥목재포장,5502,도천교,218,126.80959722,Sinheung Wood Package,35.21638333
181,삼영특수강,5519,두산테크택,219,126.81021389,Samyeong Specialty Steel,35.20899722
182,첨단2동행정복지센터,5446,첨단사거리,220,126.8430525,Cheomdan 2(i)-dong Administration Welfare Center,35.21415768
183,호남샤니,5577,한국알프스,221,126.80258056,Honam Shany,35.19678889
184,호남샤니,5576,화천기공,222,126.80216667,Honam Shany,35.19659444
185,송우초등학교,5718,풍영철길로입구,223,126.812053,Songu Elementary School,35.15993
186,광주남초교,1093,동구문화센터,224,126.93147328,Gwangju Nam Elementary School,35.12635936
187,광주남초교,1094,소태역,225,126.93082787,Gwangju Nam Elementary School,35.12702426
188,내남,1078,법림사,226,126.93131667,Naenam,35.08901944
189,내등,5330,외등,227,126.76171944,Naedeung,35.18902778
190,육판리,1079,선교,228,126.9421844,Yukpalli,35.0917625
191,육판리,1080,남계육교,229,126.9424896,Yukpalli,35.092041
192,생룡,4046,지산마을,230,126.899374,Saengnyong,35.228731
193,넘은골,6307,화순광업소,231,127.065929,Neomeungol,35.034715
194,넘은골,6308,천운장,232,127.06650556,Neomeungol,35.03480833
195,노대,3233,빛고을노인건강타운입구,233,126.90516667,Nodae,35.09913611
196,녹동,1082,주남,234,126.93744281,Nokdong,35.1057026
197,녹서,6222,마령,235,126.665425,Nokseo,35.200548
198,월곡중학교,5719,풍영철길로입구,236,126.813197,Wolgok Middle School,35.165776
199,녹진,6197,덕성,237,126.78814444,Nokjin,35.26243333
200,동면농공단지,6320,장동,238,127.01744722,Dongmyeon Agricultural Complex,35.02638889
201,동면농공단지,6319,동면농공단지,239,127.01753889,Dongmyeon Agricultural Complex,35.02645556
202,유창허니문,4403,용봉우미아파트,240,126.89896944,Yuchang Honeymoon Apt.,35.17732222
203,유창허니문,4404,유창허니문입구,241,126.89885556,Yuchang Honeymoon Apt.,35.17741667
204,그린파크,2156,담배인삼공사,242,126.89450422,Green Park Apt.,35.15607192
205,농성1동행정복지센터,2036,광천초교,243,126.89127117,Nongseong 1(il)-dong Administration Welfare Center,35.15620979
206,농성파출소,2055,서광주한전,244,126.889012,Nongseong Police Substaion,35.149861
207,농성파출소,2054,화정주공,245,126.88906781,Nongseong Police Substaion,35.15002163
208,월곡중학교,5723,월곡일신아파트,246,126.813261,Wolgok Middle School,35.165958
209,월곡초등학교,5724,송우초등학교,247,126.813155,Wolgok Elementary School,35.164108
210,농소,6309,찰동,248,127.02951667,Nongso,35.02626111
211,농소,6310,장동,249,127.02967778,Nongso,35.02638611
212,한국농어촌공사,2074,호남대입구,250,126.86505306,Korea Rural Community Corporation,35.15159488
213,월곡초등학교,5725,월곡중학교,251,126.813769,Wolgok Elementary School,35.164222
214,건국동행정복지센터,4005,호남권역재활병원,252,126.88088728,Geonguk-dong Welfare Center,35.22226093
215,농장다리,1014,동구노인복지회관,253,126.92923841,Nongjangdari Overpass,35.15102514
216,농장다리,1051,법원입구,254,126.92692778,Nongjangdari Overpass,35.15114722
217,패밀리농장,6241,보강,255,126.663865,Family Farmland,35.20534
218,신덕마을,5163,검문소,256,126.786627,Sindeok Village,35.135063
219,신덕마을,5162,신동사거리,257,126.786499,Sindeok Village,35.134893
220,장덕농협,5542,장덕마을(서),258,126.80895833,Jangdeok Nonghyup,35.19080833
221,장성남면농협,6211,장성남중,259,126.81131944,Jangseong Nammyeon  Agricultural Cooperative Federation,35.24169722
222,비엔날레전시관입구,4383,비엔날레전시관,260,126.89025134,Biennale Exhibition Hall Entrance,35.18120132
223,장덕농협,5543,유니스전자,261,126.80906389,Jangdeok Nonghyup,35.191025
224,능주고,6286,능주역,262,126.95999722,Neungju High School,34.98648056
225,능주면사무소,6288,능주사거리,263,126.95863056,Neungjumyeon Office,34.99006944
226,만수리,6294,원지리,264,126.95340556,Mansu-li,35.01251667
227,능주사거리,6290,능주면사무소,265,126.95795833,Neungju 4-Way Junc,34.99188611
228,능주역,6291,능주고,266,126.96313889,Neungju Station,34.98651389
229,운남동행정복지센터,5726,월곡시장,267,126.822821,Unnam Administration and Welfare Center,35.172712
230,능주초교,6292,능주고,268,126.95845556,Neungju Elementary School,34.98851389
231,운남동행정복지센터,5737,운남중학교,270,126.822482,Unnam Administration and Welfare Center,35.17234
232,운남중학교,5750,운남동행정복지센터,271,126.828378,Unnam Middle School,35.175913
233,다지2구,6341,백동,272,127.00359167,Daji District 2,35.04297778
234,다지2구,6342,한보요업,273,127.00373056,Daji District 2,35.04302778
235,한국단자공업,5117,중소기업센터,274,126.81706667,Korea Electric Termial,35.21345278
236,닭전머리,3193,우진아파트,275,126.90193477,Dakjeonmeori,35.15133728
237,닭전머리,2458,농협공판장,276,126.90226591,Dakjeonmeori,35.15098713
238,대광여고,3210,진월대주아파트,277,126.89747173,Daegwang Girls' High School,35.12684766
239,대광여고,3209,백운광장,278,126.89785,Daegwang Girls' High School,35.12663933
240,송정대덕아파트,5157,송정시장,279,126.79777978,Songjeong Daedeok Apt.,35.13548683
241,대덕아파트,5277,광주자동화설비공업고등학교,280,126.81507347,Daedeok Apt.,35.15446944
242,대덕아파트,5278,은별슈퍼,281,126.81518094,Daedeok Apt.,35.15441286
243,호남삼육고입구,3216,대광여고,282,126.89810009,Honam Samyook High School Etrance,35.12972618
244,운남중학교,5751,풍영정입구,283,126.829249,Unnam Middle School,35.177589
245,대반초교,5317,월곡시장,284,126.81011234,Daeban Elementary School,35.17505945
246,대성사거리,3364,까치고개,285,126.90289271,Daeseong Sageori,35.1431266
247,대성사거리,3195,월산사거리,286,126.90295044,Daeseong Sageori,35.14246793
248,빛그린산단,5812,광주글로벌모터스,287,126.671555,Bitgreensandan,35.177239
249,대성초교,3138,향교입구,288,126.90584539,Daesung Elementary School,35.14321242
250,도로교통공단 대신파크,4380,전남대후문위,289,126.90916169,KoROAD / Daesin Park Apt.,35.18222411
251,도로교통공단 대신파크,4379,용봉한화꿈에그린,290,126.90904301,KoROAD / Daesin Park Apt.,35.18247293
252,빛그린산단,5813,,291,126.671367,Bitgreensandan,35.177597
253,하남산단4번로삼거리,5550,신성화학,292,126.804442,Hanamsandan 4(sa)beon-ro Samgeori,35.190535
254,광주미래차모빌리티진흥원,5814,광주글로벌모터스,293,126.674671,Gwangju Future Automotive Mobility Agency,35.169165
255,광주미래차모빌리티진흥원,5815,빛그린산단종점,294,126.6749,Gwangju Future Automotive Mobility Agency,35.169097
256,상무대우아파트,2217,시청,295,126.84751841,Sangmu Daewoo Apt.,35.15730306
257,대인광장(서),4518,동부소방서,296,126.91142059,Daein Plaza (West),35.15596052
258,대인시장(동),1007,전남여고,297,126.91972269,Daein Market (East),35.1538247
259,대인시장(동),1008,광주고,298,126.91980422,Daein Market (East),35.15362368
260,대인시장(서),1116,동부소방서,299,126.91631245,Daein Market (West),35.15333435
261,대인시장(서),1115,전남여고,300,126.91710574,Daein Market (West),35.15262455
262,대주빌라,4184,두암라인동산아파트,301,126.93731944,Daeju Villa,35.17001111
263,대주빌라,4183,삼정초교,302,126.93723611,Daeju Villa,35.16947778
264,마재대주아파트,2024,마재부영아파트,303,126.85752347,Majae Daeju Apt.,35.12739852
265,풍암모아아파트,2258,풍암저수지,304,126.8757956,Pungam Moa Apt.,35.12522382
266,진월대주아파트,3242,대성여고,305,126.89851465,Jinwol Daeju Apt.,35.12125117
267,진월대주아파트,3243,대광여고,306,126.89877222,Jinwol Daeju Apt.,35.12170389
268,비엔날레전시관입구,4382,용봉현대1차아파트,308,126.88998056,Biennale Exhibition Hall Entrance,35.18045833
269,마재대주아파트,2023,서구문화센터,309,126.85778249,Majae Daeju Apt.,35.12749369
270,국립광주과학관,4023,정부광주지방합동청사,310,126.850404,Gwangju National Science Museum,35.227761
271,국립광주과학관,4022,앰코코리아,311,126.85042452,Gwangju National Science Museum,35.22754213
272,장등동,4310,,312,126.933692,Jangdeung-dong,35.200286
273,대촌마을,4043,은혜학교,313,126.85404167,Daechon Village,35.23571389
274,복룡입구(일곡10),4140,빛고을고입구,314,126.86278892,Bongnyoung Entrance(ilgok10),35.21395918
275,광주시립미술관하정웅미술관,2049,담배인삼공사,316,126.8884048,Gwangju Museum of Art and Ha Jung-woong Museum of Art,35.15374342
276,봉선대화아파트,3214,주월중입구,318,126.90597664,Bongseon Daehwa Apt.,35.1261902
277,덕남,3256,덕남,319,126.89885833,Deongnam,35.09390556
278,덕산아파트,4159,문화초교,320,126.931575,Deoksan Apt.,35.16883056
279,덕산아파트,4160,청명아파트,321,126.93163611,Deoksan Apt.,35.16895556
280,덕성,6200,자풍,322,126.7791701,Deokseong,35.256539
281,중앙교회,6261,남계(장성),323,126.83018611,Jungang Church,35.27383333
282,덕촌,6248,평촌,324,126.84105,Deokchon,35.26277222
283,문흥지구입구(동),4224,도동고개,326,126.93487386,Munheung District Entrance (East),35.19087413
284,도산동,5005,도산파출소,327,126.78461,Dosan-dong,35.127033
285,도산동,5004,도산동,328,126.78417834,Dosan-dong,35.12701872
286,도산역,5008,신동사거리,329,126.78749397,Dosan Station,35.13084982
287,도산파출소,5007,도산동,330,126.785003,Dosan Police Box,35.128048
288,도산파출소,5006,공군부대,331,126.785373,Dosan Police Box,35.1280982
289,도선사,4226,도동고개,332,126.93462189,Doseonsa Temple,35.19558435
290,도선사,4218,중소기업진흥공단호남연수원,333,126.935888,Doseonsa Temple,35.196586
291,상무역(북)(상무62),2362,상무쌍용금호아파트,334,126.847851,Sangmu Station(North)(Sangmu62),35.148162
292,도촌교,5509,비아중흥아파트,335,126.811145,Dochon Gyo Birdge,35.217955
293,국립아시아문화전당(구.도청),1122,문화전당역(남),340,126.91844214,Asia Culture Center,35.14800379
294,도촌교,5508,안청삼거리,341,126.81128889,Dochon Gyo Birdge,35.21810278
295,도현,5511,진곡 동길,342,126.79561389,Dohyeon,35.21287778
296,도현,5510,하남철강,343,126.79581944,Dohyeon,35.21284167
297,돌고개역(동),2164,돌고개역(서),344,126.8963,Dolgogae Station (East),35.15223056
298,돌고개역(동),3362,양동시장역(북),345,126.89712932,Dolgogae Station (East),35.15220731
299,동강대후문,4161,청명아파트,346,126.92441667,Donggang University Back Gate,35.17039722
300,동강대후문,4162,말바우시장(서),347,126.92485278,Donggang University Back Gate,35.17044722
301,대인광장(동),4515,롯데백화점(북),348,126.91273889,Daein Plaza (East),35.15684722
302,대인광장(동),1704,중흥1동주민센터,349,126.9131546,Daein Plaza (East),35.15715672
303,동구노인종합복지관,1016,동구청,350,126.92355833,Donggu General Welfare Center,35.15123333
304,동구노인종합복지관,1015,농장다리,351,126.92356667,Donggu General Welfare Center,35.15096944
305,동구청,1044,전남대병원오거리,352,126.92178889,Dong-gu Office,35.14741111
306,동구청,1041,전남여고,356,126.92204435,Dong-gu Office,35.14663845
307,동림마을,5037,구룡(본량),358,126.687198,Dongnim Village,35.210677
308,동림교,4147,동림우미린아파트,359,126.86393056,Dongnimgyo Bridge,35.17513333
309,동림삼익아파트,4589,,360,126.86430278,Dongnim Samik Apt.,35.17731389
310,동림삼익아파트,4148,동림교,361,126.86422778,Dongnim Samik Apt.,35.17756111
311,비엔날레전시관,4700,비엔날레전시관,363,126.890782,Biennale Exhibition Hall,35.182517
312,동림푸른마을,4152,시립장애인복지관,364,126.86473056,Dongnim Pureun Village Apt.,35.18713056
313,상전,5155,송정대덕아파트,365,126.80041944,Sangjeon,35.13918056
314,동부소방서,1118,대인광장(서),366,126.91333831,Dongbu Fire Station,35.15523084
315,동부소방서,1117,대인시장(서),367,126.91416667,Dongbu Fire Station,35.15445278
316,동산아파트,1059,산수2동주민센터,369,126.936818,Dongsan Apt.,35.151487
317,동산아파트,1058,동산초교옆,370,126.93663333,Dongsan Apt.,35.15146389
318,동산초교,1060,동산아파트,371,126.93642778,Dongsan Elementary School,35.14920278
319,지산2동행정복지센터,1069,매일시장입구,372,126.935767,Jisan 2(i)-dong Administration Welfare Center,35.147699
320,동성고,3240,송하삼익아파트,373,126.89764165,Dongseong High School,35.11577413
321,동성고,3241,대성여고,374,126.89751225,Dongseong High School,35.11437558
322,동천우미린아파트,2465,서영대학교,375,126.867872,Dongcheon Woomi Lynn Apt,35.171636
323,동천마을6단지,4429,동천마을3단지,376,126.87081523,Dongcheon Village Apt Complex 6,35.17179077
324,동신대한방병원,3197,돌고개역(서),377,126.896445,Dongshin University Oriental Hospital,35.150058
325,동신대한방병원,3196,월산초교,378,126.896205,Dongshin University Oriental Hospital,35.150164
326,동강대,4415,서방시장(북),379,126.92027059,Donggang University,35.16891944
327,동강대,4564,말바우시장(서),380,126.92103246,Donggang University,35.1696557
328,동암,6314,천운장,381,127.050902,Dongam,35.0292001
329,동암,6313,천동(화순),382,127.05050278,Dongam,35.02916667
330,코오롱하늘채입구,,,384,126.77222353,Kolon Haneulchae Entrance,35.03408047
331,동진맨션,1019,산수동우체국,386,126.92700278,Dongjin Mansion Apt.,35.15915833
332,동진맨션,1013,계림초교후문,387,126.92800278,Dongjin Mansion Apt.,35.15838056
333,동호,5039,남동,388,126.684469,Dongho,35.169785
334,용호(광산구),5075,수성,389,126.679641,Yongho (Gwangsan-gu),35.182703
335,대인광장(북),4517,롯데백화점(북),390,126.91176389,Daein Plaza (North),35.15704167
336,대인광장(북),4516,중흥시장,391,126.91223727,Daein Plaza (North),35.15670292
337,교대금호어울림,4563,두암주공입구,392,126.930925,Gyodae Kumho Oullim,35.16424722
338,교대금호어울림,4562,풍향시장,393,126.93103889,Gyodae Kumho Oullim,35.16458889
339,살레시오고/교통문화연수원,,,394,126.89488304,Salesian High School / Traffic Training Institute,35.21671249
340,두암초교,4190,덕산아파트,395,126.93253611,Duam Elementary School,35.16931667
341,율곡초교,1033,두암타운후문,396,126.93529722,Yulgok Elementary School,35.16041111
342,율곡초교,1702,호남맨션,397,126.93513056,Yulgok Elementary School,35.16101944
343,두암타운후문,4681,두암지구입구,398,126.93426667,Duam Town Apt. Back Gate,35.16146389
344,월남동,,,399,126.9391199,Wollam-dong,35.10191846
345,두암타운후문,1029,율곡초교,400,126.93325278,Duam Town Apt. Back Gate,35.16095556
346,능주역,,,401,126.96306313,Neungju Station,34.98651399
347,등촌,4280,신촌 아랫길(4수원지),402,126.964138,Deungchon,35.174427
348,등촌,4279,청풍학생야영장,403,126.96395833,Deungchon,35.17435833
349,첨단사거리,5418,첨단2동주민센터,404,126.84071599,Cheomdan Sageori,35.21757203
350,샛터코아,4247,문흥명지아파트,405,126.92107231,Saetteo Core Building,35.18572251
351,봉선시장,3111,봉선1동주민센터,406,126.91040613,Bongseon Market,35.12781445
352,봉선시장,3110,제석초교,407,126.91010996,Bongseon Market,35.12793246
353,두암라인동산아파트,4185,문화초교,408,126.93538889,Duam Line Dongsan Apt.,35.17166111
354,두암라인동산아파트,4172,대주빌라,409,126.93563333,Duam Line Dongsan Apt.,35.17156944
355,문흥라인동산아파트,4234,문흥금호아파트,410,126.92590402,Munheung Line Dongsan Apt.,35.18892209
356,문흥라인동산아파트,4235,문흥라인아파트,411,126.9259476,Munheung Line Dongsan Apt.,35.18943566
357,송산유원지(종점),,,412,126.73963547,Songsan Recreation Area (Last stop),35.16244556
358,첨단초교,5420,첨단라인아파트,414,126.83723563,Cheomdan Elementary School,35.21889323
359,남평양우내안애1차(나주행),,,415,126.8514257,Nampyeong Yangwoo naeanae 1,35.04181739
360,첨단2동행정복지센터,5445,첨단부영아파트,416,126.84260688,Cheomdan 2(i)-dong Administration Welfare Center,35.2150683
361,첨단사거리,5454,첨단라인아파트,417,126.84086857,Cheomdan Sageori,35.21793502
362,첨단도서관,5415,월계중,418,126.831626,Cheomdan Library,35.217172
363,어룡초교,5259,정광고입구,419,126.79227222,Eoryong Elementary School,35.15579444
364,어룡초교,5258,소촌스위트밸리,420,126.79238056,Eoryong Elementary School,35.15617222
365,신동사거리,5165,도산역,421,126.78912817,Sindong Sageori,35.13386496
366,라인효친,3119,송림주택,422,126.91799808,Line Hyochin Apt.,35.12761987
367,대안,,이룡,423,126.703201,Daean,35.099253
368,대안,,덕림,424,126.703279,Daean,35.09916157
369,럭키아파트,2313,염주체육관,425,126.87466389,Lucky Apt.,35.13788889
370,럭키아파트,2314,화정남초교,426,126.87468056,Lucky Apt.,35.13796389
371,첨단롯데마트,5451,첨단호반3차아파트,427,126.85267778,Cheomdan Lotte Mart,35.21663333
372,첨단롯데마트,5450,폭스존,428,126.85289722,Cheomdan Lotte Mart,35.21666111
373,라온유치원 건너편,,LH3단지,429,126.7794375,Raon Kindergarten,35.0127946
374,롯데백화점,1119,대인광장(동),430,126.91095556,Lotte Department Store,35.15438611
375,롯데백화점,4520,광주학생운동기념탑,431,126.91055833,Lotte Department Store,35.15431111
376,폭스존,5424,첨단롯데마트,432,126.85273056,Fox Zone,35.22096389
377,폭스존,4124,정부광주지방합동청사입구,433,126.85292778,Fox Zone,35.22012778
378,정부광주지방합동청사입구,5425,폭스존,434,126.849695,Gwangju Regional Government Complex Entrance,35.221781
379,라온유치원 앞,,라온초등학교,435,126.7795711,Raon Kindergarten,35.0128796
380,롯데칠성,4031,KT&G광주제조창,436,126.87598333,Lotte Chilsung Beverage,35.19896389
381,롯데칠성,4030,코카콜라,437,126.875825,Lotte Chilsung Beverage,35.19884167
382,마당고개,4452,박물관입구,438,126.877275,Madang Pass,35.19090833
383,마령,6224,패밀리농장,439,126.665232,Maryeong,35.202594
384,김대중컨벤션센터(마륵)역,2132,전남고입구,440,126.84040335,Kimdaejung Convention Center (Mareuk) Station,35.14251563
385,장성마산,6215,녹진,441,126.791125,Jangseong Masan,35.26311111
386,담양소방서,,,445,126.97371488,,35.31868594
387,담양소방서,,,446,126.97329109,,35.31844958
388,삼다리입구,,,447,126.96477828,,35.31802105
389,삼다리입구,,,448,126.96371075,,35.31799478
390,가산리,,,449,126.95542373,,35.31504679
391,화정무등파크,2281,해태아파트,450,126.87874501,Hwajeong Mudeung Park Apt.,35.1574304
392,가산리,,,451,126.95555234,,35.31492435
393,미산,,,452,126.95127704,,35.31138975
394,미산,,,453,126.95163913,,35.31064996
395,구련,,,454,126.94500576,,35.30840436
396,구련,,,455,126.94500039,,35.30831571
397,주평리,,,456,126.94133891,,35.30682377
398,주평리,,,457,126.94141937,,35.30677671
399,풍수리2구,,,458,126.93992546,,35.30530138
400,풍수리2구,,,459,126.94000325,,35.30520069
401,문화마을,,,460,126.93532734,,35.30343536
402,정부광주지방합동청사입구,4125,정부광주지방합동청사,461,126.849317,Gwangju Regional Government Complex Entrance,35.221945
403,문화마을,,,462,126.93538634,,35.30333686
404,송강정종점,,,463,126.95307581,,35.25343111
405,수동,6296,만수리,468,126.95271111,Sudong,35.01675
406,선교,1184,교동,469,126.948529,Seongyo,35.089119
407,말바우시장(남),4425,동강대,470,126.92167117,Malbawoo market(South),35.17051374
408,말바우시장(동),4164,말바우시장(서),471,126.92448237,Malbau Market (East),35.17248039
409,말바우시장(동),4165,무등도서관,472,126.92483439,Malbau Market (East),35.17238829
410,말바우시장(서),4416,말바우시장(동),473,126.92113611,Malbau Market (West),35.17151944
411,말바우시장(서),4417,평화맨션,474,126.92142778,Malbau Market (West),35.17152778
412,석곡동행정복지센터,4287,용호(북구),475,126.94863994,Seokgok-dong Welfare Center,35.21282789
413,석곡동행정복지센터,4288,월산(석곡),476,126.94846715,Seokgok-dong Welfare Center,35.21281737
414,대한적십자사,4210,매곡대화아파트,477,126.891688,Korean Red Cross,35.193815
415,매곡삼익아파트,4205,용봉쌍용아파트,478,126.89427778,Maegok Samik Apt.,35.18824444
416,매화동(장성),6250,진원초교,479,126.82736111,Maehwadong(Jangseong),35.2669
417,맥동,5043,흑석,480,126.75385278,Maekddong,35.20278056
418,가마,5032,명도삼거리,481,126.703045,Gama,35.171363
419,산수2동행정복지센터,1031,동산아파트,482,126.93647222,Sansu 2(i)-dong Administration Welfare Center,35.15383056
420,명지맨션,3180,제일맨션,483,126.892625,Myeongji Mansion Apt.,35.13911667
421,명지맨션,3181,무등시장,484,126.89193056,Myeongji Mansion Apt.,35.1398
422,모아제일아파트,2064,5.18기념문화센터,485,126.861516,Moa Jeil Apt.,35.158405
423,라인효친,3118,모아2차아파트,486,126.91749463,Line Hyochin Apt.,35.12753538
424,모아2차아파트,3107,라인효친,487,126.91415948,Moa 2nd Apt.,35.12795817
425,모아2차아파트,3106,봉선삼익사거리,488,126.91414799,Moa 2nd Apt.,35.12808684
426,송정모아아파트,5151,송정파출소(남),491,126.802,Songjeong Moa Apt.,35.141075
427,송정모아아파트,5150,상전,492,126.80193056,Songjeong Moa Apt.,35.14116667
428,문흥라인아파트,4237,문흥중앙초교,493,126.92349817,Munheung Line Apt.,35.18622763
429,모아제일아파트,2065,상무호반3차,494,126.861353,Moa Jeil Apt.,35.158269
430,버들마을,2192,광명하이츠후문,495,126.86271667,Beodeul Village,35.16185029
431,상무호반3차,2068,모아제일아파트,496,126.86305652,Sangmu Hoban 3rd Apt.,35.15948757
432,광산구노인복지관,5289,운남삼성아파트,497,126.81568661,Gwangsan-gu Senior Welfare Center,35.17170556
433,광산구노인복지관,5290,영천초교,498,126.81539254,Gwangsan-gu Senior Welfare Center,35.1719301
434,광주기아챔피언스필드,4490,임동한국아델리움1차,499,126.890232,Gwangju-Kia Champions Field,35.168626
435,광주기아챔피언스필드,4489,경신여고,500,126.890658,Gwangju-Kia Champions Field,35.168471
436,광주기아챔피언스필드입구,4336,태봉새마을금고,501,126.89195,Gwangju-Kia Champions Field Entrance,35.168678
437,무등도서관,4175,말바우시장(동),502,126.92702097,Mudeung Library,35.17564123
438,무등도서관,4174,광주병원,503,126.92650412,Mudeung Library,35.17440439
439,무등시장,3221,명지맨션,504,126.89420278,Mudeung Market,35.13702222
440,무등시장,3182,무등시장입구(북),505,126.89363056,Mudeung Market,35.1376
441,무등시장입구(남),3211,백운초교(남),506,126.89577576,Mudeung Market Entrance (South),35.13367413
442,무등시장입구(북),3223,무등시장,507,126.89586725,Mudeung Market Entrance (North),35.1349516
443,무등시장입구(북),3224,백운우체국(북),508,126.895598,Mudeung Market Entrance (North),35.135008
444,무등시장입구(남),3222,서남하이츠,509,126.89503734,Mudeung Market Entrance (South),35.13376963
445,소태역,1096,광주남초교,510,126.93259416,Sotae Station,35.12330497
446,소태역,1095,지원2동주민센터,511,126.932347,Sotae Station,35.123021
447,산수무등파크,1038,장원초교(동),512,126.940248,Sansu Mudeung Park Apt.,35.157128
448,도산동행정복지센터,5015,송정호반아파트,513,126.79239675,Dosan-dong Welfare Center,35.12873099
449,각화무등파크,4222,각화초교,514,126.93468611,Gakhwa Mudeung Park Apt.,35.17818333
450,각화무등파크,4173,신흥맨션,515,126.93494722,Gakhwa Mudeung Park Apt.,35.17863056
451,화정무등파크,2280,화정중흥파크,516,126.87959281,Hwajeong Mudeung Park Apt.,35.15724737
452,학동무등파크,1163,삼익세라믹,517,126.93157778,Hak-dong Mudeung Park Apt.,35.13265278
453,무양서원,5430,봉산중,518,126.83974885,Muyangsewon Confucian Academy,35.20872135
454,무양서원,5429,방송통신대,519,126.84048994,Muyangsewon Confucian Academy,35.2088766
455,무진중,3199,월산초교,520,126.90051667,Mujin Middle School,35.144625
456,무진중,3198,대성초교,521,126.89953333,Mujin Middle School,35.14471944
457,유동사거리,4534,수창초교후문,522,126.90658333,Yu-dong Sageori,35.15973056
458,문산중,4227,문흥금호아파트,523,126.92362021,Munsan Middle School,35.19007736
459,문산중,4228,문흥1동주민센터,524,126.92403611,Munsan Middle School,35.19099722
460,문성석재,6316,구암2리,525,127.077012,Munseong Stone,35.021853
461,문화아파트,4177,문화초교,526,126.93194722,Munhwa Apt.,35.17535278
462,문화아파트,4176,광신아파트,527,126.93229167,Munhwa Apt.,35.1754
463,광주예술의전당,4441,운암시장,529,126.88071389,Gwangju Arts Center,35.17545278
464,광주예술의전당후문,4443,체육고/폴리텍5대학,530,126.88034463,Gwangju Arts Center Back Gate,35.17874036
465,문화중,4419,광주병원,531,126.92346389,Munhwa Middle School,35.17749722
466,문화중,4418,현대아파트,532,126.92363889,Munhwa Middle School,35.17759722
467,문화초교,4178,두암초교,534,126.93269444,Munhwa Elementary School,35.17321667
468,문화초교,4179,신흥맨션,535,126.93278611,Munhwa Elementary School,35.17255278
469,문흥명지아파트,4231,샛터코아,536,126.92434195,Munheung Myeongji Apt.,35.1840342
470,문흥중,4238,자연과학고,537,126.92001235,Munheung Middle School,35.18655627
471,문흥1동행정복지센터,4229,문산중,538,126.92181024,Munheung 1(il)-dong Administration Welfare Center,35.18774064
472,문흥1동행정복지센터,4230,샛터코아,539,126.921275,Munheung 1(il)-dong Administration Welfare Center,35.18735556
473,문흥고가,4223,문흥명지아파트,540,126.92907519,Munheung Overpass,35.18135642
474,문흥고가,4180,광주병원,541,126.928675,Munheung Overpass,35.18144444
475,문흥중앙초교,4246,문화근린공원,543,126.92139722,Munheung Jungang Elementary School,35.18345278
476,문흥중앙초교,4245,문흥라인아파트,544,126.92166283,Munheung Jungang Elementary School,35.18349606
477,문흥지구입구(서),4240,문흥금호아파트,545,126.93346981,Munheung District Entrance (West),35.18960143
478,제일장식,6619,화순부영아파트,546,126.99244722,Jeil Jangsik,35.05675
479,화순미륭아파트,6379,고려병원,547,126.99230833,Hwasun Miryung Apt,35.05745278
480,국립광주박물관입구,4454,마당고개,548,126.880775,Gwangju National Museum Entrance,35.18688056
481,국립광주박물관입구,4206,체육고/폴리텍5대학,549,126.87992222,Gwangju National Museum Entrance,35.18716389
482,국립광주박물관,4199,시립민속박물관,550,126.881921,Gwangju National Museum,35.186279
483,국립광주박물관,4200,체육고/폴리텍5대학,551,126.883304,Gwangju National Museum,35.186455
484,반촌/마한유적체험관,5171,보건대입구,552,126.851064,Banchon/Mahan Historic Experience Center,35.192218
485,방림교,3360,우영아파트,553,126.92309444,Bangnimgyo Bridge,35.13380278
486,방림삼거리,3084,송림주택,554,126.91853649,Bangnim Samgeori,35.13377207
487,방송통신대,5433,무양서원,555,126.83714722,Korea National Open University,35.20963889
488,방송통신대,5434,산월초교입구,556,126.83734397,Korea National Open University,35.20941141
489,방혜,5334,구강리,557,126.774284,Banghye,35.193037
490,백길마을,5515,연동 동길,558,126.78391944,Baekgil Village,35.21073611
491,백동,6318,용생,559,127.00696389,Baekdong,35.04063889
492,동원촌,5396,비아동주민센터(앞),2513,126.82839444,Dongwonchon,35.221225
493,반촌/마한유적체험관,5170,산동교,2523,126.85135239,Banchon/Mahan Historic Experience Center,35.19167322
494,산동교,5176,반촌,2525,126.85760918,Sandonggyo Bridge,35.18966555
495,남부대,5427,무양서원입구,2527,126.84301409,Nambu University,35.20687877
496,첨단1동행정복지센터,5409,광주교통방송/광주디자인센터,2534,126.84211,Cheomdan 1(il)-dong Administration Welfare Center,35.218626
497,금남로4가역,1112,금남로5가역,2547,126.9136387,Geumnamno 4(sa)-ga Station,35.15147237
498,진원면사무소,6265,평촌,2548,126.833792,Jinwonmyeon Office,35.272565
499,살레시오고입구,4470,살레시오고,2549,126.90009913,Salessio High School Entrance,35.21524379
500,진원동초교,6263,초동,2551,126.86372778,Jinwon Dong Elementary School,35.25933333
501,과기원,4685,쌍암공원,2574,126.84098697,GIST(Gwangju Institute of Science and Technology),35.22469831
502,풍기산업,4126,전남과학대학포스트비,2602,126.86697778,Poongki Industrial,35.23508611
503,현진기업,4138,한국광기술원,2604,126.86038333,Hyunjin Enterprise,35.23438056
504,첨단삼성전자,4116,폭스존,2605,126.852791,Cheomdan Samsung Electronics,35.226266
505,광주경제진흥상생일자리재단,5115,삼영특수강,2612,126.81444167,Gwangju Win-Win Job Foundation for Economy Promotion,35.20901389
506,첨단삼성전자,4115,산업인력공단,2617,126.853085,Cheomdan Samsung Electronics,35.225176
507,신창호반아파트,5113,전자공고,2621,126.8384294,Sinchang Hoban Apt.,35.19891934
508,하남3지구모아엘가,5570,장수동,2628,126.794791,Hanam 3 District Moaelga,35.182663
509,생룡,4045,우치공원,2631,126.898809,Saengnyong,35.22909
510,연제현대아파트,4076,연제새한아파트,2632,126.87263611,Yeonje Hyundai Apt.,35.19788333
511,경신여고,4435,광천파출소,2657,126.88857538,Gyeongsin Girls' High School,35.17282483
512,내남입구,1075,주남,2667,126.94061668,Naenam Entrance,35.09606858
513,능주사거리,6289,능주교,2669,126.95798333,Neungju 4-Way Junc,34.99201111
514,문흥금호아파트,4232,문흥지구입구(동),2671,126.9266088,Munheung Kumho Apt.,35.19076258
515,동산초교,1061,법원,2673,126.93644167,Dongsan Elementary School,35.14933333
516,봉정,5618,삼도초교,2677,126.69371945,Bongjeong,35.16344986
517,방림삼거리,3085,학림교,2687,126.91818219,Bangnim Samgeori,35.13344209
518,용연동,1104,용연정수장,2690,126.962321,Yongyeon-dong,35.094001
519,용연정수장,1106,용연동,2691,126.955625,Yongyeon Purification Plant,35.091165
520,월산동행복주택아파트,3191,닭전머리,2703,126.89968611,Wolsan Haengbok Apt,35.15236111
521,호남삼육고,3248,대광여고,2710,126.89476111,Honam Samyook High School,35.13015
522,비시동,5339,천동(광산구),2716,126.75695833,Bisidong,35.21349444
523,덕흥삼거리,2350,화니미지로,2718,126.83816135,Deokheung Samgeori,35.16740169
524,도림,5130,삼도초교,2723,126.70096389,Dorim,35.16655
525,삼도초교,5128,지동(광산구),2724,126.70049072,Samdo Elementary School,35.16282982
526,송산교,5226,송산유원지(종점),2725,126.740269,Songsan-gyo(Bridge),35.154302
527,서봉마을,5240,샛터마을,2726,126.75036944,Seobong Village,35.15160833
528,샛터마을,5239,호남대광산캠퍼스,2727,126.75668611,Saetteo Village,35.15102222
529,호남대,5265,선암,2728,126.76837098,Honam University,35.14923567
530,선암,5242,매방골,2729,126.77291821,Seonam,35.15053815
531,임동교,5383,연계삼거리,2732,126.733335,Imdonggyo Bridge,35.229539
532,연동리,6145,죽림,2733,126.95861389,Yeondong-li,35.26448333
533,안청,5531,도천교,2734,126.805575,Ancheong,35.21673889
534,송강정,6413,유산리,2735,126.95549033,Songgangjeong,35.2518098
535,첨단대우아파트,5413,첨단도서관,2736,126.831417,Cheomdan Daewoo Apt.,35.220006
536,동산교차로(남),2120,매월종합상가입구,2751,126.852703,Dongsan Intersection (South),35.124331
537,서광중,3096,백운우체국(북),2753,126.90408889,Seogwang Middle School,35.13688889
538,서광중,3097,석산고,2754,126.90441667,Seogwang Middle School,35.13680833
539,석산고,3098,수피아여고,2755,126.90817778,Seoksan High School,35.13628056
540,석산고,3099,서광중,2756,126.90853611,Seoksan High School,35.13603333
541,수피아여고,3101,석산고,2757,126.91044444,Speer Girls' High School,35.13499722
542,수피아여고,3100,기독병원,2758,126.91065,Speer Girls' High School,35.13504444
543,기독병원,3173,수피아여고,2759,126.91363333,Christian Hospital,35.13688333
544,기독병원,3172,학강초교,2760,126.91392222,Christian Hospital,35.13689444
545,학강초교,3175,학강교,2761,126.91673056,Hakgang Elementary School,35.13773056
546,학강초교,3176,기독병원,2762,126.91766111,Hakgang Elementary School,35.13824722
547,계림사거리,1001,서방시장(서),2765,126.9202272,Gyerim Sageori,35.16240965
548,서방사거리육교,1010,서방시장(남),2766,126.919807,Seobang Sageori Overpass,35.1637481
549,교육대,1706,풍향삼거리,2767,126.92340336,Gwangju National University of Education,35.16366785
550,풍향삼거리,1707,두암지구입구,2768,126.92778228,Punghyang Samgeori,35.16244868
551,교육대,4561,서방시장(남),2769,126.92325354,Gwangju National University of Education,35.16401505
552,서방사거리육교,1009,계림사거리,2770,126.91955278,Seobang Sageori Overpass,35.16369444
553,계림사거리,1002,광주고,2771,126.920025,Gyerim Sageori,35.16229444
554,광주공원,1109,천교,2772,126.90966293,Gwangju Park,35.14987617
555,천교,4528,양동시장,2773,126.906487,Cheongyo Bridge,35.152471
556,양동복개쇼핑센터,4525,양동시장역(북),2774,126.9045274,Yangdong Bokga Shopping Center,35.15394298
557,양동시장역(천변),4683,양동시장역(천변),2775,126.90202682,Yangdong Market Station (Riverside),35.15594356
558,발산교(남),2158,발산,2776,126.894939,Balsangyo Bridge (South),35.158585
559,임동오거리,4501,북성중,2777,126.897544,Im-dong Ogeori,35.159689
560,북성중,4493,광주일고,2778,126.90171561,Buksung Middle School,35.15855774
561,북성중,4521,임동오거리,2779,126.90408084,Buksung Middle School,35.15781271
562,요한병원,4526,임동농협,2780,126.901252,St. John of God Hospital,35.159414
563,임동오거리,4500,전남방직,2781,126.898076,Im-dong Ogeori,35.159795
564,양동교,2162,양동시장역(천변),2782,126.896654,Yangdonggyo Bridge,35.158754
565,양동복개쇼핑센터,4524,천교,2783,126.90359167,Yangdong Bokga Shopping Center,35.15429167
566,천교,2173,광주공원,2784,126.90580556,Cheongyo Bridge,35.15183889
567,광주공원,3137,충장치안센터,2785,126.909825,Gwangju Park,35.14842222
568,양림교,3174,학강초교,2786,126.91776811,Yangnimgyo Bridge,35.14038552
569,용산교(동구),1103,가야농원,2794,126.93136389,Yongsangyo Bridge (Dong-gu),35.12075556
570,향교,3144,KBC방송국,2828,126.909608,Hyanggyo Confucian School,35.14556
571,향교,3143,중앙대교(서),2829,126.90908429,Hyanggyo Confucian School,35.14490379
572,한국은행,2242,시청,2831,126.84864733,Bank of Korea,35.15804108
573,한국은행,2241,지적공사,2832,126.848045,Bank of Korea,35.15786402
574,한국국토정보공사,2238,한국은행,2835,126.84864005,Korea Land and Geospatial Informatix Corp.,35.15638113
575,한국국토정보공사,2237,한국수자원공사,2836,126.84804872,Korea Land and Geospatial Informatix Corp.,35.15579429
576,두암지구입구,1020,두암타운후문,2842,126.931232,Duam District Entrance,35.158782
577,두암지구입구,1021,산수오거리,2843,126.93078725,Duam District Entrance,35.15917061
578,운암시장,4448,경신여고,2847,126.882369,Unam Market,35.174383
579,풍향시장,1708,두암지구입구,2848,126.92923889,Punghyang Market,35.16177646
580,풍향삼거리,4567,교육대,2849,126.92778985,Punghyang Samgeori,35.16276651
581,운암시장,4449,운암3단지,2867,126.88271044,Unam Market,35.17451811
582,현대자동차,2051,전남방직,2872,126.88507778,Hyundai Motors,35.16108625
583,현대자동차,2008,광천터미널,2873,126.88569722,Hyundai Motors,35.16138157
584,농협운천지점,2214,한국수자원공사,2876,126.848689,Nonghyup Uncheon Branch,35.14840116
585,농협운천지점,2213,상무라인대주,2877,126.84807076,Nonghyup Uncheon Branch,35.14873039
586,전남공고입구,5198,신창동,2878,126.84708612,Jeonnam Technical High School Entrance,35.1951322
587,전남공고입구,5199,보건대입구,2879,126.84670267,Jeonnam Technical High School Entrance,35.19507843
588,신창용수마을,5190,전자공고,2880,126.84410404,SinChang Yong Su Town,35.19857973
589,서영대,4427,동림우미린아파트,2887,126.87067912,Seoyeong university,35.17567603
590,동천마을1단지,4153,동림I.C입구,2889,126.86066811,Dongcheon Village Apt. Complex 1,35.1723453
591,풍영정입구,5300,극락역입구,2890,126.83671733,Pungyeongcheong entrance,35.17782686
592,동림I.C입구,2460,동천마을1단지,2893,126.852454,Dongnim IC Entrance,35.173816
593,동천마을1단지,2464,동천마을3단지,2894,126.86001868,Dongcheon Village Apt. Complex 1,35.17211353
594,서영대,4428,운암초교,2895,126.870961,Seoyeong university,35.175845
595,매방골,5228,보문고,2896,126.77669722,Maebanggol,35.15156111
596,안청,5530,안청농협,2910,126.80556111,Ancheong,35.21681111
597,하남산단4번로삼거리,5551,경방,2916,126.804703,Hanamsandan 4(sa)beon-ro Samgeori,35.190363
598,첨단부영아파트,5453,첨단호반3차아파트,2919,126.84583544,Cheomdan Booyoung Apt.,35.2113386
599,명상의집,4464,교통연수원입구,2926,126.90221,Myeongsangui-jip Retreat House,35.215907
600,월계중,5404,첨단도서관,2933,126.833222,Wolgye Middle School,35.218894
601,북구차량등록민원실,4550,북구청,2937,126.91226245,Buk-gu Vehicle Registration Office,35.17258771
602,두암초교,4189,문화초교,2938,126.93267222,Duam Elementary School,35.16827222
603,봉선라인아파트,3123,봉선삼익아파트(남),2939,126.90917778,Bongseon Line Apt.,35.12552778
604,신창용수마을,5189,전남공고입구,2942,126.84382892,SinChang Yong Su Town,35.19855781
605,광주은행양산동지점,4062,양산택지사거리,2945,126.87564961,Kwangju Bank Yangsan-dong Branch,35.21094054
606,양지초교,4070,양지마을,2946,126.878839,Yangji Elementary School,35.208325
607,동아제약,4027,양산호수공원,2947,126.8755706,Dong-A Pharmaceutical,35.20672933
608,동아제약,4026,양지초교,2948,126.87571236,Dong-A Pharmaceutical,35.20657737
609,양지초교,4069,양산택지사거리,2949,126.87904646,Yangji Elementary School,35.20824504
610,광주은행양산동지점,4061,신흥택시,2950,126.87558314,Kwangju Bank Yangsan-dong Branch,35.21108302
611,자연과학고,4366,문흥1동주민센터,2951,126.91650556,Natural Science High School,35.18676667
612,문흥금호아파트,4233,문흥라인동산아파트,2952,126.92676245,Munheung Kumho Apt.,35.19093975
613,대인광장(서),4519,수창초교후문,2953,126.91092691,Daein Plaza (West),35.15638361
614,풍암사거리(동),2260,공구단지,2955,126.86138927,Pungam Sageori (East),35.1224794
615,풍암사거리(동),2261,마재우체국,2957,126.86112778,Pungam Sageori (East),35.12180977
616,동광주IC입구,4220,광주병원,2958,126.93097298,East Gwangju IC Entrance,35.18274707
617,동광주IC입구,4221,농산물공판장,2959,126.9313568,East Gwangju IC Entrance,35.18274575
618,농산물공판장,4684,동광주진입로,2960,126.9322225,Agricultural Wholesale Market,35.184758
619,농산물공판장,4217,문흥지구입구(동),2961,126.93256379,Agricultural Wholesale Market,35.18467675
620,문흥지구입구(남),4239,농산물공판장,2962,126.93370219,Munheung District Entrance (South),35.18827063
621,남구청,3206,주월중입구,2964,126.902565,Nam-gu Office,35.131575
622,한국수자원공사,2240,농협운천지점,2965,126.84806377,Korea Water Resources Corporation,35.15252425
623,한국수자원공사,2239,지적공사,2966,126.84868595,Korea Water Resources Corporation,35.1522614
624,사직공원앞,1125,중앙대교(동),2971,126.914496,Sajik Park Front,35.14454
625,농성중흥파크,2039,서광주전화국,2972,126.89219175,Nongseong Jungheung Park Apt.,35.15625687
626,농성중흥파크,2038,발산교(남),2973,126.892633,Nongseong Jungheung Park Apt.,35.15654
627,사직공원앞,3139,양림교,2975,126.91387,Sajik Park Front,35.144134
628,단사공원,1064,동산초교옆,2976,126.939872,Dansa Park,35.148256
629,단사공원,1065,지산유원지입구,2977,126.939854,Dansa Park,35.148143
630,지산유원지입구,1071,지산유원지,2978,126.944466,Jisan Recreation Area Entrance,35.149165
631,매일시장입구,1052,살레시오여고,2979,126.93179444,Maeil Market Entrance,35.14828056
632,매일시장입구,1053,지산2동주민센터,2980,126.93177222,Maeil Market Entrance,35.14823333
633,지산2동행정복지센터,1068,동산초교옆,2981,126.93560278,Jisan 2(i)-dong Administration Welfare Center,35.14766944
634,삼원맨션,4385,용봉우미아파트,2985,126.90214167,Samwon Mansion Apt.,35.18091111
635,진흥고,5200,수문초교입구,2986,126.84140278,Jinheung High School,35.19522222
636,양산호반2차,4067,지산중학교,2987,126.88142041,Yangsan Hoban 2nd Apt.,35.21237212
637,양산호반2차,4068,양산택지사거리,2988,126.88144367,Yangsan Hoban 2nd Apt.,35.21285234
638,동림교,4146,동림삼익아파트,2989,126.86406667,Dongnimgyo Bridge,35.17513889
639,운암초교,4433,서영대학교,2990,126.87197269,Unam Elementary School,35.17959546
640,운암초교,4460,운암3단지,2991,126.87214397,Unam Elementary School,35.17949738
641,발산교(북),2159,양동시장역(북),2993,126.895079,Balsangyo Bridge (North),35.15941
642,화훼단지,2155,공구단지,2995,126.855043,Floricultural Complex,35.1167
643,동천동행정복지센터,2462,동천마을3단지,2996,126.86383649,Dongcheon-dong  Administration Welfare Center,35.17008859
644,동천동행정복지센터,2461,칠성마을사거리,2997,126.86357778,Dongcheon-dong  Administration Welfare Center,35.17006944
645,비엔날레전시관,4381,비엔날레전시관,2998,126.890722,Biennale Exhibition Hall,35.182447
646,유덕동행정복지센터,2196,화니미지로,2999,126.853147,Yudeok-dong Administration and Welfare Center,35.164623
647,유덕동행정복지센터,2195,유덕치안센터,3000,126.8528401,Yudeok-dong Administration and Welfare Center,35.164518
648,유촌마을입구,2200,유덕동주민센터,3001,126.854605,Yuchon Village Entrance,35.165723
649,유촌마을입구,2199,극락초교,3002,126.854825,Yuchon Village Entrance,35.165868
650,도촌,3016,대촌동주민센터,3003,126.836962,Dochon,35.077511
651,대촌동행정복지센터,3009,하지석,3004,126.834266,Daechon-dong Administration Welfare Center,35.081111
652,이장2동,3056,이장1동,3005,126.85782778,Ijang 2(i)-dong,35.08826944
653,송암공단,3154,송원대학,3009,126.88110516,Songam Industrial Complex,35.11032264
654,문성고,3120,진월리채3차,3012,126.906993,Munseong High School,35.122148
655,문성고,3121,봉선대화아파트,3013,126.907212,Munseong High School,35.122032
656,진월저수지(서),3244,효덕동주민센터,3014,126.903707,Jinwol Reservoir (West),35.113281
657,진월동행정복지센터,3246,광주대입구,3016,126.90051389,Jinwol-dong Administration Welfare Center,35.11215278
658,봉선삼익아파트(북),3128,봉선삼익사거리,3018,126.91324493,Bongseon Samik Apt. (North),35.12584585
659,도동,3151,도동교,3023,126.88556667,Dodong,35.09990833
660,산수무등파크,1037,신양파크호텔,3026,126.9399001,Sansu Mudeung Park Apt.,35.156992
661,장등마을,4312,장동마을,3027,126.92970556,Jangdeung Village,35.21511111
662,변전소,4281,망향동산길,3028,126.93150048,Electrical Substation,35.20656228
663,계림초교후문,1012,4.19기념관,3029,126.92521,Gyerim Elementary School Back Gate,35.16031
664,지산입구,4107,용전사거리(남),3034,126.88934462,Jisan Entrance,35.23342651
665,지산초교,4112,대원정사,3035,126.88533266,Jisan Elementary School,35.22948657
666,지산중,4110,건국동파출소,3041,126.88119923,Jisan Middle School,35.21651518
667,지산중,4109,양산호반2차,3042,126.88138142,Jisan Middle School,35.21628086
668,분토(북구),4285,신촌 윗길(4수원지),3044,126.95344444,Bunto (Buk-gu),35.19740278
669,단전,5504,하남파출소,3045,126.797043,Danjeon,35.18349
670,전남방직,4507,현대자동차,3047,126.893999,Chonbang Textile,35.160944
671,전남방직,4508,임동오거리,3048,126.894107,Chonbang Textile,35.160606
672,흑석사거리(동),5578,흑석사거리(남),3050,126.810953,Heukseok Sageori (East),35.180088
673,흑석사거리(서),5580,흑석사거리(동),3051,126.806694,Heukseok Sageori (West),35.180028
674,금호전기,5501,두산테크택,3082,126.804616,Kumho Electric,35.206729
675,세방전지,5524,정우화학,3088,126.79491944,Global Battery Co. Ltd,35.18835
676,광산소방서입구,5573,정우화학,3093,126.79499,Gwangsan Fire Station Entrance,35.185215
677,세방전지,5525,백제화학,3094,126.79510278,Global Battery Co. Ltd,35.188375
678,금호전기,5500,하남삼성전자사거리(북),3095,126.804356,Kumho Electric,35.206577
679,첨단대우아파트,5414,동원촌,3096,126.831546,Cheomdan Daewoo Apt.,35.220243
680,신용마을,4055,용산마을,3098,126.879507,Sinyong Village,35.244156
681,금당,4015,석수정,3099,126.86927347,Geumdang,35.24072958
682,석수정,4048,금당,3100,126.87224205,Seoksujeong,35.2421164
683,석수정,4047,신용마을,3101,126.87225967,Seoksujeong,35.2418694
684,용전사거리(북),4104,지산마을,3102,126.893401,Yongjeon Sageori (North),35.236655
685,한양아파트,4134,연제현대아파트,3105,126.87520556,Hanyang Apt.,35.1979
686,상선,5471,공군부대,3116,126.780735,Sangseon,35.117621
687,서작,5286,대덕아파트,3118,126.81336379,Seojak,35.15616564
688,화순역,6389,벽라리(화순역),3124,126.961761,Hwasun Station,35.052203
689,동면,6311,천동(화순),3132,127.04201944,Dongmyeon,35.03070556
690,다도초교,6027,도래,3138,126.82054167,Dado Elementary School,34.99941389
691,다도초교,6026,행정,3139,126.82069444,Dado Elementary School,34.99938333
692,산림자원연구소,6030,국립나주병원,3140,126.81993783,Forest Resources Research Institute,35.00706052
693,하칠석.고싸움전수관,3068,어전,3142,126.83513754,Hachilseok / Gossaum Training Center,35.06996674
694,체육고.폴리텍대학,4461,문화예술회관,1359,126.880707,Physical Education High School.Korea Polytechnics,35.181955
695,체육고.폴리텍대학,4462,광주박물관,1360,126.88100748,Physical Education High School.Korea Polytechnics,35.18272076
696,초동,6268,진원동초교,1361,126.8631901,Chodong,35.251399
697,충장로5가입구,1133,광주공원(동),1365,126.91107778,Chungjangno 5(o)-ga Entrance,35.15055833
698,충장로5가입구,1132,금남로4가역,1366,126.91141494,Chungjangno 5(o)-ga Entrance,35.15064429
699,충장사(남),4322,풍암정,1367,126.98065,Chungjangsa Shrine (South),35.161575
700,충장사(남),4321,화암,1368,126.98079722,Chungjangsa Shrine (South),35.16165833
701,충장치안센터,1135,중앙대교(동),1369,126.91344167,Chungjang Police Patrol & Services Center,35.14860833
702,충장동행정복지센터,1134,향교입구,1370,126.91286944,Chungjang-dong Welfare Center,35.14807778
703,충장치안센터,1136,국립아시아문화전당,1371,126.91375078,Chungjang Police Patrol & Services Center,35.14863304
704,치평중,2090,금호초교,1372,126.86050833,Chipyong Middle School,35.14458333
705,칠성마을,2203,광천동,1373,126.86410642,Chilseong Village,35.16618771
706,광천동,2179,삼우아파트,1374,126.86708783,Gwangcheon-dong,35.16609779
707,광천동,2178,칠성마을,1375,126.8667499,Gwangcheon-dong,35.16630349
708,칠성마을,2204,버들주공1단지,1376,126.864529,Chilseong Village,35.166355
709,5.18민주화운동기록관,1137,국립아시아문화전당,1377,126.916271,May 18th Archives,35.149429
710,코카콜라,4119,롯데칠성,1378,126.87940833,Coca-Cola,35.19780278
711,코카콜라,4118,오비맥주,1379,126.87891944,Coca-Cola,35.197675
712,태봉새마을금고,4354,신안동주민센터,1381,126.8955136,Taebong Community Credit Cooperative,35.16769649
713,태봉새마을금고,4355,경신여고(일방로),1382,126.89420717,Taebong Community Credit Cooperative,35.16830187
714,가야농원,1091,용산교(동구),1383,126.93017222,Gaya Nongwon,35.12352222
715,가야농원,1092,빛고을복지회관,1384,126.93025833,Gaya Nongwon,35.12364722
716,영천마을9단지,5320,흑석사거리(동),1385,126.80873755,Yeongcheon Village Apt. Complex 9,35.17536812
717,영천마을9단지,5319,월곡시장,1388,126.80839567,Yeongcheon Village Apt. Complex 9,35.17549401
718,산정중입구,5567,산정초교,1389,126.803175,Sanjeong Middle School Entrance,35.17033611
719,산정중입구,5566,하남중,1390,126.802754,Sanjeong Middle School Entrance,35.170228
720,하남철강,5569,구 하남북초교,1391,126.80055833,Hanam Steel,35.21344167
721,광주테크노파크,4131,광주테크노파크후문,1392,126.86026667,Gwangju Techno Park,35.22831389
722,광주테크노파크후문,4122,광주테크노파크,1393,126.86312222,Gwangju Techno Park Back Gate,35.23053611
723,광주테크노파크후문,4123,한국광기술원,1394,126.86306667,Gwangju Techno Park Back Gate,35.23059167
724,풍암정,4330,안양사,1395,126.98708851,Pungamjeong Pavilion,35.16032836
725,풍암정,4329,충장사(남),1396,126.98715038,Pungamjeong Pavilion,35.16021082
726,도산동행정복지센터,5014,송정초등학교,1397,126.79281322,Dosan-dong Welfare Center,35.12897935
727,현대교통,5644,공군부대후문,1398,126.779828,Hyundai Transportation Co.,35.120647
728,평동역(동),5486,월전,1399,126.76878231,Pyeong-dong Station (East),35.12481125
729,평동우체국,5488,평동역(동),1401,126.76125,Pyeong-dong Post Office,35.12453056
730,평림,5082,동호,1404,126.690889,Pyeongnim,35.167753
731,평산리(장성),6221,승가입구,1405,126.78960278,Pyeongsan-li(Jangseong),35.24044444
732,평촌,6270,진원면사무소,1406,126.83865278,Pyeongchon,35.2653
733,동부시장,4557,말바우시장(서),1407,126.91775009,Dongbu Market,35.17275364
734,동부시장,4556,북구청,1408,126.91733064,Dongbu Market,35.17297133
735,학동평화맨션,1164,홍림교,1409,126.93278611,Hak-dong Pyeonghwa Mansion Apt.,35.13033889
736,효동초교입구,4551,북구차량등록민원실,1410,126.91112203,Hyodong Elementary School Entrance,35.16973523
737,마재우체국,2246,풍암저수지,1413,126.86491667,Majae Post Office,35.12419167
738,마재우체국,2245,풍암사거리(동),1414,126.86360718,Majae Post Office,35.12407184
739,풍암저수지,2265,마재우체국,1416,126.8696067,Pungam Reservoir,35.12587402
740,풍암저수지,2264,풍암모아아파트,1417,126.87013889,Pungam Reservoir,35.12559167
741,풍향시장,4570,기산복합상가,1418,126.92960642,Punghyang Market,35.16193815
742,단전,5505,하남홈플러스,1419,126.796555,Danjeon,35.183635
743,안청농협,5532,구 하남북초교,1421,126.80132,Ancheong Nonghyup,35.216423
744,구 하남북초교,5496,진성,1422,126.79489722,Former Hanam Buk Elementary School,35.21340833
745,하남철강,5568,안청농협,1423,126.80050556,Hanam Steel,35.21323611
746,하남3지구모아엘가,5571,단전,1424,126.795128,Hanam 3 District Moaelga,35.181806
747,광산소방서입구,5572,단전,1425,126.794722,Gwangsan Fire Station Entrance,35.185214
748,양림교,1145,서남대병원,1426,126.91746447,Yangnimgyo Bridge,35.14193626
749,학동(본량),5089,화산(장성),1427,126.669878,Hak-dong (Bollyang),35.191885
750,학동증심사입구역,1151,학동시장,1428,126.92751916,Hak-dong/Jeungsimsa Temple Station,35.13449619
751,학동증심사입구역,1152,학2마을아파트,1429,126.926928,Hak-dong/Jeungsimsa Temple Station,35.134789
752,조선대병원,1149,전남대병원/남광주시장,1430,126.92540326,Chosun University Hospital,35.13701257
753,조선대병원,1150,학동증심사입구역,1431,126.92529722,Chosun University Hospital,35.13665556
754,학림교,3082,방림삼거리,1432,126.921311,Hangnimgyo Bridge,35.135827
755,학림교,1153,양림휴먼시아2차,1433,126.922258,Hangnimgyo Bridge,35.136048
756,학운초교,1166,동산마을입구,1434,126.947922,Hagun Elementary School,35.13311
757,한국광기술원,4128,산업인력공단사거리,1435,126.85843611,Korea Photonics Technology Institute,35.23295833
758,한국광기술원,4129,대촌마을입구,1436,126.85864904,Korea Photonics Technology Institute,35.23303689
759,한국단자공업,5118,새한철강,1437,126.81695833,Korea Electric Termial,35.21366667
760,한국병원,2205,솔뫼타운,1438,126.86931456,Hankook Hospital,35.1571174
761,한국병원,2278,상무1동주민센터,1439,126.86908563,Hankook Hospital,35.15687398
762,산업인력공단사거리,4039,구신한포토닉스,1440,126.85768056,Human Resources Development Service Sageori,35.22811667
763,산업인력공단사거리,4040,한국광기술원,1441,126.85788841,Human Resources Development Service Sageori,35.22799577
764,금호한국아파트,2011,금호시영아파트,1442,126.85949847,Kumho Hanguk Apt.,35.13341419
765,금호한국아파트,2012,서창농협,1443,126.85909444,Kumho Hanguk Apt.,35.13347778
766,풍암한국아파트,2267,신암마을,1444,126.88114971,Pungam Hanguk Apt.,35.12100584
767,일신초교,4487,일동초교,1445,126.89625766,Ilsin Elementary School,35.21047216
768,일신초교,4486,일곡대림2차아파트,1446,126.89529522,Ilsin Elementary School,35.21026401
769,풍암한국아파트,2266,풍암한신아파트,1447,126.88072251,Pungam Hanguk Apt.,35.1211601
770,한국알프스,5575,하남공단체육공원,1448,126.79893333,ALPS Electric Korea,35.19678611
771,계수초교,2231,상무지구,1449,126.845445,Gyesu Elementary School,35.1553101
772,계수초교,2230,상무대우아파트,1450,126.845536,Gyesu Elementary School,35.155079
773,한보요업,6376,다지2구,1451,126.999311,Hanbo Ceramics,35.046898
774,한보요업,6375,정수장입구,1452,126.999311,Hanbo Ceramics,35.047089
775,화순용곡마을,6428,화순부영3차아파트,1453,126.99776389,Hwasun Yonggokmaeul,35.06047222
776,화순용곡마을,6427,화순전남대병원입구,1454,126.99780278,Hwasun Yonggokmaeul,35.06032778
777,동구문화센터,1108,학동평화맨션,1455,126.930521,Dong-gu Culture Center,35.12844
778,동구문화센터,1107,광주남초교,1456,126.930109,Dong-gu Culture Center,35.128587
779,일동초교,4485,일동중,1457,126.89414971,Ildong Elementary School,35.2068883
780,일동초교,4484,일신초교,1458,126.89438238,Ildong Elementary School,35.20650117
781,오치한전(북),4378,도로교통공단 대신파크,1459,126.90511944,Ochi KEPCO (North),35.18598889
782,오치한전,4377,도로교통공단 대신파크,1460,126.90570449,Ochi KEPCO,35.18501869
783,오치한전,4361,용봉중,1461,126.90562443,Ochi KEPCO,35.18559839
784,소촌서라아파트,5245,금호타이어,1463,126.7903,Sochon Seora Apt.,35.14695278
785,소촌서라아파트,5246,중앙초교,1464,126.79039722,Sochon Seora Apt.,35.14681944
786,오치한전옆,4362,도로교통공단 대신파크,1465,126.90713812,Side of Ochi KEPCO,35.18428916
787,오치한전옆,4363,오정초교입구,1466,126.90712691,Side of Ochi KEPCO,35.18413654
788,전대동창회관,4559,중흥삼거리(남),1467,126.9143977,Chonnam University Alumni Hall,35.16613786
789,전대동창회관,4558,서방시장(남),1468,126.91381667,Chonnam University Alumni Hall,35.16602222
790,해태아파트,2279,기아자동차,1469,126.87483889,Haitai Apt.,35.15745278
791,해태아파트,2206,한국병원,1470,126.87376389,Haitai Apt.,35.15765556
792,해태제과,4137,광주다문화가족지원거점센터,1471,126.87671667,Haitai Confectionary & Foods,35.19533611
793,해태제과,4136,롯데칠성,1472,126.87696111,Haitai Confectionary & Foods,35.19524722
794,목련마을8단지,5299,수완중흥S-클래스 2차,1473,126.814517,Mongryeon Village Apt. Complex 8,35.179823
795,엔씨백화점,4539,광주역,1474,126.90779589,NC Department Store,35.16171258
796,방림교,1699,학림교,1475,126.92538889,Bangnimgyo Bridge,35.13250556
797,일동중,4483,향토음식박물관,1476,126.89408745,Ildong Middle School,35.20351358
798,일동중,4482,일동초교,1477,126.89435585,Ildong Middle School,35.20420761
799,일곡청솔4차아파트,4479,월산(삼각동),1478,126.90114894,Ilgok Cheongsol 4th Apt.,35.20687105
800,일곡현대3차아파트,4608,유격훈련장,1479,126.901431,Ilgok Hyundai 3rd Apt.,35.209946
801,용봉현대3차아파트,4397,비엔날레전시관,1480,126.8956115,Yongbong Hyundai 3rd Apt.,35.18134344
802,용봉현대3차아파트,4398,용봉동성당,1481,126.89545948,Yongbong Hyundai 3rd Apt.,35.18165544
803,현대아파트,4249,문화중,1482,126.91751389,Hyundai Apt.,35.17905833
804,현대아파트,4426,주공아파트,1483,126.91861111,Hyundai Apt.,35.17892778
805,화정현대아파트,2285,화정역,1484,126.87663333,Hwajeong Hyundai Apt.,35.15431389
806,쌍촌현대아파트,2071,솔뫼타운,1485,126.865013,Ssangchon Hyundai Apt.,35.157798
807,쌍촌현대아파트,2072,모아제일아파트,1486,126.865353,Ssangchon Hyundai Apt.,35.157961
808,화정현대아파트,2286,기아자동차,1487,126.87674722,Hwajeong Hyundai Apt.,35.15393611
809,KBI하남,5552,오선동,1489,126.80085556,KBI Hanam,35.20240278
810,KBI하남,5553,하남삼성전자사거리(북),1490,126.800825,KBI Hanam,35.20220278
811,서광주세무서,2091,운천(호남대입구)역,1491,126.86077778,Seogwangju District Tax Office,35.15095833
812,서광주세무서,2075,쌍촌역,1493,126.86321944,Seogwangju District Tax Office,35.15104444
813,장원초교(북),1039,율곡초교,1494,126.93575878,Jangwon Elementary School(North),35.15737214
814,장원초교(북),1040,장원초교(동),1495,126.935443,Jangwon Elementary School(North),35.157717
815,상무호반3차,2069,광명하이츠후문,1497,126.86329493,Sangmu Hoban 3rd Apt.,35.1597497
816,첨단호반3차아파트,5458,첨단부영아파트,1498,126.84863333,Cheomdan Hoban 3rd Apt.,35.21146944
817,첨단호반3차아파트,5459,첨단롯데마트,1499,126.84899072,Cheomdan Hoban 3rd Apt.,35.21128777
818,비아호반아파트,5102,비아119안전센터(북),1500,126.824079,Bia Hoban Apt.,35.223348
819,첨단라인아파트,5449,첨단사거리,1501,126.83877988,Cheomdan Line Apt.,35.21760184
820,송정호반아파트,5012,도산동주민센터,1502,126.78973695,Songjeong Hoban Apt.,35.12682613
821,송정호반아파트,5013,공군부대후문,1503,126.78969941,Songjeong Hoban Apt.,35.12699506
822,광주중,2016,동산교차로(남),1504,126.85532586,Gwangju Middle School,35.12599707
823,신창호반아파트,5114,수문초교입구,1505,126.8382812,Sinchang Hoban Apt.,35.19906039
824,광주중,2015,마재종원아파트,1506,126.855433,Gwangju Middle School,35.125806
825,비아호반아파트,5103,비아농협,1507,126.8242101,Bia Hoban Apt.,35.2232701
826,첨단생활체육공원,5456,보훈병원후문,1508,126.85128056,Cheomdan Sports Park,35.21011111
827,첨단생활체육공원,5455,첨단롯데마트,1509,126.85158487,Cheomdan Sports Park,35.21003511
828,홍림교,1168,연진회미술원,1510,126.93594444,Hongnimgyo Bridge,35.13170833
829,홍림교,1167,학동무등파크,1511,126.93534444,Hongnimgyo Bridge,35.13208611
830,화산(장성),6244,녹서,1512,126.666431,Hwasan(Jangseong),35.196823
831,화순제일중,6399,대리교통광장(서),1513,126.976375,Hwasun Jeil Middle School,35.05441111
832,화순광업소,6332,구암1리,1514,127.06990833,Hwasun Mining Office,35.03333611
833,화순광업소,6331,넘은골,1515,127.070025,Hwasun Mining Office,35.03342778
834,화순교(남),6429,고려병원,1516,126.98925833,Hwasungyo(Bridge),35.059625
835,화순교(남),6618,,1517,126.98938611,Hwasungyo(Bridge),35.05961389
836,화순교(동),6377,화순우체국,1518,126.98936389,Hwasungyo(Bridge),35.06040278
837,대리교통광장(서),6343,벽라리(화순역),1520,126.97137625,Daeri Traffic plaza(West),35.05329041
838,화순군선거관리위원회,6382,이십곡리,1521,126.980528,Hwasun-gun Election Commission,35.063388
839,화순군선거관리위원회,6381,화순공공도서관입구,1522,126.981078,Hwasun-gun Election Commission,35.063268
840,화순부영3차아파트,6384,화순용곡마을,1523,126.99409444,Hwasun booyoung 3rd Apt.,35.06035833
841,화순부영3차아파트,6383,화순부영아파트,1524,126.99419444,Hwasun booyoung 3rd Apt.,35.06051389
842,화순시장,6387,화순중(북),1525,126.98256944,Hwasun Market,35.05960278
843,화순역,6390,계소리1구,1526,126.962542,Hwasun Station,35.052624
844,화순영재교육원,6333,용생,1527,127.01455,Hwasun Education Center for Gifted,35.031975
845,화순우체국,6392,화순부영아파트,1528,126.99149167,Hwasun Post Office,35.06039722
846,화순주유소,6403,화순시장,1529,126.98374444,Hwasun Gas Station,35.06130556
847,화순전남대병원,6396,정수장입구,1532,127.00196667,Hwasun Jeonnam University Hospital,35.05919722
848,화순전남대병원,6395,화순전남대병원입구,1533,127.002129,Hwasun Jeonnam University Hospital,35.059115
849,화순전남대병원입구,6397,화순용곡마을,1534,126.99963333,Hwasun Jeonnam University Hospital Etrance,35.06040278
850,화순전남대병원입구,6398,화순전남대병원,1535,127.00035,Hwasun Jeonnam University Hospital Etrance,35.06024722
851,화순중(북),6406,화순제일중,1536,126.97970833,Hwasun Middle School,35.05699444
852,화순중(남),6407,화순터미널,1537,126.97900556,Hwasun Middle School,35.05562778
853,화순터미널,6411,만연빌딩,1538,126.98313333,Hwasun Terminal,35.05568889
854,화암,4332,충장사(남),1539,126.96954167,Hwaam,35.15453333
855,화암,4331,4수원지위,1540,126.96963333,Hwaam,35.154375
856,학운초교,1165,성촌,1541,126.948146,Hagun Elementary School,35.133046
857,염주사거리(서),2307,염주주공,1542,126.87400594,Yeomju Sageori (West),35.14354122
858,화정남초교,2315,럭키아파트,1543,126.87298611,Hwajeong Nam Elementary School,35.13895278
859,화정남초교,2316,염주사거리(동),1544,126.87316944,Hwajeong Nam Elementary School,35.13919444
860,화정역,2296,잿등,1545,126.87766436,Hwajeong Station,35.1523247
861,화정역,2282,서석고,1546,126.87793056,Hwajeong Station,35.15203611
862,화정사거리,2294,광덕고,1549,126.87827978,Hwajeong Sageori,35.1500266
863,화정사거리,2295,화정현대아파트,1550,126.87832049,Hwajeong Sageori,35.1502519
864,유니버시아드힐스테이트,2297,화정중,1551,126.88425556,Universiade Hill State,35.147525
865,유니버시아드힐스테이트,2298,농성파출소,1552,126.88485833,Universiade Hill State,35.14770833
866,화정중,2299,염주맨션,1553,126.88216389,Hwajeong Middle School,35.14533889
867,화정중,2300,화정주공,1554,126.88228889,Hwajeong Middle School,35.14552881
868,화정중흥파크,2283,서구보건소,1556,126.88317701,Hwajeong Jungheung Park Apt.,35.15533289
869,화정중흥파크,2284,신세계백화점,1557,126.883617,Hwajeong Jungheung Park Apt.,35.155025
870,하남산단5번로 교차로,5494,송원철강,1558,126.80464722,Hanamsandan 5(o)beon-ro Intersection,35.19483611
871,오선동,5537,진곡 동길,1559,126.795325,Oseon-dong,35.20045556
872,황산,5091,북성,1560,126.71738056,Hwangsan,35.17813889
873,광주학생독립운동기념관,2077,치평중,1561,126.86463056,Gwangju Student Independence Movement Memorial Hall,35.14484722
874,동부교육청,4542,향토문화거리입구,1563,126.91321944,Dongbu District Office of Education,35.16844167
875,동부교육청,4543,중흥2동주민센터,1564,126.91358056,Dongbu District Office of Education,35.168525
876,흑석,5086,산수보건소,1566,126.75085556,Heukseok,35.19586667
877,흑석사거리(동),5322,수완중흥S-클래스 2차,1568,126.80966619,Heukseok Sageori (East),35.1798927
878,흑석사거리(서),5579,하남초교,1569,126.807363,Heukseok Sageori (West),35.180224
879,CBS방송국,2014,금호시영아파트,1571,126.85850938,CBS (Christian Broadcasting System),35.14010847
880,CBS방송국,2013,상무중,1572,126.858826,CBS (Christian Broadcasting System),35.140561
881,5.18기념공원,2060,시청,1573,126.85510095,May 18th Memorial Park,35.15608056
882,5.18기념공원,2061,상무병원,1574,126.85472939,May 18th Memorial Park,35.15609737
883,대성초교,3145,대성사거리,1576,126.90710009,Daesung Elemntary School,35.14366417
884,북구문화센터/KT&G광주공장,4078,롯데칠성,1577,126.87431389,Buk-gu Culture Center/KT&G Gwangju Factory,35.20145
885,북구문화센터/KT&G광주공장,4077,양산호수공원,1578,126.87476389,Buk-gu Culture Center/KT&G Gwangju Factory,35.20115833
886,김대중컨벤션센터(마륵)역,2131,월암,1579,126.84009597,Kimdaejung Convention Center (Mareuk) Station,35.14270966
887,한국알프스,5574,호남샤니,1580,126.79934444,ALPS Electric Korea,35.19656944
888,중소기업진흥공단호남연수원,4313,용호(북구),1581,126.93545488,SBC Honam Training Institute,35.20246536
889,월암,2144,서창입구,1583,126.83716484,Woram,35.14127662
890,동천우미린아파트,4155,동림교,1584,126.86928621,Dongcheon Woomi Lynn Apt,35.17187045
891,공군부대후문,5003,현대교통,1585,126.78743381,Air Unit Back Gate,35.12582397
892,보문고,5237,매방골,1589,126.78074722,Bomun High School,35.15212222
893,매방골,5229,선암,1591,126.77703889,Maebanggol,35.15175278
894,선암,5243,호남대광산캠퍼스,1592,126.77270392,Seonam,35.15079313
895,호남대,5266,샛터마을,1593,126.76855498,Honam University,35.14954606
896,샛터마을,5238,서봉마을,1594,126.75650842,Saetteo Village,35.15129444
897,서봉마을,5241,동명고,1595,126.7502816,Seobong Village,35.15194562
898,송산교,5227,중방,1596,126.73997115,Songsan-gyo (Bridge),35.15432568
899,동명고,5224,송산유원지,1598,126.73924185,Dongmyoung High School,35.15512836
900,송산유원지,5251,송산유원지(종점),1599,126.73818611,Songsan Recreation Area,35.15833611
901,송산유원지(종점),5249,송산유원지(종점),1601,126.73952,Songsan Recreation Area (Last stop),35.1625
902,중방,5148,운평,1603,126.73588889,Jungbang,35.15289167
903,운평,5144,가삼,1604,126.7316301,Unpyeong,35.153135
904,죽산,5146,풍숙,1605,126.729427,Juksan,35.168004
905,풍숙,5084,본량삼거리,1606,126.728046,Pungsuk,35.172649
906,가삼,5119,송산,1609,126.72201312,Gasam,35.15667177
907,송산,5139,동백훈련장,1610,126.71639167,Songsan,35.15880921
908,동백훈련장,5133,지동(광산구),1611,126.71120824,Dongbaek Army Training Center,35.159738
909,지동(광산구),5136,삼도초교,1612,126.70779731,Jidong (Gwangsan-gu),35.16062721
910,삼도초교,5127,봉정,1613,126.70156075,Samdo Elementary School,35.16297995
911,도림,5129,명도삼거리,1615,126.70098056,Dorim,35.1667
912,명도삼거리,5044,도림,1616,126.69983704,Myeongdo Samgeori,35.16999225
913,봉정,5617,금복중,1618,126.69377683,Bongjeong,35.16362615
914,금복중,5616,삼암,1619,126.684808,Geumbuk Middle School,35.161816
915,삼암,5613,삼도삼거리,1620,126.6791901,Samam,35.162644
916,삼도삼거리,5635,광주시립인광병원,1621,126.674652,Samdo Samgeori,35.163617
917,삼도서초교,5611,칠성,1622,126.67200566,Samdo Seo Elementary School,35.16038727
918,칠성,5609,칠성삼거리,1623,126.67214579,Chilseong,35.15733874
919,마암,5606,용성자동차학원,1625,126.66345346,Maam,35.15046301
920,용성자동차학원,5603,상무자동차학원,1626,126.65900334,Yongseong Driving Academy,35.15001681
921,대야,5589,우치,1630,126.67339904,Daeya,35.13731884
922,우치,5591,쌍내,1631,126.66711398,Uchi,35.13838436
923,망월(쌍내입구),5593,망월,1632,126.66355278,Mangwol(Ssangnae Entrance),35.13640833
924,용산,5595,대봉삼거리,1633,126.66147222,Yongsan,35.13746667
925,양화,5597,대봉,1634,126.65997644,Yanghwa,35.13893888
926,대봉,5599,상무자동차학원,1635,126.6608022,Daebong,35.14241344
927,상무자동차학원,5601,용성자동차학원,1636,126.65930881,Sangmoo Driving Academy,35.14866681
928,가산(북),5587,가산,1640,126.67716954,Gasan(North),35.13410027
929,가산,5585,대산삼거리,1641,126.67896207,Gasan,35.13025933
930,송학입구,5140,광산구유스호스텔,1643,126.68395869,Songhak Entrance,35.1205197
931,광산구유스호스텔,5122,내기마을,1647,126.68461234,Gwangsan-gu Youth Hostel,35.1155642
932,내기마을,5123,신동마을,1648,126.691415,Naegi Village,35.111716
933,신동마을,5142,복굴,1649,126.69288611,Sindong Village,35.10980697
934,복굴,5137,학동마을,1650,126.699052,Bokgul,35.110945
935,학동마을,5492,대덕마을,1651,126.705378,Hakdong Village,35.112764
936,대덕마을,5466,명동삼거리,1652,126.712112,Daedeok Village,35.113641
937,명동삼거리,5047,명화동,1653,126.71575,Myeongdong Samgeori,35.12132778
938,월곡마을,5636,연동,1654,126.70770862,Wolgok Village,35.12446316
939,연동,5655,회룡(광산),1655,126.70006667,Yeondong,35.12383056
940,회룡(광산구),5493,도야,1656,126.69576389,Hoeryong (Gwangsan-gu),35.123975
941,도야,5131,신광(삼도),1657,126.68923333,Doya,35.12576667
942,신광(삼도),5141,대산,1658,126.68443658,Singwang (Samdo),35.12771709
943,대산,5124,대산삼거리,1659,126.6814817,Daesan,35.12888856
944,대산삼거리,5125,송학교회앞,1660,126.68011725,Daesan Samgeori,35.12873478
945,명화동,5467,축산시험장,1661,126.72164167,Myeonghwa-dong,35.12274444
946,축산시험장,5484,용강입구,1662,126.7353067,Livestock Experiment Station,35.12379239
947,용강입구,5475,기곡,1663,126.7371815,Yonggang Entrance,35.12437512
948,기곡,5462,용곡입구,1664,126.74254177,Gigok,35.12605306
949,용곡입구,5477,평동초교,1665,126.74484665,Yonggok Entrance,35.12624926
950,평동초교,5490,옥동,1666,126.75603305,Pyeongdong Elementary School,35.12602862
951,옥동,5473,평동우체국,1667,126.75852672,Ok-dong,35.12530407
952,상선,5470,하선,1669,126.780478,Sangseon,35.11787
953,하선,5027,평호동,1670,126.77957338,Haseon,35.11186566
954,평호동,5025,유림,1671,126.77884051,Pyeonghodong,35.10756476
955,유림/관두,5021,동곡,1672,126.77759319,Yurim.Gwandu,35.10098485
956,동곡,5016,호가정,1673,126.77392222,Donggok,35.09727222
957,호가정,5029,창교,1674,126.77254808,Hogajeong Pavilion,35.0913345
958,창교,5023,용봉입구,1675,126.77208094,Changgyo,35.08640692
959,용봉입구,5019,창교,1676,126.76720728,Yongbong Entrance,35.08124794
960,용봉마을,5018,용봉입구,1677,126.76979444,Yongbong Village,35.07411667
961,용봉입구,5020,성산마을,1678,126.76714617,Yongbong Entrance,35.08144317
962,성산마을,6024,노안남초교,1679,126.757975,Seongsanmaeul,35.07332778
963,노안남초교,6019,노안교회(광신여객하행),1680,126.75178056,Noan nam Elementary School,35.06661389
964,동산마을,6021,산정(나주),1681,126.74904444,Dongsanmaeul(Naju),35.06156944
965,산정(나주),6060,천동입구,1682,126.73772222,Sanjeong(Naju),35.05343056
966,나주북초교,6056,나주농협송현지점,1683,126.72588889,Naju Buk Elementary School,35.05125278
967,나주동신대,6054,싸이클경기장,1684,126.72032222,Naju Dongshin University,35.04896389
968,나주중앙병원,6048,나주터미널,1688,126.72008037,Naju Police Station,35.03568107
969,나주터미널,6058,나주경찰서,1690,126.721125,Naju  Bus Terminal,35.03355
970,성북아파트,6049,천주교사거리,1691,126.72059309,Naju Police Station,35.035831
971,성북육교,6062,나주금성고,1693,126.71695,Seongbuk Overpass,35.03628333
972,나주금성고,6051,정렬사사거리,1694,126.71594444,Naju Geumseong High School,35.03906667
973,나주금성고,6050,성북육교,1695,126.71498889,Naju Geumseong High School,35.03865278
974,천주교사거리,6061,나주경찰서,1696,126.71653056,,35.03578056
975,나주동신대,6055,나주농협송현지점,1698,126.72046944,Naju Dongshin University,35.04873889
976,나주농협송현지점,6053,나주북초교,1699,126.72296389,Naju Nonghyup Songhyun Branch,35.050625
977,천동입구,6068,산정(나주),1700,126.73126111,Cheondong Entrance,35.05205556
978,산정(나주),6059,동산마을,1701,126.73786667,Sanjeong(Naju),35.05332222
979,동산마을,6022,노안남초교,1702,126.74850278,Dongsanmaeul(Naju),35.06083889
980,노안남초교,6020,쌈지공원,1703,126.75186389,Noan nam Elementary School,35.06637222
981,성산마을,6023,용봉입구,1704,126.759077,Seongsanmaeul,35.0738601
982,창교,5024,호가정,1706,126.77256743,Changgyo,35.08670974
983,호가정,5030,동곡,1707,126.77279416,Hogajeong Pavilion,35.09139355
984,동곡,5017,유림,1708,126.77512922,Donggok,35.09810127
985,유림/관두,5022,평호동,1709,126.77811083,Yurim.Gwandu,35.10179577
986,평호동,5026,하선,1710,126.77895748,Pyeonghodong,35.10690436
987,하선,5028,상선,1711,126.77964311,Haseon,35.11094257
988,공항,5628,장암마을,1713,126.81082441,Airport,35.14145893
989,서창사거리,2129,서창농협 벽진지점,1716,126.831185,Seochang Sageori,35.139377
990,서창농협벽진지점,2125,마산(서창),1717,126.83047222,Seochang Nonghyup Byeokjin Branch,35.13313611
991,마산(서창),2105,동하,1718,126.83115278,Masan (Seochang),35.12758056
992,동하,2104,서창동주민센터,1719,126.83290556,Dongha,35.12162222
993,서창동행정복지센터,2127,절골입구(서),1720,126.82957222,Seochang-dong Administration and Welfare Center,35.11430833
994,불암,2116,매월동(북),1721,126.83640536,Buram,35.11061214
995,매월동(북),2109,대동고,1723,126.844456,Maewol-dong (North),35.112597
996,대동고,2100,화훼단지,1724,126.8484592,Daedong High School,35.11359568
997,서부자동차매매단지,2123,종합유통단지,1726,126.856128,Seobu Automobile Dealing Center,35.113987
998,종합유통단지,2097,서부농수산물도매시장,1727,126.85905,Complex Distribution Center,35.115246
999,서부농수산물도매시장,2121,공구단지,1729,126.858137,Seobu Agricultural & Marine Products Market,35.117484
1000,공구단지,2092,풍암사거리(동),1732,126.858924,Tools Market,35.119704
1001,매월종합상가입구,2094,운리마을,1733,126.860707,Maewol Shopping Complex Entrance,35.12001
1002,운리마을,2250,동명회/송원고,1734,126.86776944,Ulli Village,35.11521389
1003,동명회.송원고,2243,송원대학,1735,126.86989167,DongMyung Welfare Society / Songwon High School,35.11401111
1004,송암공단입구,3155,남선산업,1738,126.87846895,Songam Industrial Complex Entrance,35.10852441
1005,남선산업,3150,송하삼익아파트,1739,126.88488056,Namsun Industry,35.10765833
1006,송하삼익아파트,3159,광주대입구,1740,126.89286705,Songha Samik Apt.,35.11035011
1007,대성여고,3235,동성고,1744,126.89849453,Daesung Girls' High School,35.11800804
1008,송하삼익아파트,3160,남선산업,1746,126.893374,Songha Samik Apt.,35.110818
1009,남선산업,3149,인성고,1747,126.88547615,Namsun Industry,35.10818732
1010,송암공단입구,3156,송원대학,1748,126.87844569,Songam Industrial Complex Entrance,35.10890044
1011,동명회.송원고,2244,운리마을,1755,126.87055556,DongMyung Welfare Society.Songwon High School,35.1141
1012,운리마을,2249,풍암대주아파트,1756,126.86770833,Ulli Village,35.11550556
1013,풍암대주아파트,2257,풍암사거리(동),1757,126.86335604,Pungam Daeju Apt.,35.1193759
1014,공구단지,2093,화훼단지,1758,126.858067,Tools Market,35.119337
1015,화훼단지,2154,대동고,1759,126.85374,Floricultural Complex,35.116452
1016,대동고,2099,매월동(북),1760,126.84894167,Daedong High School,35.11417222
1017,절골입구(서),2147,중촌,1762,126.82871264,Jeolgol Entrance (West),35.11076085
1018,중촌,2140,서창치안센터,1763,126.82295,Jungchon,35.11015
1019,서창치안센터,2136,용두입구,1764,126.820966,Seochang Police Patrol & Services Center,35.107397
1020,용두입구,2141,봉학,1765,126.82165454,Yongdu Entrance,35.09963894
1021,학동(서창),2152,개동,1767,126.82433775,Hak-dong (Seochang),35.0974931
1022,개동,3002,대촌한일베라체,1768,126.82743114,Gaedong,35.09238403
1023,대촌한일베라체,3013,지석사거리,1769,126.83097704,Daechon Hanil Verace Apt.,35.08217989
1024,지석사거리,3059,도촌,1770,126.83341887,Jiseok Sageori,35.081075
1025,에너지밸리입구,3010,상촌,1772,126.825587,Energy Valley Entrance,35.075938
1026,대지동상촌,3024,하촌,1773,126.82255278,Daejidong-sangchon,35.07400833
1027,대지동하촌,3066,육묘장,1774,126.818525,Daejidong-hachon,35.07332222
1028,육묘장,3052,신장,1775,126.8156601,Nursery Farm,35.070286
1029,신장,3040,무학초교,1777,126.81643546,Sinjang,35.05650618
1030,무학초교,3018,학촌,1778,126.80567222,Muhak Elementary School,35.06631389
1031,학촌,3070,도덕,1780,126.802842,Hakchon,35.064815
1032,도덕,3015,구소,1781,126.805168,Dodeok,35.059595
1033,구소,3003,,1783,126.81184444,Guso,35.05319167
1034,양촌(대촌),3043,유촌,1785,126.79377778,Yangchon(Daechon),35.06163611
1035,유촌,3049,승촌주택단지,1786,126.79006944,Yuchon,35.06002222
1036,승촌주택단지,3037,승촌,1787,126.78651667,Seungchon Housing Area,35.05800556
1037,승촌,3035,,1788,126.78398611,Seungchon,35.05636944
1038,월성,3047,지동,1789,126.80243889,Wolseong,35.06935556
1039,지동,3057,화장앞길,1790,126.804146,Jidong,35.0719001
1040,화장앞길,3077,화장뒷길,1791,126.803746,Hwajang Front Road,35.074001
1041,화장뒷길,3075,농막,1792,126.804238,Hwajang Back Road,35.075863
1042,농막,3006,시산,1793,126.8077101,Nongmak,35.082686
1043,시산,3039,석정,1794,126.8078,Sisan,35.08595278
1044,석정,3031,석교삼거리,1795,126.80908333,Seokjeong,35.08749722
1045,구룡(대촌),2096,마현,1797,126.81364655,Guryong (Daechon),35.09470918
1046,신용,2149,봉학,1798,126.81599167,Sinyong,35.09676111
1047,봉학,2113,용두입구,1799,126.81881167,Bonghak,35.09855055
1048,서창농협벽진지점,2126,서창입구,1802,126.83178333,Seochang Nonghyup Byeokjin Branch,35.13278889
1049,석곡파출소,4289,공원묘지입구,1805,126.94856274,Seokgok Police Box,35.21392324
1050,보촌2구,6082,보촌1구,1807,126.958363,Bochon District 2,35.222522
1051,보촌1구,6079,해평리,1808,126.963217,Bochon District 1,35.223124
1052,해평리,6091,고서사거리,1809,126.967221,Haepyeong-li,35.222339
1053,고서사거리,6070,고서중,1810,126.97335556,Goseo 4-Way Junc,35.22232778
1054,고서중,6071,교산,1812,126.978375,Goseo Middle School,35.224075
1055,교산,6074,연동(담양),1813,126.98461667,Gyosan,35.22499444
1056,연동(담양),6085,산덕,1814,126.99174167,Yeondong,35.22497222
1057,산덕,6084,오강리,1815,126.99739444,Sangdeok,35.22858056
1058,보평리,6186,창평고입구,1816,127.01171389,Bopyeong-li,35.23351389
1059,창평고입구,6189,창평초교,1817,127.014651,Changpyeong High School Entrance,35.237482
1060,창평초교,6191,창평훈련장,1818,127.018787,Changpyeong Elementary School,35.239667
1061,창평훈련장,6193,신갈,1819,127.02278333,Changpyeong Army Training Center,35.24153056
1062,신갈,6105,운암리1구,1821,127.02511111,Shingal,35.24514167
1063,대덕,6103,운암리1구,1822,127.03813889,Daedeok,35.24990556
1064,오강리,6187,산덕,1824,127.00513611,Ogang-li,35.22846667
1065,고서중,6072,고서면소재지,1825,126.97789444,Goseo Middle School,35.22404444
1066,고서사거리,6069,고서사거리,1826,126.97419444,Goseo 4-Way Junc,35.22256944
1067,해평리,6092,보촌1구,1828,126.967025,Haepyeong-li,35.22249167
1068,보촌1구,6080,보촌2구,1829,126.96318889,Bochon District 1,35.22331667
1069,보촌2구,6081,석곡파출소,1830,126.95715278,Bochon District 2,35.22325833
1070,석곡파출소,4274,용호(북구),1831,126.94879587,Seokgok Police Box,35.21453929
1071,주평,6090,원유동,1832,126.95626111,Jupyeong,35.23132778
1072,노안동,6075,담양월곡,1833,126.95574167,Noandong,35.23478056
1073,담양월곡,6077,원유동,1834,126.95512222,Damyang Wolgok,35.23808056
1074,유산리,6151,마산리,1835,126.95719722,Yusal-li,35.25496944
1075,죽림,6153,봉산치안센터,1836,126.96008611,Jungnim,35.26043333
1076,연동리,6146,봉산지서,1838,126.95871935,Yeondong-li,35.26419285
1077,탄금리,6156,봉산,1839,126.95873611,Tangeum-li,35.26939722
1078,봉산,6133,마항리,1840,126.95648611,Bongsan,35.2765
1079,삼지리,6137,황금리,1846,126.940125,Samji-li,35.26915
1080,황금리,6183,정중리,1847,126.93769722,Hwanggeum-li,35.27193611
1081,정중리,6179,개동리,1848,126.93628266,Jeongjung-li,35.27758056
1082,개동리,6158,남산마을입구,1849,126.9370023,Gaedong-li,35.28118813
1083,남산마을입구,6163,만화동,1850,126.93732902,Namsanmaeul Entrance,35.2842734
1084,만화동,6169,나산리,1851,126.93603879,Manhwadong,35.29078215
1085,나산리,6167,대흥리,1852,126.93509694,Nasanli,35.29390489
1086,하촌1길,6162,농협판매장,1853,126.93434598,Hachon 1-gil,35.29775051
1087,농협판매장,6165,수북사거리,1854,126.93236389,Agricultural Cooperative Product Market,35.30080556
1088,수북면사무소,6174,고성리,1855,126.92783333,Subukmyeon Office,35.30113333
1089,고성리,6159,월성(담양),1857,126.92371389,Goseong-li,35.29496111
1090,월성(담양),6177,성산리,1858,126.920865,Wolseong(Damyang),35.293237
1091,성산리,6115,행정리,1860,126.913959,Seongsan-li,35.289099
1092,행정리,6131,병풍리,1861,126.90886111,HaengJeong-li,35.28766667
1093,갑향리,6107,병풍리,1862,126.90224722,Gaphyang-li,35.28618611
1094,병풍리,6113,한재초교,1863,126.8980101,Byeongpung-1i,35.284838
1095,한재초교,6129,대전파출소(서),1865,126.890509,Hanjae Elementary School,35.278046
1096,대치,6111,종점,1866,126.88727778,Daechi,35.27655833
1097,한재중,6128,신남마을,1867,126.888556,Hanjae Middle School,35.274493
1098,시목,6118,응기,1868,126.88981389,Simok,35.26055556
1099,응기,6119,삼소동입구,1869,126.890756,Unggi,35.251165
1100,삼소동입구,4042,용산교(북구),1871,126.887518,Samso-dong Entrance,35.24637441
1101,용산교(북구),4087,용전사거리(북),1872,126.89058333,Yongsangyo Bridge (Buk-gu),35.24433889
1102,전통공예문화학교,4101,효령노인복지타운,1873,126.89776111,Traditional Crafts Culture School,35.24222222
1103,효령노인복지타운,4093,북초교,1877,126.910541,Hyoyeong Senior Welfare Town,35.243207
1104,북초교,4036,수곡,1878,126.914817,Buk Elemetary School,35.244187
1105,영락공원입구,4083,수곡,1880,126.915392,Yeongnak Cemetery Park Entrance,35.244154
1106,수곡,4049,두촌,1882,126.91912222,Sugok,35.24568333
1107,두촌,4028,단지삼거리,1883,126.922625,Duchon,35.24661111
1108,단지삼거리,4019,단지마을,1884,126.925496,Danji Samgeori,35.248936
1109,단지마을,4017,시립공원묘지,1885,126.92618056,Danji Village,35.24610556
1110,시립공원묘지,4051,공원묘지,1886,126.932625,Municipal Cemetery Park,35.23747778
1111,공원묘지,4271,국립5.18민주묘지,1887,126.93509722,Cemetery Park,35.23518889
1112,국립5.18민주묘지,4270,공원묘지,1888,126.94201,May 18th National Cemetery,35.231889
1113,어운,4301,주룡,1889,126.94508333,Eoun,35.22687222
1114,주룡,4316,복다우,1890,126.946425,Juryong,35.22325833
1115,복다우,4284,석곡파출소,1891,126.94806667,Bokdau,35.21809167
1116,공원묘지입구,4273,복다우,1892,126.94952174,Cemetery Park Entrance,35.21623142
1117,태령,4120,신평,1893,126.92774444,Taeryeong,35.25101389
1118,신평,6140,와우리,1894,126.93044167,Shinpyeong,35.25182222
1119,와우리,6147,양지,1895,126.93424167,Wauri,35.25305556
1120,양지,6141,월전(담양),1896,126.94060556,Yangji,35.25373611
1121,월전(담양),6149,양지분교,1897,126.94300833,Woljeon(Damyang),35.25384167
1122,솔가람고,6143,송강정종점,1898,126.94925,Solgaram high school,35.25443889
1123,송강정종점,6138,양지분교,1899,126.95364444,Songgangjeong,35.25305
1124,원유동,6088,담양월곡,1900,126.95373611,Wonyudong,35.24354722
1125,담양월곡,6078,노안동,1901,126.95455833,Damyang Wolgok,35.23895
1126,노안동,6076,주평,1902,126.955025,Noandong,35.23582222
1127,주평,6089,석곡파출소,1903,126.95597778,Jupyeong,35.23098056
1128,연천,6099,반석,1904,127.02790278,Yeoncheon,35.17715278
1129,반석,6096,전남교육연수원,1905,127.02213333,Banseok,35.17891944
1130,전남교육연수원,6101,소쇄원,1906,127.01329444,Jeollanamdo Educational Training Institute,35.18238056
1131,소쇄원,6098,닭뫼,1907,127.01192222,Soswaewon,35.18263611
1132,가사문학관,6094,충효동환벽당,1910,127.004485,Gasa Literary House,35.187297
1133,충효동환벽당,4327,광주호호수생태원,1912,127.002427,Chunghyo-dong Hwanbyeokdang Pavilion,35.186737
1134,광주호호수생태원,4325,수리,1913,127.00048611,Gwangjuho Lake Eco Park,35.18389167
1135,수리,4292,석제,1914,126.99970556,Suri,35.18248333
1136,무등산생태탐방원,4290,석저마을,1915,126.999056,Mudeungsan Nature Center,35.180485
1137,금곡,4276,충장사(북),1916,126.9988701,Geumgok,35.169752
1138,충장사(북),4324,화암,1917,126.98018611,Chungjangsa Shrine (North),35.16200556
1139,인성고,3167,송암동,1918,126.87879195,Inseong High School,35.1034968
1140,송암동,3158,향등,1919,126.87781,Songam-dong,35.100787
1141,광곡입구/빛여울초교,3146,임정,1920,126.86949,Gwanggok Entrance/Bityeoul Elementary School,35.10151
1142,임정,3170,이동입구,1921,126.866377,Imjeong,35.101201
1143,이동입구,3165,이동,1922,126.85921245,Idong Entrance,35.09589841
1144,향등,3073,양과동,1924,126.877388,Hyangdeung,35.090127
1145,양과동,3041,수춘,1925,126.87509263,Yanggwa-dong,35.08663792
1146,수춘,3032,이장1동,1926,126.867308,Suchun,35.085224
1147,이장1동,3053,이장2동,1927,126.861759,Ijang 1(il)-dong,35.087048
1148,이장2동,3055,복수,1928,126.85836073,Ijang 2(i)-dong,35.08823353
1149,복수,3020,포충사,1929,126.85615901,Boksu,35.0893098
1150,포충사,3021,원산,1930,126.84980306,Pochungsa Shrine,35.08964577
1151,원산,3046,상지석,1931,126.84447747,Wonsan,35.08861344
1152,상지석,3022,하지석,1932,126.84055038,Sangjiseok,35.0866645
1153,하지석,3065,대촌동주민센터,1933,126.83639828,Hajiseok,35.08368556
1154,대촌동행정복지센터,3008,도촌,1934,126.834087,Daechon-dong Administration Welfare Center,35.081208
1155,도촌,3017,상칠석,1936,126.83666111,Dochon,35.07749722
1156,상칠석,3069,하칠석/고싸움전수관,1937,126.83648611,Sangchilseok,35.07363056
1157,어전,6016,평산리,1938,126.835104,Eojeon,35.058647
1158,광이리,6004,남평교,1939,126.835284,Gwangui-li,35.054803
1159,남평교,6009,남평농협,1940,126.838496,Nampyeonggyo(Bridge),35.0506901
1160,남평농협,6012,남평정류장,1942,126.839732,Nampyeong Agricultural Cooperative Federation,35.046651
1161,나주축산농협,6008,연합의원,1943,126.84263333,Naju Livestock Agricultural Cooperative Federation,35.04544167
1162,광남고,6001,광주어망,1945,126.84207778,Gwangnam High School,35.03852778
1163,광주어망,6005,방축마을,1946,126.83698056,Kwangju Fishing Net,35.034925
1164,방축마을,6013,남평미래병원,1948,126.83299167,Bangchuk Maeul,35.03014444
1165,팔마아파트,6046,농업기술원,1949,126.83212222,Palma Apt,35.02625833
1166,매화동(나주),6041,식산,1951,126.828486,Maehwadong(Naju),35.019726
1167,산제아랫길,6045,산제 윗길,1952,126.82653889,Sanje Downside,35.01728611
1168,산제윗길,6043,국립나주병원,1953,126.82435,Sanje Upside,35.01437222
1169,국립나주병원,6034,산림자원연구소,1954,126.821275,Naju National Hospital,35.00941111
1170,도래,6029,해피니스골프장,1957,126.8209001,Dorae,34.997617
1171,행정,6033,산림자원연구소,1958,126.821712,HaengJeong,35.003201
1172,산제아랫길,6044,식산,1960,126.82620278,Sanje Downside,35.017125
1173,팔마아파트,6047,남평미래병원,1961,126.83212222,Palma Apt,35.02608056
1174,평산리,6017,광이리,3143,126.834787,Pyeongsan-li,35.0567701
1175,산림자원연구소,6031,행정,3144,126.81984167,Forest Resources Research Institute,35.00706111
1176,오강리,6188,의향리2구,3146,127.00515833,Ogang-li,35.22841389
1177,교산,6073,고서중,3148,126.98460833,Gyosan,35.22506111
1178,원천리,6121,월인,3150,126.89433611,Woncheol-li,35.27879722
1179,강의리,6110,태목,3151,126.90284089,Gangui-li,35.26609284
1180,태목,6126,시목,3152,126.89744722,Taemok,35.26191111
1181,용전사거리(남),4090,지산입구,3156,126.894131,Yongjeon Sageori (South),35.235586
1182,태목,6125,강의리,3157,126.8975,Taemok,35.26187778
1183,강의리,6109,갈전,3158,126.90295268,Gangui-li,35.26608173
1184,원천리,6122,한재초교,3159,126.89438056,Woncheol-li,35.27880833
1185,대전파출소(남),6467,한재초교,3160,126.88869377,Daejeon Police Box(South),35.27680496
1186,산수오거리,1026,두암지구입구,3161,126.9319251,Sansu Ogeori,35.15565072
1187,산수오거리(연천),1028,장원초교(서),3162,126.93138094,Sansu Ogeori (Yeoncheon),35.15640394
1188,선평선창마을입구,6203,장성백운,3165,126.778316,Seonpyeong Seonchangmaeul Entrance,35.246215
1189,선평선창마을입구,6204,선창,3166,126.77847778,Seonpyeong Seonchangmaeul Entrance,35.24619167
1190,승가마을,6206,평산리(장성),3167,126.7948901,Seunggamaeul,35.237186
1191,승가마을,6205,남면보건지소,3168,126.795021,Seunggamaeul,35.237017
1192,학산,6272,진원동초교,3177,126.864325,Haksan,35.26555
1193,학산,6273,상림,3178,126.86443831,Haksan,35.26552244
1194,한국생산기술연구원,4132,한국전자통신연구원,3179,126.84818304,Korea Institute of Industrial Technology,35.22702539
1195,한국생산기술연구원,4133,국립광주과학관,3180,126.84753064,Korea Institute of Industrial Technology,35.22655719
1196,한국전자통신연구원,4686,과기원,3181,126.84477308,Electronics and Telecommunications Research Institute,35.22588337
1197,한국전자통신연구원,4012,한국생산기술연구원/정부광주지,3182,126.84448678,Electronics and Telecommunications Research Institute,35.22555207
1198,우편집중국,5441,농산물품질관리원,3183,126.85131944,Mail Center,35.2179
1199,우편집중국,5403,교통공원,3184,126.85117222,Mail Center,35.21756667
1200,첨단우리은행,5419,첨단1동주민센터,3185,126.84534741,Cheomdan Woori Bank,35.21793968
1201,첨단우리은행,5457,농산물품질관리원,3186,126.84514722,Cheomdan Woori Bank,35.21754167
1202,산수오거리,1027,법원입구,3189,126.93155622,Sansu Ogeori,35.15560278
1203,국립아시아문화전당(구.도청),1123,금남로4가역,3192,126.91785,Asia Culture Center,35.148679
1204,쌍암공원,5401,비아중,3193,126.84125987,Ssangam Park,35.22189827
1205,쌍암공원,5402,첨단초교후문,3194,126.84088965,Ssangam Park,35.22200043
1206,학2마을아파트,1157,학동평화맨션,3195,126.92876111,Hak 2(i) Village Apt.,35.13159444
1207,풍암사거리(서),2151,광주중,3196,126.85911944,Pungam Sageori (West),35.12163056
1208,백운초교(남),3094,무등시장입구(남),3197,126.900652,Baegun Elementary School (South),35.136307
1209,현진기업,4139,전남과학대학포스트비,3198,126.86059722,Hyunjin Enterprise,35.23437778
1210,전남과학대학포스트비,4099,현진기업,3199,126.86416667,Chunnam Techno University POST-BI,35.23409722
1211,전남과학대학포스트비,4100,풍기산업,3200,126.86423611,Chunnam Techno University POST-BI,35.23397222
1212,풍기산업,4127,첨단종점,3201,126.86716111,Poongki Industrial,35.23506389
1213,용전사거리(북),4103,대진운수,3202,126.893648,Yongjeon Sageori (North),35.236854
1214,연제새한아파트,4071,연제주공아파트,3203,126.870028,Yeonje Saehan Apt.,35.199384
1215,연제새한아파트,4072,연제현대아파트,3204,126.869878,Yeonje Saehan Apt.,35.199462
1216,연제주공아파트,4073,양산초교,3205,126.870246,Yeonje Jugong Apt.,35.203142
1217,연제주공아파트,4074,연제새한아파트,3206,126.870141,Yeonje Jugong Apt.,35.203224
1218,양산초교,4063,신흥택시,3207,126.87103362,Yangsan Elementary School,35.20621554
1219,양산초교,4064,연제주공아파트,3208,126.87086235,Yangsan Elementary School,35.20636957
1220,용전사거리(남),4089,지산마을,3210,126.893748,Yongjeon Sageori (South),35.235746
1221,지산마을,4106,용전사거리(남),3211,126.896772,Jisan Village,35.231785
1222,지산마을,4105,생룡,3212,126.895902,Jisan Village,35.232311
1223,동림푸른마을,4151,산동교,3214,126.8648818,Dongnim Pureun Village Apt.,35.18740827
1224,첨단부영아파트,5452,첨단2동주민센터,3217,126.84568802,Cheomdan Booyoung Apt.,35.2115358
1225,광주대입구,3228,동성고,3219,126.89686217,Gwangju University Entrance,35.11255001
1226,보문고,5236,광산경찰서,3228,126.779912,Bomun High School,35.151785
1227,담배인삼공사,2041,그린파크,3232,126.89142689,KT&G,35.15477836
1228,담배인삼공사,2040,상록회관,3233,126.89048573,KT&G,35.15478844
1229,진곡 동길,5555,도현,3249,126.79549644,Jingok East Road,35.20750743
1230,진곡 동길,5554,오선동,3250,126.79525218,Jingok East Road,35.2076269
1231,원예농협,5538,지상정밀,3251,126.801428,Horticultural Cooperative,35.206187
1232,원예농협,5539,금호전기,3252,126.801587,Horticultural Cooperative,35.206015
1233,삼각그린타운,4252,고려고,3262,126.89980373,Samgak Greentown Apt.,35.19611594
1234,교통공원,5426,복룡입구,3272,126.85500296,Transportation Park,35.21751697
1235,교통공원,4013,우편집중국,3273,126.85508332,Transportation Park,35.21787765
1236,김대중컨벤션센터,2212,5.18자유공원,3274,126.83907404,Kimdaejung Convention Center,35.14705788
1237,김대중컨벤션센터,2211,김대중컨벤션센터(마륵)역,3275,126.839575,Kimdaejung Convention Center,35.145397
1238,목련마을8단지,5298,목련마을,3276,126.815733,Mongryeon Village Apt. Complex 8,35.179483
1239,교동,1073,선교,3277,126.950915,Gyodong,35.09019
1240,교동,1072,용연정수장,3278,126.950687,Gyodong,35.0899701
1241,발산마을,2044,현대자동차,3281,126.892024,Balsan Village,35.160417
1242,발산마을,2043,발산교(북),3282,126.891327,Balsan Village,35.160371
1243,양동시장역(천변),2170,양동시장역(남),3283,126.901354,Yangdong Market Station (Riverside),35.155161
1244,유덕2교차로,2207,덕흥삼거리,3288,126.8472801,Yudeok 2 Intersection,35.166044
1245,유덕2교차로,2208,유덕동주민센터,3289,126.847641,Yudeok 2 Intersection,35.166031
1246,석교삼거리,3028,구룡(대촌),3293,126.8147248,Seokgyo Samgeori,35.09339882
1247,석교삼거리,3029,석정,3294,126.81464,Seokgyo Samgeori,35.093399
1248,입암,3168,광곡입구,3297,126.87341244,Ibam,35.09923955
1249,입암,3169,송암동,3298,126.87320915,Ibam,35.09909777
1250,이동,3163,이동입구,3299,126.85511389,Idong,35.10260833
1251,동산초교옆,1062,동산아파트,3300,126.93701609,Side of Dongsan Elementary School,35.14913318
1252,장동마을,4308,장등마을,3301,126.93334847,Jangdong Village,35.21431579
1253,장동마을,4309,망향동산길,3302,126.93325594,Jangdong Village,35.214325
1254,용봉모아아파트,4392,유창허니문,3303,126.89519549,Yongbong Moa Apt.,35.17780688
1255,대원정사,4020,호남권역재활병원,3306,126.88396111,Daewonjeongsa Temple,35.22716944
1256,삼각호반아파트,4257,오치1동주민센터,3308,126.901485,Samgak Hoban Apt.,35.19342
1257,삼각호반아파트,4256,고려고,3309,126.900977,Samgak Hoban Apt.,35.193428
1258,중소기업진흥공단호남연수원,4314,도선사,3311,126.934141,SBC Honam Training Institute,35.20024269
1259,두동,5331,용동(임곡),3312,126.76178889,Dudong,35.21550556
1260,두동,5332,비시동,3313,126.76178056,Dudong,35.21554444
1261,용동(임곡),5370,신촌 아랫길(임곡),3314,126.761733,Yong-dong (Imgok),35.215475
1262,용동(임곡),5371,두동,3315,126.76559444,Yong-dong (Imgok),35.21720278
1263,신촌아랫길(임곡),5355,신촌 윗길(임곡),3316,126.773583,Sinchon Lower Road (Imgok),35.2206001
1264,신촌아랫길(임곡),5356,용동(임곡),3317,126.77352,Sinchon Lower Road (Imgok),35.220656
1265,신촌윗길(임곡),5357,신촌 아랫길(임곡),3318,126.77498716,Sinchon Upper Road (Imgok),35.22156814
1266,비아1동,5092,비아농협,3319,126.82528333,Bia 1(il)-dong,35.22463889
1267,하남삼성전자사거리(북),5517,지상정밀,3321,126.804376,Hanam Samsung Electronics Sageori (North),35.202673
1268,하남삼성전자사거리(북),5516,금호전기,3322,126.804645,Hanam Samsung Electronics Sageori (North),35.203084
1269,정우화학,5549,신성화학,3328,126.79878889,Jeongwoo Eztech,35.18552222
1270,정우화학,5548,광산소방서입구,3329,126.79922222,Jeongwoo Eztech,35.18571667
1271,신성화학,5527,중앙일보,3330,126.80358056,Sinseong Chemical,35.18553611
1272,신성화학,5526,정우화학,3331,126.80319722,Sinseong Chemical,35.18575278
1273,수완자동차매매단지,5107,비아성당,3335,126.83357521,Suwan Automobile Dealing Center,35.20750357
1274,수완자동차매매단지,5106,신창동,3336,126.83341801,Suwan Automobile Dealing Center,35.20735344
1275,수완동,5105,수완자동차매매단지,3337,126.839407,Suwan-dong,35.202784
1276,수완동,5104,신창동,3338,126.838139,Suwan-dong,35.203411
1277,월전(광산구),5480,꽃동네,3339,126.77374473,Woljeon,35.12526723
1278,월전(광산구),5481,평동역(서),3340,126.77371733,Woljeon,35.12557723
1279,구야촌,5205,장암마을,3341,126.82306809,Guyachon,35.13815053
1280,신광,5210,신야촌입구,3342,126.81749444,Shingwang,35.12933333
1281,신야촌입구,5212,신야촌,3343,126.815234,Sinyachon Entrance,35.121189
1282,신야촌,5997,도호,3344,126.812377,Sinyachon,35.118424
1283,도호,2102,문촌,3345,126.8113,Doho,35.11650278
1284,문촌,2111,서창치안센터,3346,126.815154,Munchon,35.114552
1285,화순공공도서관입구,6393,화순주유소,3347,126.982903,Hwasun Pubic Library,35.062635
1286,너릿재공원,1081,선교,3348,126.95180833,Neoritjae Park,35.08111944
1287,노동,5223,외등,3355,126.7466901,Nodong,35.175739
1288,박호1리,5232,노동,3356,126.7453701,Bakho 1(il)-ri,35.174043
1289,박뫼,5230,박호1리,3357,126.74161839,Bangmoe,35.16882034
1290,박호동,5234,박뫼,3358,126.740679,Bakho-dong,35.1641001
1291,흑석사거리(남),5627,영천마을9단지,3359,126.807785,Heukseok Sageori (South),35.178272
1292,유산리,6152,송강정,3368,126.95666389,Yusal-li,35.25506944
1293,삼서면사무소,6230,삼서우체국,3370,126.6468206,Samseomyeon Office,35.23200166
1294,삼서초교,6235,삼서보건지소,3371,126.65017922,Samseo Elementary School,35.22897831
1295,송곡,6237,삼서초교,3372,126.652144,Songgok,35.226362
1296,인지,6239,송곡,3373,126.659551,Inji,35.223579
1297,보강입구,6229,인지,3374,126.6581704,Entrance to Bogang,35.21495746
1298,동촌,5134,신광(삼도),3395,126.68653333,Dongchon,35.12714722
1299,동촌,5652,도야,3396,126.68632778,Dongchon,35.12712778
1300,구야촌,5204,신광,3400,126.82324003,Guyachon,35.13846577
1301,신광,5211,구야촌,3401,126.81748889,Shingwang,35.12943611
1302,신야촌입구,5213,신광,3402,126.815316,Sinyachon Entrance,35.121185
1303,신야촌,5996,신야촌입구,3403,126.812374,Sinyachon,35.118368
1304,도호,2101,신야촌,3404,126.8113,Doho,35.11649722
1305,문촌,2112,도호,3405,126.815036,Munchon,35.114656
1306,화순공공도서관입구,6394,화순군선거관리위원회,3410,126.983403,Hwasun Pubic Library,35.062555
1307,동면,6312,찰동,3411,127.04198056,Dongmyeon,35.03075
1308,상무라인대주,2218,농협운천지점,3413,126.84548977,Sangmu Line Daeju Apt.,35.14788626
1309,상무라인대주,2219,5.18자유공원,3414,126.8450302,Sangmu Line Daeju Apt.,35.14813802
1310,상무해광한신아파트,2322,계수초교,3415,126.843109,Sangmu Haegwang Hanshin Apt.,35.154147
1311,상무해광한신아파트,2323,상무금호아파트,3416,126.84283287,Sangmu Haegwang Hanshin Apt.,35.15370262
1312,상무한국아파트,2229,한국수자원공사,3422,126.846058,Sangmu Hankuk Apt.,35.155075
1313,연제현대아파트,4075,한양아파트,3425,126.87170556,Yeonje Hyundai Apt.,35.19768611
1314,한양아파트,4135,해태제과,3426,126.87479444,Hanyang Apt.,35.19767778
1315,신용마을,4056,석수정,3427,126.878332,Sinyong Village,35.243689
1316,금당,4014,첨단종점,3428,126.86912729,Geumdang,35.24096563
1317,송원대,3162,동명회/송원고,3430,126.87679992,Songwon University,35.11073975
1318,송원대,3161,송암공단입구,3431,126.87657222,Songwon University,35.11055532
1319,하남홈플러스,5561,단전,3432,126.804738,Hanam Home Plus,35.177831
1320,봉선대화아파트,3122,문성고,3433,126.906727,Bongseon Daehwa Apt.,35.124834
1321,진원동초교,6262,학산,3434,126.86378889,Jinwon Dong Elementary School,35.25930556
1322,첨단종점,4117,고내입구,3438,126.86253238,Cheomdan Bus Terminal,35.23873928
1323,월남동,1088,주남,3439,126.939045,Wollam-dong,35.102389
1324,호남삼육고,3215,서남하이츠,3440,126.894867,Honam Samyook High School,35.13026
1325,상무지구,,,3441,126.839031,Sangmu District,35.156507
1326,정렬사,6066,나주금성고,3444,126.716077,Jeongryeolsa,35.043605
1327,정렬사,6065,싸이클경기장,3445,126.716428,Jeongryeolsa,35.043646
1328,싸이클경기장,6064,나주동신대,3446,126.71841667,Cycle Stadium,35.04568056
1329,싸이클경기장,6063,정렬사사거리,3447,126.71840833,Cycle Stadium,35.04589722
1330,나주농협송현지점,6052,나주동신대,3448,126.72315,Naju Nonghyup Songhyun Branch,35.05078889
1331,나주북초교,6057,천동입구,3449,126.72649167,Naju Buk Elementary School,35.05120833
1332,천동입구,6067,나주북초교,3450,126.73130556,Cheondong Entrance,35.05221944
1333,대곡,6232,삼서초교,3451,126.647446,Daegok,35.228832
1334,삼서초교,6236,송곡,3452,126.6500363,Samseo Elementary School,35.2289365
1335,송곡,6238,인지,3453,126.651841,Songgok,35.226412
1336,인지,6240,보강입구,3454,126.658887,Inji,35.223638
1337,보강입구,6228,보강,3455,126.65806667,Entrance to Bogang,35.21501111
1338,칠석,3061,하칠석/고싸움전수관,3456,126.83528844,Chilseok,35.06383041
1339,산정,6251,수촌,3460,126.81373018,Sanjeong(Jangseong),35.24855747
1340,삼서우체국,6234,삼서면사무소,3461,126.6466843,Samseo Post Office,35.22977789
1341,남평미래병원,6036,팔마아파트,3462,126.83298,Nampyeong Mirae Hospital,35.027894
1342,농업기술원,6038,팔마아파트,3463,126.82981111,Agricultural Research and Extension Services,35.02317778
1343,농업기술원,6039,매화(신흥),3464,126.82975,Agricultural Research and Extension Services,35.02319722
1344,봉산지서,6134,연동리,3465,126.96140833,Bongsan Police Box,35.266375
1345,봉산지서,6135,탄금리,3466,126.96145278,Bongsan Police Box,35.26646667
1346,수북사거리,6175,수북면사무소,3467,126.930313,Subuk 4-Way Junc,35.302083
1347,수북사거리,6176,포백,3468,126.930464,Subuk 4-Way Junc,35.302101
1348,포백,6181,수북,3469,126.926036,Pobaek,35.30458
1349,포백,6182,수북사거리,3470,126.926033,Pobaek,35.304507
1350,수북,6172,수북,3471,126.91990556,Subuk,35.30769167
1351,수북,6171,포백,3472,126.91986111,Subuk,35.30765
1352,원유동,6087,장산,3473,126.95584167,Wonyudong,35.24246667
1353,마현,2107,신용,3477,126.81492884,Mahyeon,35.09537533
1354,마현,2139,구룡(대촌),3478,126.81484301,Mahyeon,35.09539303
1355,두산테크팩,5512,금호전기,3479,126.80755556,Doosan Techpack,35.208975
1356,두산테크팩,5513,삼영특수강,3480,126.80756111,Doosan Techpack,35.20878889
1357,화순영재교육원,6334,신운,3481,127.01444167,Hwasun Education Center for Gifted,35.03195
1358,삼서우체국,6233,삼서보건지소,3487,126.64657758,Samseo Post Office,35.2297066
1359,대곡,6231,삼서우체국,3488,126.647429,Daegok,35.228908
1360,하남홈플러스,5560,하남중앙초교입구,3489,126.804347,Hanam Home Plus,35.177614
1361,발산교(남),2157,농성중흥파크,3490,126.895063,Balsangyo Bridge (South),35.158925
1362,비아사거리,5096,수완자동차매매단지,3493,126.825694,Bia Sageori,35.223484
1363,명화리,5469,월곡마을,3494,126.71169167,Myeonghwa-ri,35.12355556
1364,화순터널,6409,이십곡리,3496,126.96113056,Hwasun Tunnel,35.07535556
1365,노동,5222,박호1리,3498,126.746551,Nodong,35.175755
1366,박호1리,5233,박뫼,3499,126.745135,Bakho 1(il)-ri,35.173973
1367,박뫼,5231,박호동,3500,126.74147145,Bangmoe,35.16884446
1368,박호동,5235,송산유원지(종점),3501,126.740477,Bakho-dong,35.164088
1369,영락공원,4081,영락공원2단지,3502,126.91768889,Yeongnak Cemetery Park,35.23046944
1370,용연정수장,1105,교동,3504,126.955625,Yongyeon Purification Plant,35.091265
1371,양동교,4682,전남방직,3505,126.897859,Yangdonggyo Bridge,35.159088
1372,동천마을6단지,2466,광암교입구,3506,126.86973896,Dongcheon Village Apt Complex 6,35.17154489
1373,신아산,5109,비아1동,3513,126.82432222,Sinasan,35.230325
1374,변전소,4282,장등동,3514,126.93141389,Electrical Substation,35.20658056
1375,용봉모아아파트,4391,용봉동성당,3517,126.89536945,Yongbong Moa Apt.,35.17772328
1376,용전,4088,용전사거리(남),3519,126.895981,Yongjeon,35.238607
1377,안청농협,5533,안청,3520,126.801545,Ancheong Nonghyup,35.216559
1378,송강정,6412,원유동,3524,126.9552,Songgangjeong,35.25176111
1379,봉산,6414,탄금리,3528,126.95641111,Bongsan,35.27650833
1380,양산택지사거리,4574,양산호반2차,3529,126.87927357,Yangsan Housing Site Sageori,35.21037632
1381,양산택지사거리,4573,광주은행양산동지점,3530,126.87939101,Yangsan Housing Site Sageori,35.21048666
1382,지산유원지입구,1169,단사공원,3531,126.944558,Jisan Recreation Area Entrance,35.149264
1383,미운행(월곡동675),5999,,3539,126.8136309,,35.164188
1384,미운행(월곡동675)2,5126,,3540,126.81333,,35.164188
1385,만호마을,2319,무등교회,3541,126.850957,Manho Village,35.132131
1386,만호마을,2320,만호초교,3542,126.850992,Manho Village,35.131854
1387,만호초교,2317,금호한국아파트,3543,126.8557,Manho Elementary School,35.131884
1388,만호초교,2318,만호마을,3544,126.855588,Manho Elementary School,35.132165
1389,비엔날레전시관,4597,용봉현대3차아파트,3550,126.890982,Biennale Exhibition Hall,35.182407
1390,일곡대림2차아파트,4578,유격훈련장,3551,126.89914444,Ilgok Daelim 2nd Apt.,35.21023889
1391,각화중,4575,보광사,3552,126.93747671,Gakhwa Middle School,35.18170419
1392,각화중,4576,각화초교,3553,126.93719625,Gakhwa Middle School,35.18171985
1393,봉산중,5584,보훈병원후문,3556,126.84478889,Bongsan Middle School,35.20872222
1394,봉산중,5583,무양서원,3557,126.84486791,Bongsan Middle School,35.20888521
1395,일곡대림2차아파트,4579,일신초교,3560,126.89934387,Ilgok Daelim 2nd Apt.,35.21041824
1396,백운초교(남),3251,까치고개,3561,126.900762,Baegun Elementary School (South),35.136114
1397,칠성삼거리,5607,마암,3562,126.674459,Chilseong Samgeori,35.152748
1398,칠성삼거리,5608,칠성,3563,126.674674,Chilseong Samgeori,35.153109
1399,삼도동행정복지센터,5619,양림마을,3564,126.69877739,Samdo-dong Administration Welfare Center,35.16269474
1400,삼도동행정복지센터,5620,봉정,3565,126.69909005,Samdo-dong Administration Welfare Center,35.16273874
1401,양림마을,5621,삼도동주민센터,3566,126.69615833,Yangnim Village,35.16053333
1402,양림마을,5622,양촌(삼도),3567,126.69615,Yangnim Village,35.16061389
1403,양촌(삼도),5623,광암복림,3568,126.69441944,Yangchon (Samdo),35.15773611
1404,양촌(삼도),5624,양림마을,3569,126.69396111,Yangchon (Samdo),35.15717778
1405,광암복림,5625,광암복림,3570,126.69105,Gwangambokrim,35.1479
1406,광암복림,5626,양촌(삼도),3571,126.6911636,Gwangambokrim,35.14774874
1407,봉선2동행정복지센터,3254,봉선삼익아파트(남),3573,126.915698,Bongseon 2(i)-dong Administration Welfare Center,35.123048
1408,봉선2동행정복지센터,3255,남구문화예술회관,3574,126.915213,Bongseon 2(i)-dong Administration Welfare Center,35.122937
1409,진월리채3차,3253,문성고,3575,126.907165,Jinwol Riche 3rd Apt.,35.114375
1410,진월리채3차,3252,진월저수지(동),3576,126.907519,Jinwol Riche 3rd Apt.,35.114681
1411,중앙대교(동),1170,충장치안센터,3577,126.912419,Jungangdaegyo Bridge (East),35.146727
1412,중앙대교(동),3361,서남대병원,3578,126.911796,Jungangdaegyo Bridge (East),35.146224
1413,벽라리,6415,벽라교,3579,126.96990794,Byeongna-ri,35.05135333
1414,벽라리,6416,대리교통광장(남),3580,126.96985,Byeongna-ri,35.05118889
1415,롯데백화점(북),4586,금남로5가역,3581,126.91113056,Lotte Department Store (North),35.15481944
1416,백제화학,5646,세방전기,3582,126.797436,Baekje Chemical,35.188631
1417,백제화학,5647,제일화학,3583,126.797165,Baekje Chemical,35.1885001
1418,제일화학,5649,백제화학,3584,126.8029,Jeil Chemical,35.18864167
1419,제일화학,5648,중앙일보,3585,126.80313611,Jeil Chemical,35.18853333
1420,기아차하남공장,5651,도현,3586,126.798925,Kia Motors Hanam Forwarding Office,35.20892778
1421,기아차하남공장,5650,금호전기,3587,126.799985,Kia Motors Hanam Forwarding Office,35.20874
1422,용산마을,4587,신용마을,3592,126.886162,Yongsan Village,35.244463
1423,용산마을,4588,용산교(북구),3593,126.886063,Yongsan Village,35.244251
1424,백동,6317,다지2구,560,127.00698889,Baekdong,35.04080556
1425,백암,6347,수동,561,126.95097222,Baegam,35.0247
1426,장성백운,6216,해령,563,126.781448,Jangseong Baegun,35.244101
1427,백운광장,3213,호남삼육고입구,564,126.900075,Baegun Plaza,35.131783
1428,백운광장,3212,백운우체국,566,126.89967,Baegun Plaza,35.13095
1429,백운우체국,3093,남구청,567,126.90144167,Baegun Post Office,35.13589167
1430,백운우체국,3091,서광중,569,126.9016,Baegun Post Office,35.13518611
1431,백운초교(북),3095,백운우체국,570,126.90145556,Baegun Elementary School (North),35.13796111
1432,광주학생독립운동기념관,2078,쌍촌시영아파트,571,126.86415,Gwangju Student Independence Movement Memorial Hall,35.14467778
1433,백화아파트,1144,방림교,572,126.92715278,Baekhwa Apt.,35.12998056
1434,유덕초교,2197,광명하이츠후문,573,126.86330392,Yudeok Elementary School,35.16465058
1435,버들마을,2191,계수,574,126.86278611,Beodeul Village,35.16235833
1436,법림사,1084,내지,576,126.93525556,Beomnimsa Temple,35.08678333
1437,법림사,1085,내남,577,126.93560556,Beomnimsa Temple,35.08683056
1438,법원,1054,지산2동주민센터,578,126.93306111,District Court,35.15040556
1439,법원,1055,농장다리,579,126.933181,District Court,35.149933
1440,벽라교,6349,연양리1구,580,126.96694444,Byeongnagyo Bridge,35.05007778
1441,벽라리(화순역),6352,화순역,581,126.964904,Byeongna-ri (Hwasun Station),35.053231
1442,첨단초교후문,5423,월계중,582,126.839813,Cheomdan Elementary School Back Gate,35.2211101
1443,서일초교,4468,일곡삼호아파트,583,126.897828,Seoil Elementary School,35.211237
1444,벽송,6277,벽송저수지,584,127.08204722,Byeoksong,35.01184444
1445,벽송,6276,사평중,585,127.08187222,Byeoksong,35.01183889
1446,벽송저수지,6279,벽송,586,127.078762,Byeoksong Reservoir,35.015635
1447,벽송저수지,6278,문성석재,587,127.078883,Byeoksong Reservoir,35.015658
1448,벽파정,5336,산막,588,126.76686111,Byeokpajeong,35.2035
1449,보강,6226,보강입구,589,126.65871639,Bogang,35.21267678
1450,보건대후문,5174,전남공고,590,126.84289388,Health University Back Gate,35.19164969
1451,보건대후문,5175,신창부영1차아파트,591,126.84337247,Health University Back Gate,35.19220379
1452,보화촌,5337,천동(광산구),593,126.76326944,Bohwachon,35.20608333
1453,보훈병원후문,5437,첨단생활체육공원,594,126.84951111,Veterans Hospital Back Gate,35.20870556
1454,보훈병원,5435,보훈병원후문,595,126.84806513,Veterans Hospital,35.20652018
1455,보훈병원,5436,전자공고,598,126.84870278,Veterans Hospital,35.20674167
1456,보훈병원후문,5438,봉산중,599,126.84954167,Veterans Hospital Back Gate,35.20885
1457,광주기아챔피언스필드정문,4491,임동주공아파트,600,126.88667,Gwangju-Kia Champions Field  Main Gate,35.16611
1458,광주기아챔피언스필드정문,4492,임동한국아델리움2차,601,126.886153,Gwangju-Kia Champions Field  Main Gate,35.166404
1459,복룡입구,4033,빛고을고입구,602,126.865361,Bongnyong Entrance,35.214338
1460,복룡입구,4032,용두주공,603,126.864254,Bongnyong Entrance,35.214279
1461,시립장애인복지관,4157,동림푸른마을,604,126.86739129,Community Rehabilitation Center,35.18660918
1462,시립장애인복지관,4158,운암우미아파트,605,126.86765278,Community Rehabilitation Center,35.18625278
1463,본량삼거리,5048,본량초교,606,126.72566667,Bollyang Samgeori,35.17976944
1464,본량수련장,5054,월산(본량),607,126.682172,Gwangju youth Education Center Bollyang Camp,35.1960201
1465,본량초교,5050,황산,608,126.72300278,Bollyang Elementary School,35.17925278
1466,본량파출소,5052,본량삼거리,609,126.73055,Bollyang Police Box,35.18126389
1467,오비맥주,4465,코카콜라,610,126.885392,Oriental Brewery,35.198292
1468,오비맥주,4034,향토음식박물관,611,126.88447222,Oriental Brewery,35.19786111
1469,봉선초교,3109,봉선라인광장,613,126.91083333,Bongseon Elementary School,35.13008611
1470,봉선초교,3108,양림휴먼시아1차,614,126.9108454,Bongseon Elementary School,35.13105494
1471,조봉초교,3135,봉선2동주민센터,615,126.911688,Jobong Elementary School,35.122842
1472,조봉초교,3136,구남구청,616,126.91212222,Jobong Elementary School,35.12304722
1473,봉선라인아파트,3124,봉선대화아파트,617,126.90940556,Bongseon Line Apt.,35.12568056
1474,양림휴먼시아1차,3081,봉선1동주민센터,618,126.91385153,Yangnim Humansia 1st Apt.,35.13443408
1475,양림휴먼시아1차,3080,양림휴먼시아2차,619,126.91309435,Yangnim Humansia 1st Apt.,35.13405189
1476,봉선삼익사거리,3130,봉선삼익아파트(남),623,126.9112,Bongseon Samik Sageori,35.12675556
1477,봉선삼익사거리,3129,모아2차아파트,624,126.91138659,Bongseon Samik Sageori,35.12647792
1478,매곡대화아파트,4204,매곡삼익아파트,627,126.892235,Maegok Daehwa Apt.,35.1921001
1479,무양서원입구,5431,남부대학교,630,126.84266667,Muyangsewon Confucian Academy Entrance,35.21075556
1480,무양서원입구,5432,첨단2동주민센터,631,126.84301409,Muyangsewon Confucian Academy Entrance,35.21101409
1481,화순부영아파트,6385,화순미륭아파트,633,126.99230833,Hwasun Booyoung Apt.,35.05895833
1482,마재부영아파트,2026,풍암사거리(동),634,126.85971954,Majae Booyoung Apt.,35.12421164
1483,마재부영아파트,2025,마재대주아파트,635,126.86011485,Majae Booyoung Apt.,35.12438991
1484,서림초교입구,4585,그린파크,639,126.900038,Seorim Elementary School Entrance,35.160597
1485,서림초교입구,4495,북광주수협,640,126.900396,Seorim Elementary School Entrance,35.16069
1486,오치1동행정복지센터,4360,31사단,641,126.90537241,Ochi 1(il)-dong Administration Welfare Center,35.19098743
1487,북구청,4554,평화맨션,642,126.9138,Buk-gu Office,35.17341944
1488,북구청,4553,북구보건소,643,126.914354,Buk-gu Office,35.17349
1489,북구보건소,4545,중흥2동주민센터,644,126.91043611,Buk-gu Community Health Center,35.17301111
1490,북구보건소,4544,전남대후문(북),645,126.91003056,Buk-gu Community Health Center,35.17274167
1491,북부경찰서,4368,오치주공,646,126.90018889,Bukbu Police Station,35.18719677
1492,북부경찰서,4369,중외마을,647,126.89986944,Bukbu Police Station,35.18734444
1493,북성,5057,가마,648,126.71196667,Bukseong,35.17648056
1494,남면보건지소,6196,분향,649,126.80331667,Nammyeon Branch Community Health Center,35.23746667
1495,비시동,5340,가정,650,126.756753,Bisidong,35.213642
1496,비아농협,5095,동원촌,652,126.82472394,Bia Nonghyup,35.22198525
1497,산월초교입구,5440,방송통신대,654,126.83681111,Sanwol Elementary School Entrance,35.21219722
1498,산월초교입구,5439,첨단라인8차아파트,655,126.83714722,Sanwol Elementary School Entrance,35.21188056
1499,첨단금호아파트,5412,신동아아파트,658,126.83622203,Cheomdan Kumho Apt.,35.22144452
1500,비아고,5398,쌍암공원,659,126.83515556,Bia High School,35.22275
1501,비아119안전센터(서),5098,비아중흥아파트,662,126.82271944,Bia Fire House (West),35.22019444
1502,비아119안전센터(서),5099,비아동주민센터(앞),663,126.82284722,Bia Fire House (West),35.22015556
1503,화순사평,6284,남면사무소,664,127.098825,Hwasun Sapyeong,35.00615278
1504,사평중,6280,사평초교,665,127.088756,Sapyeong Middle School,35.008015
1505,사평중,6281,벽송,666,127.089042,Sapyeong Middle School,35.008092
1506,사평초교,6282,남면사무소,667,127.09336111,Sapyeong Elementary School,35.00765
1507,사평초교,6283,사평중,668,127.09331667,Sapyeong Elementary School,35.00778889
1508,산동교,5177,동림푸른마을,669,126.85770698,Sandonggyo Bridge,35.18932721
1509,산수보건소,5058,매동,670,126.74617778,Sansu Community Health Center,35.19224722
1510,산수시장,1025,장원초교(서),671,126.93185029,Sansu Market,35.154138
1511,산수동우체국,1023,법원입구,672,126.93086264,Sansu-dong Post Office,35.15549707
1512,산수시장,1024,법원입구,673,126.931509,Sansu Market,35.15428231
1513,산수동우체국,1022,동진맨션,675,126.93116925,Sansu-dong Post Office,35.15545146
1514,산수2동행정복지센터,1032,호남맨션,676,126.93662395,Sansu 2(i)-dong Administration Welfare Center,35.15506724
1515,산업인력공단,4037,첨단삼성전자,677,126.85671944,Human Resources Development Service,35.22879077
1516,산업인력공단,4038,한국광기술원,678,126.85671733,Human Resources Development Service,35.22852723
1517,살레시오고/교통문화연수원,4466,살레시오고,679,126.89493,Salesian High School / Traffic Training Institute,35.216577
1518,살레시오여고,1017,조선대,681,126.92766,Salesio Girls' High School,35.147306
1519,살레시오여고,1018,법원입구,683,126.9280273,Salesio Girls' High School,35.14721797
1520,삼각그린타운,4255,국제고,684,126.90011609,Samgak Greentown Apt.,35.19623817
1521,원삼각마을삼일아파트,4258,31사단,685,126.90345556,Wonsamgak Village Samil Apt.,35.19863611
1522,전남고입구,2146,김대중컨벤션센터(마륵)역,687,126.844473,Jeonnam High School Entrance,35.144835
1523,명도삼거리,5045,애림,691,126.70006389,Myeongdo Samgeori,35.17009722
1524,유동사거리,4527,엔씨백화점,693,126.90649521,Yu-dong Sageori,35.15886126
1525,목련마을6단지,5296,운남삼성아파트,694,126.81740278,Mongryeon Village Apt. Complex 6,35.17756667
1526,하남삼성전자,5562,장덕농협,695,126.80793611,Hanam Samsung Electronics,35.20220278
1527,하남삼성전자,5563,지상정밀,696,126.80672222,Hanam Samsung Electronics,35.20240556
1528,상촌(임곡),5346,와산,697,126.73101,Sangchon (Imgok),35.231178
1529,삼영특수강,5518,중소기업센터,698,126.81034444,Samyeong Specialty Steel,35.20885556
1530,삼우아파트,2194,진성아파트,699,126.87046111,Samwoo Apt.,35.16595833
1531,삼우아파트,2193,광천동,700,126.87060556,Samwoo Apt.,35.16610556
1532,삼익세라믹,1156,학동증심사입구역,701,126.92947443,Samik Ceramic Apt.,35.13074638
1533,삼익세라믹,1155,동구문화센터,702,126.92920556,Samik Ceramic Apt.,35.13054167
1534,양산타운,4066,용두주공,703,126.872863,Yangsan Town Apt.,35.211978
1535,양산타운,4065,광주은행양산동지점,704,126.872376,Yangsan Town Apt.,35.211757
1536,봉선삼익아파트(북),3127,유안초교,705,126.91320946,Bongseon Samik Apt. (North),35.12568039
1537,봉선삼익아파트(남),3126,봉선2동주민센터,706,126.912451,Bongseon Samik Apt. (South),35.123705
1538,봉선삼익아파트(남),3125,봉선삼익사거리,707,126.912211,Bongseon Samik Apt. (South),35.1244
1539,원삼각마을삼일아파트,4259,월산(삼각동),708,126.90376035,Wonsamgak Village Samil Apt.,35.19808072
1540,삼정초교,4192,대주빌라,709,126.93721111,Samjeong Elementary School,35.16684444
1541,삼정초교,4191,두암주공아파트,710,126.93703611,Samjeong Elementary School,35.16598333
1542,서태마을입구,6201,월정(장성),711,126.82143611,Setaemaeul Entrance,35.23715556
1543,일곡삼호아파트,4581,교통연수원입구,712,126.89786944,Ilgok Samho Apt.,35.21361944
1544,일곡삼호아파트,4580,서일초교,713,126.89766388,Ilgok Samho Apt.,35.21344929
1545,삼화교,5343,연계삼거리,714,126.736719,Samhwagyo Bridge,35.223121
1546,상공회의소,2056,서석고,715,126.88637902,Chamber of Commerce & industry,35.15118406
1547,상공회의소,2057,건강협회,716,126.88569875,Chamber of Commerce & industry,35.15148538
1548,농성SK뷰,2045,화정중흥파크,717,126.88659827,Nongseong SK View,35.15375628
1549,상림,6253,작동,718,126.862452,Sanglim,35.270961
1550,상무지구입구,2081,운천저수지,719,126.85069827,Sangmu District Entrance,35.14751827
1551,상무1동행정복지센터,2066,한국병원,720,126.86959808,Sangmu 1(il)-dong Administration Welfare Center,35.15289429
1552,상무1동행정복지센터,2271,가톨릭대평생교육원,721,126.86936111,Sangmu 1(il)-dong Administration Welfare Center,35.15269444
1553,상무지구,2227,상무시민공원,722,126.838633,Sangmu District,35.156496
1554,상무병원,2220,5.18기념공원,725,126.85504444,Sangmoo Hospital,35.15251389
1555,상무병원,2067,운천저수지,726,126.85475556,Sangmoo Hospital,35.15248333
1556,상무역,2117,상무지구입구,729,126.84756291,Sangmu Station,35.14598712
1557,상무역,2224,전남고입구,730,126.8477364,Sangmu Station,35.14641389
1558,상무중,2079,운천저수지,731,126.85730144,Sangmu Middle School,35.14510584
1559,상무중,2080,백일초교,732,126.85841667,Sangmu Middle School,35.14430833
1560,금호초교,2076,CBS방송국,733,126.857511,Kumho Elementary School,35.143161
1561,상전,5154,송정모아아파트,734,126.79987778,Sangjeon,35.13824722
1562,용봉우미아파트,4393,삼원맨션,735,126.90082472,Yongbong Woomi Apt.,35.17765613
1563,풍암한신아파트,2269,풍암한국아파트,736,126.87671781,Pungam Hanshin Apt.,35.12266358
1564,풍암한신아파트,2268,풍암모아아파트,737,126.87690432,Pungam Hanshin Apt.,35.12273815
1565,샛터코아,4241,문흥1동주민센터,738,126.92098698,Saetteo Core Building,35.18610056
1566,서광주우체국,2302,쌍촌시영아파트,740,126.872469,Seogwangju Post Office,35.146158
1567,서광주우체국,2301,가톨릭대평생교육원,741,126.872599,Seogwangju Post Office,35.146397
1568,서광주역,2118,동산교차로,742,126.84745,Seogwangju Station,35.125702
1569,서광주역종점,,,743,126.846707,Seogwangju Station,35.125968
1570,서광주한전,2058,돌고개역(동),744,126.89281111,Seogwangju KEPCO,35.150875
1571,돌고개역(서),2042,농성파출소,745,126.89466877,Dolgogae Station (West),35.15170102
1572,서구문화센터,2032,금호한국아파트,746,126.859667,Seo-gu Culture Center,35.131587
1573,금호도개공아파트,2018,금호모아아파트,747,126.86156111,Kumho Dogaegong Apt.,35.13246944
1574,서구문화센터,2031,마재대주아파트,748,126.85938,Seo-gu Culture Center,35.131391
1575,금호도개공아파트,2017,서구문화센터,749,126.861737,Kumho Dogaegong Apt.,35.132779
1576,서구청,2050,상록회관,750,126.889771,Seo-gu Office,35.151529
1577,서구청,2059,서광주한전,751,126.888923,Seo-gu Office,35.151892
1578,서남하이츠(국제양궁장),3226,무등시장입구(남),752,126.8906977,International Archery Field,35.1316437
1579,서남하이츠(국제양궁장),3225,금당중,753,126.8906022,International Archery Field,35.13190059
1580,응암공원,5406,첨단라인아파트,754,126.83445556,Eungam Park,35.21612385
1581,응암공원,5442,도천저수지,755,126.83462701,Eungam Park,35.21664811
1582,서방사거리,4565,해광맨션,757,126.91873726,Seobang Sageori,35.16505862
1583,서방사거리,1703,서방시장(남),758,126.91805508,Seobang Sageori,35.16493713
1584,서방시장(서),4423,향토문화거리입구,759,126.91827969,Seobang Market (West),35.16717616
1585,서방시장(북),4422,서방시장(남),760,126.91949167,Seobang Market (North),35.16725833
1586,서방시장(남),4421,계림사거리,761,126.91944722,Seobang Market (South),35.16632222
1587,서방시장(남),4566,동강대,762,126.91981849,Seobang Market (South),35.16634313
1588,서광주전화국,2047,농성1동주민센터,763,126.89457049,KT Seogwangju District Office,35.1533595
1589,서광주전화국,2046,돌고개역(동),764,126.894222,KT Seogwangju District Office,35.153437
1590,서산초교,4371,오치1동주민센터,765,126.90542069,Seosan Elementary School,35.18804679
1591,서산초교,4370,오치한전,766,126.90524167,Seosan Elementary School,35.18860278
1592,서석고,2272,서구청,768,126.88091063,Seoseok High School,35.15259459
1593,서석고,2289,화정역,769,126.88060891,Seoseok High School,35.15286842
1594,서창농협,2019,만호초교,771,126.85852069,Seochang Nonghyup,35.13250745
1595,서창농협,2020,서구문화센터,772,126.85846341,Seochang Nonghyup,35.13219997
1596,서창입구,2134,월암,775,126.83308965,Seochang Entrance,35.13992735
1597,서창입구,2133,장암마을,776,126.83305402,Seochang Entrance,35.14021171
1598,서태리1구,6353,역청공장,777,126.95089444,Setae-li district 1,35.03950556
1599,서태리2구,6355,주도리3구,778,126.94440278,Setae-li district 2,35.03159167
1600,석동,5347,월봉서원입구,779,126.73693056,Seokdong,35.23015556
1601,선교지구입구,1087,화순터널,780,126.94706111,Seongyo Entrance,35.08886389
1602,우영아파트,3090,빛고을복지회관,781,126.92641944,Uyeong Apt,35.12923611
1603,빛고을복지회관,1700,가야농원,782,126.929601,Bitgoeul Welfare Center,35.127083
1604,빛고을복지회관,1701,백화아파트,783,126.929803,Bitgoeul Welfare Center,35.127055
1605,성내,5350,임곡역,784,126.749867,Seongnae,35.218044
1606,공구의거리,4444,광암교입구,785,126.882024,Street of Tools,35.171145
1607,공구의거리,4445,제2광천교,786,126.88138,Street of Tools,35.17089
1608,성산맨션,4386,도로교통공단 대신파크,787,126.9114069,Seongsan Mansion Apt.,35.18134839
1609,역산공원입구,5522,광주여대,788,126.80200736,Yeoksan Park Enterance,35.16735496
1610,역산공원입구,5523,하남중앙초교입구,789,126.80246399,Yeoksan Park Enterance,35.16749414
1611,성촌마을.전통문화관,1159,무등산국립공원(증심사),790,126.95234167,Seongchon Village/Traditional Literature Museum,35.13391944
1612,성촌마을.전통문화관,1158,학운초교,791,126.95281389,Seongchon Village/Traditional Literature Museum,35.13403056
1613,세량리,6357,노대,792,126.91388611,Seryang-li,35.07386389
1614,새한철강,5520,한국단자공업,793,126.81044167,Saehan Steel,35.21331944
1615,만연빌딩,6345,화순미륭아파트,796,126.98888611,Manyeon Building,35.05571667
1616,지원2동행정복지센터입구,1099,소태역,798,126.93345911,Jiwon 2(i)-dong Administration Welfare Center Entrance,35.12094927
1617,지원2동행정복지센터입구,1098,용산교(동구),799,126.933176,Jiwon 2(i)-dong Administration Welfare Center Entrance,35.120785
1618,솔뫼타운,2273,해태아파트,800,126.87158889,Solmoe Town Apt.,35.15757222
1619,송림주택,3089,라인효친,801,126.91798889,Songnim Jutaek Apt.,35.13108611
1620,송림주택,3088,방림삼거리,802,126.91814521,Songnim Jutaek Apt.,35.13103202
1621,광산경찰서,5253,보문고,803,126.785617,Gwangsan Police Station,35.151356
1622,광산경찰서,5252,송정한전,804,126.78534722,Gwangsan Police Station,35.15111389
1623,광천E편한세상,2180,기아차정문,806,126.8761,Gwangcheon e-Pyeonhan Sesang Apt.,35.16578611
1624,광천E편한세상,2181,진성아파트,807,126.87642778,Gwangcheon e-Pyeonhan Sesang Apt.,35.16591944
1625,송정공원역,5254,영광통,808,126.79965699,Songjeong Park Station,35.14372061
1626,송정공원역,5149,송정파출소(북),809,126.79886475,Songjeong Park Station,35.14332892
1627,현대교통,5643,월전마을,810,126.780232,Hyundai Transportation Co.,35.120566
1628,광주송정역,5158,신동사거리,811,126.79176819,Gwangju Songjeong Station,35.13819297
1629,송정IC,5207,아리랑고개,812,126.807575,Songjeong IC,35.147046
1630,송정IC,5206,송정파출소(북),813,126.807393,Songjeong IC,35.14683
1631,도산역,5009,공군부대,814,126.78710278,Dosan Station,35.13085204
1632,송정시장,5160,영광통사거리,815,126.79751389,Songjeong Market,35.13823611
1633,송정시장,5161,송정대덕아파트,816,126.7975,Songjeong Market,35.138064
1634,광주송정역,5159,광산구청,817,126.79218641,Gwangju Songjeong Station,35.13826021
1635,송정한전,5255,가천아파트,818,126.788724,Songjeong KEPCO,35.149305
1636,송정한전,5256,금호타이어,819,126.788225,Songjeong KEPCO,35.14934444
1637,영광통사거리,5168,송정시장,820,126.79519722,Yeonggwangtong Sageori,35.14051667
1638,영광통사거리,5167,금호타이어,821,126.795775,Yeonggwangtong Sageori,35.14002778
1639,영광통,5166,송정공원역,822,126.79559895,Yeonggwangtong,35.14225964
1640,송정초교,5011,송정대덕아파트,823,126.79559933,Songjeong Elementary School,35.13257689
1641,송정초교,5010,도산동주민센터,824,126.79595278,Songjeong Elementary School,35.13334444
1642,송정파출소(북),5209,송정공원역,825,126.80300189,Songjeong Police Box (North),35.14397573
1643,송정파출소(남),5152,공항역,826,126.80357222,Songjeong Police Box (South),35.14315276
1644,송정파출소(북),5208,공항역,827,126.80321186,Songjeong Police Box (North),35.1436605
1645,수성,5063,옥산,828,126.675138,Suseong,35.184491
1646,수창초교후문,4523,유동사거리,830,126.90888458,Soochang Elementary School Back Gate,35.15699824
1647,수창초교후문,4522,대인광장(서),831,126.907505,Soochang Elementary School Back Gate,35.157174
1648,수촌,6255,산정,832,126.816195,Suchon,35.257878
1649,중흥초교,4533,중흥1동주민센터,833,126.91367433,Jungheung Elementary School,35.16291929
1650,중흥초교,4532,광주역,834,126.91379521,Jungheung Elementary School,35.1631456
1651,소촌스위트밸리,5248,광주인력개발원,835,126.79292222,Sochon Sweet Valley Apt.,35.15773333
1652,소촌스위트밸리,5247,어룡초교,836,126.79286667,Sochon Sweet Valley Apt.,35.15787222
1653,광주인력개발원,5219,소촌스위트밸리,837,126.79561389,Gwangju Human Resources Development Center,35.15763056
1654,광주인력개발원,5218,광주지방경찰청입구,838,126.79631667,Gwangju Human Resources Development Center,35.15733611
1655,상무시민공원,2221,5.18자유공원,840,126.838644,Sangmu Park,35.15369
1656,상무시민공원,2222,상무지구,841,126.83901,Sangmu Park,35.153934
1657,금호시영아파트,2010,금호한국아파트,845,126.85889798,Kumho Siyeong Apt.,35.13603523
1658,우산빛여울채아파트(서),5285,광주지방경찰청입구,846,126.80103965,Usan Bityeoulchae Apt. (West),35.16117192
1659,우산빛여울채아파트(동),5283,우산리버힐아파트,847,126.80249215,Usan Bityeoulchae Apt. (East),35.15881929
1660,우산빛여울채아파트(동),5282,광주지방경찰청입구,848,126.80297183,Usan Bityeoulchae Apt. (East),35.15889591
1661,우산빛여울채아파트(서),5284,광주여대,849,126.80110891,Usan Bityeoulchae Apt. (West),35.15994093
1662,시청,2233,한국은행,850,126.854246,City Hall,35.158911
1663,시청,2232,계수,852,126.85452528,City Hall,35.15872266
1664,신가동,5303,신가사거리,854,126.82657711,Singa-dong,35.1787943
1665,신가동,5304,목련마을,855,126.82571782,Singa-dong,35.17919134
1666,신가중,5187,신창동우체국,857,126.837156,Shinga Middle School,35.186401
1667,신가중,5188,신가우미아파트,858,126.83687222,Shinga Middle School,35.18621944
1668,신당,5065,본량파출소,859,126.73469167,Sindang,35.184975
1669,신등,5351,방해,860,126.77056513,Sindeung,35.19529735
1670,신동아아파트,5399,동원촌,861,126.83172778,Shindongah Apt.,35.22170833
1671,신동아아파트,5400,비아중,862,126.83181389,Shindongah Apt.,35.22151667
1672,신봉정,5353,내등,863,126.765037,Sinbongjeong,35.1910401
1673,신세계백화점,2274,광천터미널,864,126.88330633,Shinsegae Department Store,35.1584652
1674,신세계백화점(북),2275,광천파출소,865,126.88343707,Shinsegae Department Store (North),35.15954254
1675,신세계백화점,2276,화정중흥파크,866,126.88290556,Shinsegae Department Store,35.15849444
1676,신안교,4338,광주지방기상청,867,126.89696437,Sinangyo Bridge,35.17074853
1677,신안교,4339,용봉초교,868,126.89613889,Sinangyo Bridge,35.17064722
1678,용봉2휴먼시아아파트,4413,신안교입구,869,126.89772242,Yongbong 2 Humansia Apt,35.17223187
1679,용봉2휴먼시아아파트,4353,전대치과병원,870,126.89816111,Yongbong 2 Humansia Apt,35.17175556
1680,신안교입구,4387,유창아파트,871,126.89612222,Sinangyo Bridge Entrance,35.17478056
1681,신안교입구,4388,전대사대부중후문,872,126.89575,Sinangyo Bridge Entrance,35.17463611
1682,신안동행정복지센터,4341,신안사거리,873,126.89848889,Sinan-dong Welfare Center,35.16692222
1683,신안동행정복지센터,4340,태봉새마을금고,874,126.89826887,Sinan-dong Welfare Center,35.16720964
1684,자동차의거리입구,4337,신안사거리,875,126.90207988,Street of Cars,35.16498465
1685,신안사거리,4342,광주역(동),876,126.90428879,Sinan Sageori,35.16539986
1686,신안사거리,4343,북광주수협,877,126.90413506,Sinan Sageori,35.16570642
1687,자동차의거리입구,4582,서림초교입구,878,126.90179167,Street of Cars,35.16508333
1688,신암마을,2247,풍암한국아파트,879,126.88446619,Sinam Village,35.12176461
1689,신암마을,2248,풍암금호아파트,880,126.88455441,Sinam Village,35.12147207
1690,신양파크호텔,1067,지산유원지,881,126.94164444,Shinyang Park Hotel,35.15336944
1691,신양파크호텔,1066,산수무등파크,882,126.94237778,Shinyang Park Hotel,35.15299167
1692,신우아파트,3183,월산5동,885,126.89572816,Sinu Apt.,35.13892895
1693,신우아파트,3184,주월주택단지(북),886,126.89544233,Sinu Apt.,35.13869473
1694,신운,6324,신운,887,127.02198611,Shinun,35.0257
1695,신가주공아파트,5185,신가우미아파트,889,126.832774,Singa Jugong Apt.,35.1842201
1696,보건대입구,5172,반촌,890,126.84934253,Health University Entrance,35.19320672
1697,보건대입구,5173,전남공고입구,891,126.84949167,Health University Entrance,35.19334614
1698,신창동우체국,5191,신창부영1차아파트,892,126.83713,Sinchang-dong Post Office,35.189247
1699,신창동우체국,5192,신가중,893,126.83687614,Sinchang-dong Post Office,35.18913569
1700,신창부영1차아파트,5193,보건대후문,894,126.83856964,Sinchang Booyoung 1st Apt.,35.1904436
1701,신창부영1차아파트,5110,신창중,895,126.83854205,Sinchang Booyoung 1st Apt.,35.19072737
1702,신창중,5112,신창초교,896,126.83763985,Sinchang Middle School,35.19359783
1703,신창중,5111,신창동우체국,897,126.83749722,Sinchang Middle School,35.193925
1704,신가사거리,5181,신가주공아파트,898,126.83119847,Singa Sageori,35.17976579
1705,신가사거리,5182,극락역입구,899,126.83099722,Singa Sageori,35.18003056
1706,신창초교,5195,남부대학교,900,126.83963198,Sinchang Elementary School,35.19756475
1707,신창초교,5194,신창중,901,126.84031973,Sinchang Elementary School,35.19842176
1708,신촌아랫길(4수원지),4295,신촌 윗길(4수원지),902,126.961143,Sinchon Lower Road (Reservoir 4),35.179553
1709,신촌(본량),5066,본량학생야영장,903,126.682325,Sinchon (Bollyang),35.18706667
1710,신촌아랫길(4수원지),4294,등촌,904,126.96102778,World Cup stadium parking lot,35.17943056
1711,가톨릭대평생교육원,2083,서광주우체국,905,126.87074225,Cathlic University Lifelong Education Institute,35.1491016
1712,가톨릭대평생교육원,2082,상무1동주민센터,906,126.87083152,Cathlic University Lifelong Education Institute,35.14939064
1713,전남대공과대학,4411,전남대후문(북),907,126.91193056,Chonnam National University of Technology,35.17879167
1714,전남대공과대학,4410,성산맨션,908,126.91222548,Chonnam National University of Technology,35.17841067
1715,신흥맨션,4181,각화무등파크,909,126.93381667,Sinheung Mansion Apt.,35.17648611
1716,신흥맨션,4182,문화초교,910,126.93369444,Sinheung Mansion Apt.,35.17656667
1717,양산초교입구,4057,광주은행양산동지점,911,126.87391591,Yangsan Elementary School Entrance,35.20849987
1718,양산초교입구,4058,양산호수공원,912,126.87362854,Yangsan Elementary School Entrance,35.20851126
1719,상무쌍용금호아파트,2223,운천초교,917,126.84753766,Sangmu Ssangyong Kumho Apt.,35.15070102
1720,첨단초교후문,5422,쌍암공원,918,126.839445,Cheomdan Elementary School Back Gate,35.2208069
1721,서일초교,4467,일곡초교,919,126.89763,Seoil Elementary School,35.211668
1722,쌍촌역,2070,한국농어촌공사,920,126.86845172,Ssangchon Station,35.15171272
1723,쌍촌역,2086,잿등,922,126.86763294,Ssangchon Station,35.1513731
1724,아리랑고개,5257,소촌금호아파트,924,126.80741245,Arirang Pass,35.15007134
1725,아리랑고개,5214,송정I.C,925,126.80723583,Arirang Pass,35.14991899
1726,양동교차로,4510,광주일고,926,126.90387394,Yangdong Intersection,35.15610205
1727,기아차중문,2189,광천터미널,928,126.87154,Kia Motors Center Gate,35.161557
1728,안양사,4298,무등산국립공원(원효사),929,126.98823611,Anyangsa Temple,35.15415833
1729,안양사,4299,풍암정,930,126.98828056,Anyangsa Temple,35.15429444
1730,무등야구장,4439,무등경기장(북),931,126.88692653,Mudeung Stadium,35.17006198
1731,무등야구장,4440,공구의거리,932,126.88934761,Mudeung Stadium,35.16963726
1732,양곡,5070,구룡(본량),933,126.68282222,Yanggok,35.20135556
1733,양동시장역(남),2166,광주은행북부지점,934,126.90061379,Yangdong Market Station (South),35.15360526
1734,양동시장역(북),2168,양동시장,935,126.901182,Yangdong Market Station (North),35.15406914
1735,양동시장역(북),2167,돌고개역(서),936,126.90102117,Yangdong Market Station (North),35.1542785
1736,양동시장역(남),2165,돌고개역(동),937,126.90036283,Yangdong Market Station (South),35.15374137
1737,양동교차로,4511,양동시장역(북),938,126.90354443,Yangdong Intersection,35.15617222
1738,양일로입구,4260,원삼각마을삼일아파트,939,126.90208889,Yangil-ro Entrance,35.20237778
1739,용봉우미아파트,4394,유창허니문,940,126.90077031,Yongbong Woomi Apt.,35.1778462
1740,매곡대화아파트,4203,전남공무원교육원,941,126.892402,Maegok Daehwa Apt.,35.192127
1741,남평미래병원,6037,방축마을,1962,126.833065,Nampyeong Mirae Hospital,35.027894
1742,남평오거리,6422,삼성자동차학원(시녀울),1965,126.83836944,Nampyeong 5-Way Junc,35.04650833
1743,평산리,6018,어전,1967,126.835138,Pyeongsan-li,35.056339
1744,하칠석.고싸움전수관,3027,상칠석,1968,126.83541619,Hachilseok.Gossaum Training Center,35.06979157
1745,하지석,3064,상지석,1971,126.83659159,Hajiseok,35.0835525
1746,상지석,3023,원산,1972,126.84017404,Sangjiseok,35.08631004
1747,포충사,3062,복수,1974,126.8501707,Pochungsa Shrine,35.08954571
1748,이장1동,3054,수춘,1975,126.861565,Ijang 1(il)-dong,35.086935
1749,양과동,3042,향등,1976,126.8720801,Yanggwa-dong,35.085087
1750,향등,3072,송암동,1977,126.87767532,Hyangdeung,35.08986817
1751,송암동,3157,인성고,1978,126.878168,Songam-dong,35.10052
1752,인성고,3166,남선산업,1979,126.87907406,Inseong High School,35.10324222
1753,금호타운아파트,3148,광주대후문,1980,126.89643056,Kumhotown Apt.,35.11003056
1754,광주대,3230,구암,1981,126.897054,Gwangju University,35.107166
1755,문성석재,6315,벽송저수지,1983,127.07686111,Munseong Stone,35.02164167
1756,죽림,6154,유산리,1986,126.95981389,Jungnim,35.261375
1757,계소리3구,6337,계소리1구,1988,126.95667778,Gyesori District 3,35.04729722
1758,광주고룡학교,5326,창암,1989,126.767451,Gwangju Goryong School,35.207723
1759,구강리,5499,방해,1990,126.782644,Gugang-ri,35.186383
1760,구룡(본량),5034,양곡,1991,126.68683611,Guryong (Bollyang),35.20685
1761,빛고을노인건강타운,3238,조각배어린이공원,1992,126.89555257,Bitgoeul Senior Health Town,35.10080831
1762,구암,3231,빛고을노인건강타운입구,1993,126.89753611,Guam,35.10364444
1763,남계(장성),6246,중앙교회,1994,126.82949167,Namgye (Jangseong),35.26985278
1764,내등,5329,신봉정,1995,126.76175833,Naedeung,35.18899167
1765,노대,3234,빛고을노인건강타운,1996,126.90505278,Nodae,35.09906389
1766,녹서,6223,화산(장성),1997,126.665292,Nokseo,35.200536
1767,녹진,6198,장성마산,1999,126.78819167,Nokjin,35.26239722
1768,패밀리농장,6242,마령,2000,126.663601,Family Farmland,35.205842
1769,장성남면농협,6212,분향,2001,126.8111701,Jangseong Nammyeon  Agricultural Cooperative Federation,35.2417001
1770,능주고,6285,능주초교,2002,126.96006389,Neungju High School,34.98651389
1771,능주면사무소,6287,능주초교,2003,126.95856944,Neungjumyeon Office,34.99006667
1772,만수리,6295,수동,2004,126.95351111,Mansu-li,35.01251667
1773,능주초교,6293,능주면사무소,2005,126.95851667,Neungju Elementary School,34.98851667
1774,덕남,3237,고령친화종합체험관,2006,126.89889444,Deongnam,35.09395556
1775,덕성,6199,녹진,2007,126.779236,Deokseong,35.256504
1776,동림마을,0   ,동림마을,2008,126.687158,Dongnim Village,35.210627
1777,동호,5038,평림,2009,126.684378,Dongho,35.169748
1778,용호(광산구),5074,남동,2010,126.6794701,Yongho (Gwangsan-gu),35.1828201
1779,마령,6225,녹서,2011,126.665107,Maryeong,35.202638
1780,수동,6297,백암,2012,126.95283333,Sudong,35.01676111
1781,매화동(장성),6249,남계(장성),2014,126.82741667,Maehwadong(Jangseong),35.26685833
1782,맥동,5042,임곡교,2015,126.75393056,Maekddong,35.20279444
1783,가마,5031,북성,2016,126.702753,Gama,35.171162
1784,방혜,5333,신등,2017,126.774325,Banghye,35.193103
1785,백길마을,5514,진곡 서길,2018,126.78395556,Baekgil Village,35.21068056
1786,백암,6348,주도리입구,2019,126.95109167,Baegam,35.02466389
1787,장성백운,6217,선평선창마을입구,2021,126.7816601,Jangseong Baegun,35.244141
1788,벽라교,6350,벽라리,2022,126.96699722,Byeongnagyo Bridge,35.050025
1789,벽라리(화순역),6351,대리교통광장(서),2023,126.965658,Byeongna-ri (Hwasun Station),35.053087
1790,벽파정,5335,연동 서길,2024,126.76687778,Byeokpajeong,35.20341944
1791,보강,6227,패밀리농장,2025,126.65863066,Bogang,35.21262358
1792,보화촌,5338,고룡정보산업학교,2026,126.76331389,Bohwachon,35.20603056
1793,본량삼거리,5049,풍숙,2027,126.72568056,Bollyang Samgeori,35.17971111
1794,본량수련장,5055,신촌(본량),2028,126.682098,Gwangju Youth Education Center Bollyang Camp,35.195885
1795,본량초교,5051,본량삼거리,2029,126.723215,Bollyang Elementary School,35.179215
1796,본량파출소,5053,신당,2030,126.73060278,Bollyang Police Box,35.18124167
1797,북성,5056,황산,2031,126.71202778,Bukseong,35.17644444
1798,남면보건지소,6195,승가입구,2032,126.803325,Nammyeon Branch Community Health Center,35.23752778
1799,비아농협,5094,비아호반아파트,2033,126.82489368,Bia Nonghyup,35.22200372
1800,산수보건소,5059,흑석,2034,126.74626111,Sansu Community Health Center,35.19221667
1801,서태마을입구,6202,서태,2037,126.82151389,Setaemaeul Entrance,35.23721111
1802,삼화교,5372,원임곡,2038,126.736757,Samhwagyo Bridge,35.222799
1803,상림,6252,학산,2039,126.862422,Sanglim,35.27086
1804,서태리1구,6354,계소리3구,2041,126.95094722,Setae-li district 1,35.03948611
1805,서태리2구,6356,역청공장,2042,126.94440833,Setae-li district 2,35.03155556
1806,석동,5348,연계삼거리,2043,126.73684722,Seokdong,35.23015556
1807,성내,5349,가정,2044,126.749589,Seongnae,35.218039
1808,세량리,6358,전남학숙,2045,126.91365,Seryang-li,35.07438333
1809,만연빌딩,6346,화순터미널,2046,126.98887778,Manyeon Building,35.05577778
1810,수성,5062,용호(광산구),2047,126.67511111,Suseong,35.18438611
1811,수촌,6254,진원초교,2048,126.816389,Suchon,35.257854
1812,신당,5064,산음,2049,126.73476111,Sindang,35.18493056
1813,신등,5352,신봉정,2050,126.77068582,Sindeung,35.19534529
1814,신봉정,5354,신등,2051,126.7648001,Sinbongjeong,35.190757
1815,신촌(본량),5067,용호(광산구),2052,126.68223333,Sinchon (Bollyang),35.18707778
1816,양곡,5071,월산(본량),2053,126.682981,Yanggok,35.201653
1817,역청공장,6360,서태리1구,2054,126.9474,Bitumen Factory,35.03268889
1818,연계삼거리,5359,삼화교,2055,126.73575,Yeongye Samgeori,35.22588611
1819,연동동길,5534,백길마을,2056,126.77822778,Yeondong East Road,35.20769722
1820,연동 서길,5361,연동삼거리,2057,126.77252222,Yeondong West Road,35.20445833
1821,연양리1구,6361,벽라교,2058,126.96286111,Yeonyangli District 1,35.04193611
1822,연양리2구,6363,연양리1구,2059,126.96261944,Yeonyangli District 2,35.03903611
1823,연화공장,6365,연양리2구,2060,126.96091944,Yeonhwa Factory,35.03476389
1824,예림,5069,명도삼거리,2061,126.69513611,Yerim,35.16950278
1825,오룡,5364,종산제입구,2062,126.74281389,Oryong,35.2503
1826,옥산,5073,수성,2063,126.674291,Oksan,35.191131
1827,와산,5366,상촌(임곡),2064,126.730275,Wasan,35.240875
1828,외등,5369,내등,2066,126.75329722,Oedeung,35.18406667
1829,산막,5342,벽파정,2067,126.767279,Sanmak,35.198303
1830,원지리,6299,만수리,2068,126.95728056,Wonji-li,35.00854444
1831,월봉서원입구,5374,석동,2069,126.73802222,Wolbongseowon Confucian Academy Entrance,35.23633056
1832,월산(본량),5076,본량학생야영장,2070,126.681236,Wolsan (Bollyang),35.198428
1833,월정(장성),6207,장성월곡,2071,126.817901,Woljeong (Jangseong),35.238417
1834,월정,6257,고내입구,2072,126.86372222,Woljeong,35.24446111
1835,임곡교,5078,임곡정수장,2073,126.75214444,Imgokgyo Bridge,35.20762778
1836,광일고,5327,임곡역,2074,126.742946,Kwangil High School,35.219823
1837,가정,5324,비시동,2075,126.7528501,Gajeong,35.216476
1838,임곡동행정복지센터,5377,광일고,2076,126.744779,Imgok-dong Welfare Center,35.219187
1839,임곡역,5378,성내,2077,126.74573611,Imgok Station,35.21868889
1840,원임곡,5344,광일고,2078,126.74086944,Wonimgok,35.22056389
1841,임곡정수장,5380,임곡역,2079,126.74681944,Imgok Purification Plant,35.21516111
1842,입석,5080,매동,2081,126.74021389,Ipseok,35.18856944
1843,자풍,6210,덕성,2082,126.771775,Japung,35.250444
1844,작동,6258,묘동,2083,126.84484167,Jakdong,35.2618
1845,장수동,5544,구강리,2084,126.789241,Jangsu-dong,35.182954
1846,종산제입구,5387,종산,2085,126.74006667,Jongsanje Entrance,35.24460278
1847,종산,5384,월봉서원입구,2086,126.73844167,Jongsan,35.23846667
1848,주도리3구,6373,서태리2구,2087,126.93964167,Judori District 3,35.03220556
1849,장성남중,6214,장성남면농협,2089,126.81269444,Jangseong Nam Middle School,35.24351667
1850,매동,5041,산수보건소,2090,126.74265,Maedong,35.19012778
1851,산음,5061,입석,2091,126.7373,Saneum,35.18725278
1852,진곡 서길,5557,진성,2093,126.78857222,Jingok West Road,35.21115556
1853,진성,5559,구 하남북초교,2094,126.79059444,Jinseong,35.21368611
1854,창암,5389,연동삼거리,2095,126.771008,Changam,35.207112
1855,천덕리,6301,원지리,2096,126.95890556,Cheondeok-li,35.00290278
1856,천동(광산구),5390,보화촌,2097,126.76117778,Cheondong (Gwangsan-gu),35.21048889
1857,평림,5083,애림,2100,126.690424,Pyeongnim,35.16752
1858,평산리(장성),6220,해령,2101,126.78964722,Pyeongsan-li(Jangseong),35.24049722
1859,구 하남북초교,5497,안청농협,2103,126.795299,Former Hanam Buk Elementary School,35.213259
1860,학동(본량),5088,옥산,2104,126.669778,Hak-dong (Bollyang),35.191857
1861,화산(장성),6243,학동(본량),2106,126.666483,Hwasan(Jangseong),35.196869
1862,화순제일중,6400,화순중(북),2107,126.97641944,Hwasun Jeil Middle School,35.05436111
1863,화순교(동),6378,자치샘삼거리,2108,126.98935556,Hwasungyo(Bridge),35.06055556
1864,대리교통광장(서),6344,화순제일중,2110,126.97127701,Daeri Traffic plaza(West),35.05310402
1865,화순시장,6388,화순주유소,2111,126.98261389,Hwasun Market,35.059575
1866,화순우체국,6391,화순교(동),2112,126.9915,Hwasun Post Office,35.06053056
1867,화순주유소,6404,화순공공도서관입구,2113,126.98381944,Hwasun Gas Station,35.06129167
1868,화순중(북),6405,화순시장,2114,126.97976111,Hwasun Middle School,35.05695556
1869,화순중(남),6408,화순제일중,2115,126.97900556,Hwasun Middle School,35.05568889
1870,화순터미널,6410,화순중(남),2116,126.98314167,Hwasun Terminal,35.05575278
1871,황산,5090,본량초교,2117,126.71741111,Hwangsan,35.178075
1872,흑석,5087,맥동,2118,126.75090833,Heukseok,35.19583611
1873,송산유원지,5250,동명고,2119,126.73813889,Songsan Recreation Area,35.15833611
1874,중방,5147,동명고입구,2121,126.735609,Jungbang,35.152797
1875,운평,5143,중방,2122,126.731641,Unpyeong,35.153036
1876,죽산,5145,운평,2123,126.729344,Juksan,35.168008
1877,풍숙,5085,죽산,2124,126.727998,Pungsuk,35.172515
1878,가삼,5120,운평,2125,126.72187527,Gasam,35.15662338
1879,송산,5138,가삼,2126,126.71640316,Songsan,35.15867881
1880,동백훈련장,5132,송산,2127,126.71111944,Dongbaek Army Training Center,35.15960556
1881,지동(광산구),5135,동백훈련장,2128,126.70773772,Jidong (Gwangsan-gu),35.16043058
1882,금복중,5615,봉정,2129,126.685077,Geumbuk Middle School,35.161716
1883,삼암,5614,금복중,2130,126.678742,Samam,35.162608
1884,삼도삼거리,5634,삼암,2131,126.674568,Samdo Samgeori,35.163468
1885,삼도서초교,5612,삼도삼거리,2132,126.67210432,Samdo Seo Elementary School,35.16040423
1886,칠성,5610,삼도서초교,2133,126.67210556,Chilseong,35.15732778
1887,마암,5605,칠성삼거리,2135,126.66349177,Maam,35.150375
1888,용성자동차학원,5604,마암,2136,126.65904147,Yongseong Driving Academy,35.14994049
1889,대야,5590,솔밭가든,2140,126.67338879,Daeya,35.13724617
1890,우치,5592,대야,2141,126.66716705,Uchi,35.13834269
1891,망월(쌍내입구),5594,우치,2142,126.66355278,Mangwol(Ssangnae Entrance),35.13633333
1892,용산,5596,쌍내,2143,126.66140278,Yongsan,35.13741389
1893,양화,5598,망월,2144,126.65986465,Yanghwa,35.13895247
1894,대봉,5600,대봉삼거리,2145,126.66070354,Daebong,35.14240262
1895,상무자동차학원,5602,대봉,2146,126.65921044,Sangmoo Driving Academy,35.1486228
1896,가산(북),5588,대야,2149,126.67724167,Gasan(North),35.13416431
1897,가산,5586,솔밭가든,2150,126.67904703,Gasan,35.1303089
1898,송학,6025,광산구유스호스텔,2153,126.68493972,Songhak,35.10835627
1899,광산구유스호스텔,5121,송학,2156,126.68425054,Gwangsan-gu Youth Hostel,35.11567387
1900,명동삼거리,5046,월곡마을,2162,126.71575833,Myeongdong Samgeori,35.12135556
1901,월곡마을,5479,명동삼거리,2163,126.70773572,Wolgok Village,35.12439649
1902,연동,5472,월곡마을,2164,126.70008889,Yeondong,35.12374444
1903,회룡(광산구),5645,연동,2165,126.69574167,Hoeryong (Gwangsan-gu),35.1239
1904,도야,5653,회룡(광산),2166,126.68921111,Doya,35.12569722
1905,신광(삼도),5654,도야,2167,126.68441436,Singwang (Samdo),35.12764984
1906,대산,5630,신광(삼도),2168,126.68146725,Daesan,35.12879118
1907,대산삼거리,5631,대산,2169,126.68015852,Daesan Samgeori,35.12865729
1908,명화동,5468,명동삼거리,2170,126.72163064,Myeonghwa-dong,35.12279297
1909,축산시험장,5485,명화동,2171,126.73530833,Livestock Experiment Station,35.12386667
1910,용강입구,5476,축산시험장,2172,126.73737357,Yonggang Entrance,35.1245076
1911,기곡,5463,용강입구,2173,126.74245756,Gigok,35.12612747
1912,용곡입구,5478,기곡,2174,126.74482222,Yonggok Entrance,35.12630904
1913,평동초교,5491,용곡입구,2175,126.75604694,Pyeongdong Elementary School,35.12615556
1914,옥동,5474,평동초교,2176,126.75863851,Ok-dong,35.1254152
1915,평동우체국,5489,옥동,2177,126.76148611,Pyeong-dong Post Office,35.12457691
1916,마산(서창),2106,서창농협 벽진지점,2180,126.83121944,Masan (Seochang),35.12758056
1917,동하,2103,마산(서창),2181,126.83296667,Dongha,35.12163611
1918,서창동행정복지센터,2128,동하,2182,126.829717,Seochang-dong Administration and Welfare Center,35.1143901
1919,불암,2115,절골입구(서),2183,126.8364341,Buram,35.11070221
1920,매월동(북),2110,매월동(북),2185,126.84442605,Maewol-dong (North),35.11280777
1921,서부자동차매매단지,2124,대동고,2186,126.856196,Seobu Automobile Dealing Center,35.11423
1922,종합유통단지,2098,서부자동차매매단지,2187,126.85871389,Complex Distribution Center,35.11529167
1923,서부농수산물도매시장,2122,종합유통단지,2188,126.857789,Seobu Agricultural & Marine Products Market,35.117269
1924,절골입구(서),2148,서창동주민센터,2190,126.82861368,Jeolgol Entrance (West),35.11068465
1925,중촌,2150,절골입구(서),2191,126.82297222,Jungchon,35.11008333
1926,서창치안센터,2135,중촌,2192,126.8210601,Seochang Police Patrol & Services Center,35.107438
1927,용두입구,2142,서창치안센터,2193,126.82173549,Yongdu Entrance,35.09966247
1928,학동(서창),2153,용두입구,2195,126.82437472,Hak-dong (Seochang),35.09757633
1929,개동,3001,학동(서창),2196,126.82774874,Gaedong,35.09237357
1930,대촌한일베라체,3012,개동,2197,126.83116077,Daechon Hanil Verace Apt.,35.08221172
1931,지석사거리,3060,대촌한일베라체,2198,126.8335964,Jiseok Sageori,35.08116522
1932,에너지밸리입구,3011,대촌한일베라체,2200,126.825743,Energy Valley Entrance,35.075814
1933,대지동상촌,3025,대촌미곡처리장,2201,126.82259167,Daejidong-sangchon,35.07394722
1934,대지동하촌,3067,상촌,2202,126.81857222,Daejidong-hachon,35.07326111
1935,육묘장,3051,하촌,2203,126.815797,Nursery Farm,35.070304
1936,무학초교,3019,신장,2206,126.80570278,Muhak Elementary School,35.06626944
1937,학촌,3071,월성,2207,126.802898,Hakchon,35.064699
1938,도덕,3014,학촌,2209,126.805311,Dodeok,35.059553
1939,구소,3004,도덕,2211,126.81184444,Guso,35.05322222
1940,양촌(대촌),3044,학촌,2213,126.79381667,Yangchon(Daechon),35.06156944
1941,유촌,3050,양촌,2214,126.79011667,Yuchon,35.05995833
1942,승촌주택단지,3036,유촌,2215,126.78657778,Seungchon Housing Area,35.05794722
1943,승촌,3034,승촌주택단지,2216,126.78404722,Seungchon,35.05631667
1944,월성,3048,학촌,2217,126.8024,Wolseong,35.06936944
1945,지동,3058,월성,2218,126.80404722,Jidong,35.07188056
1946,화장앞길,3076,지동,2219,126.80365833,Hwajang Front Road,35.07402778
1947,화장뒷길,3074,화장앞길,2220,126.80417778,Hwajang Back Road,35.075925
1948,농막,3005,화장뒷길,2221,126.80758889,Nongmak,35.08259167
1949,시산,3038,농막,2222,126.807816,Sisan,35.086161
1950,석정,3030,시산,2223,126.809048,Seokjeong,35.087552
1951,구룡(대촌),2095,석교삼거리,2225,126.81356561,Guryong (Daechon),35.09471066
1952,신용,2108,마현,2226,126.816027,Sinyong,35.096921
1953,봉학,2114,신용,2227,126.81877966,Bonghak,35.098607
1954,연동(담양),6086,교산,2229,126.99171944,Yeondong,35.22503056
1955,산덕,6083,연동(담양),2230,126.99738611,Sangdeok,35.22864167
1956,보평리,6185,의향리2구,2231,127.01165278,Bopyeong-li,35.23355278
1957,창평고입구,6190,보평리,2232,127.014602,Changpyeong High School Entrance,35.237555
1958,창평훈련장,6194,창평초교,2233,127.02273056,Changpyeong Army Training Center,35.24159722
1959,신갈,6106,창평훈련장,2235,127.02509444,Shingal,35.24520278
1960,대덕,6104,팔학,2236,127.0382,Daedeok,35.249875
1961,탄금리,6155,봉산지서,2237,126.958675,Tangeum-li,35.26936111
1962,삼지리,6136,봉산,2243,126.9401,Samji-li,35.26902222
1963,황금리,6184,삼지리,2244,126.93759167,Hwanggeum-li,35.27189444
1964,정중리,6180,황금리,2245,126.93609444,Jeongjung-li,35.27758056
1965,개동리,6157,정중리,2246,126.93683611,Gaedong-li,35.28116111
1966,남산마을입구,6164,개동리,2247,126.93720278,Namsanmaeul Entrance,35.28428333
1967,만화동,6170,남산마을입구,2248,126.935875,Manhwadong,35.29076111
1968,나산리,6168,만화동,2249,126.93493611,Nasanli,35.29384722
1969,하촌1길,6161,대흥리,2250,126.93418889,Hachon 1-gil,35.29768333
1970,농협판매장,6166,하촌1길,2251,126.93233333,Agricultural Cooperative Product Market,35.30075833
1971,고성리,6160,수북면사무소,2253,126.92376667,Goseong-li,35.29493333
1972,월성(담양),6178,고성리,2254,126.920865,Wolseong(Damyang),35.293122
1973,성산리,6116,월성(담양),2256,126.913949,Seongsan-li,35.289002
1974,행정리,6132,성산리,2257,126.9089,HaengJeong-li,35.28760833
1975,갑향리,6108,행정리,2258,126.902182,Gaphyang-li,35.286105
1976,병풍리,6114,갑향리,2259,126.898045,Byeongpung-1i,35.284792
1977,한재초교,6130,원천리,2261,126.890663,Hanjae Elementary School,35.278008
1978,대치,6112,대전파출소(서),2262,126.88731667,Daechi,35.27651111
1979,한재중,6127,대전파출소(남),2263,126.888709,Hanjae Middle School,35.274613
1980,시목,6117,태목,2264,126.889941,Simok,35.260523
1981,삼소동입구,4041,응기,2266,126.887869,Samso-dong Entrance,35.246563
1982,용산교(북구),4086,삼소동입구,2267,126.8906901,Yongsangyo Bridge (Buk-gu),35.244427
1983,입암,4098,전통공예문화학교,2270,126.90417778,Ibam,35.25027222
1984,효령노인복지타운,4092,전통공예문화학교,2271,126.910597,Hyoyeong Senior Welfare Town,35.243354
1985,북초교,4035,효령노인복지타운,2272,126.914834,Buk Elemetary School,35.244393
1986,영락공원입구,4082,효령동,2274,126.915189,Yeongnak Cemetery Park Entrance,35.244065
1987,수곡,4050,영락공원입구,2276,126.91906944,Sugok,35.24585
1988,두촌,4029,수곡,2277,126.92253333,Duchon,35.24676111
1989,단지삼거리,4018,두촌,2278,126.92535556,Danji Samgeori,35.24904444
1990,단지마을,4016,단지삼거리,2279,126.926287,Danji Village,35.246139
1991,시립공원묘지,4052,단지마을,2280,126.932695,Municipal Cemetery Park,35.237639
1992,공원묘지,4272,시립공원묘지,2281,126.934928,Cemetery Park,35.236315
1993,국립5.18민주묘지,4269,어운,2282,126.94206944,May 18th National Cemetery,35.23156111
1994,어운,4300,국립5.18민주묘지,2283,126.945482,Eoun,35.226701
1995,주룡,4315,어운,2284,126.94655556,Juryong,35.22331389
1996,복다우,4283,주룡,2285,126.948298,Bokdau,35.218054
1997,태령,4121,단지삼거리,2286,126.92761389,Taeryeong,35.25109444
1998,신평,6139,태령,2287,126.93043333,Shinpyeong,35.25186944
1999,와우리,6148,신평,2288,126.93424167,Wauri,35.25310278
2000,양지,6142,와우리,2289,126.94058889,Yangji,35.25384722
2001,월전(담양),6150,양지,2290,126.943,Woljeon(Damyang),35.25396111
2002,솔가람고,6144,월전(담양),2291,126.94929444,Solgaram high school,35.25453333
2003,연천,6100,,2292,127.02787222,Yeoncheon,35.17708889
2004,반석,6095,연천,2293,127.02212778,Banseok,35.17885833
2005,소쇄원,6097,전남교육연수원,2294,127.01191389,Soswaewon,35.18256667
2006,가사문학관,6093,지실,2297,127.004587,Gasa Literary House,35.187086
2007,충효동환벽당,4328,가사문학관,2299,127.002553,Chunghyo-dong Hwanbyeokdang Pavilion,35.186681
2008,광주호호수생태원,4326,충효동환벽당,2300,127.000655,Gwangjuho Lake Eco Park,35.183817
2009,수리,4293,광주호호수생태원,2301,127.000085,Suri,35.182765
2010,무등산생태탐방원,4291,수리,2302,126.999128,Mudeungsan Nature Center,35.180478
2011,금곡,4275,석제,2303,126.99892222,Geumgok,35.16975
2012,충장사(북),4323,금곡,2304,126.98023056,Chungjangsa Shrine (North),35.16195833
2013,광곡입구/빛여울초교,3147,임암,2305,126.8691,Gwanggok Entrance/Bityeoul Elementary School,35.10145
2014,임정,3171,광곡입구,2306,126.866313,Imjeong,35.101036
2015,이동입구,3164,임정,2307,126.85915556,Idong Entrance,35.09586667
2016,수춘,3033,양과동,2309,126.867259,Suchun,35.085025
2017,복수,3063,이장2동,2310,126.85590556,Boksu,35.08921944
2018,원산,3045,포충사,2311,126.845164,Wonsan,35.088644
2019,상칠석,3026,도촌,2312,126.836467,Sangchilseok,35.073451
2020,어전,6015,하칠석/고싸움전수관,2313,126.83537778,Eojeon,35.05865
2021,광이리,6003,평산리,2314,126.835447,Gwangui-li,35.055184
2022,남평교,6010,광이리,2315,126.83848333,Nampyeonggyo(Bridge),35.05090278
2023,남평농협,6011,남평오거리,2317,126.84048333,Nampyeong Agricultural Cooperative Federation,35.04686667
2024,나주축산농협,6007,남평정류장,2318,126.842827,Naju Livestock Agricultural Cooperative Federation,35.045395
2025,광남고,6002,교촌마을,2320,126.84214722,Gwangnam High School,35.03850833
2026,광주어망,6006,광남고,2321,126.83700278,Kwangju Fishing Net,35.03487222
2027,방축마을,6014,광주어망,2323,126.83306667,Bangchuk Maeul,35.03010833
2028,매화동(나주),6040,매화(신흥),2326,126.82854,Maehwadong(Naju),35.019676
2029,산제윗길,6042,산제 아랫길,2328,126.82438056,Sanje Upside,35.01434444
2030,국립나주병원,6035,산제 윗길,2329,126.82135,Naju National Hospital,35.00937778
2031,도래,6028,다도초교,2332,126.820986,Dorae,34.997661
2032,행정,6032,다도초교,2333,126.821575,HaengJeong,35.003253
2033,자치샘삼거리,6402,화순공공도서관입구,2336,126.98635278,Jachisaem 3-Way Junc,35.0613
2034,남계촌,1076,남계(화순),2337,126.9416885,Namgyechon,35.0935898
2035,녹동,1083,남구문화예술회관,2338,126.93774474,Nokdong,35.10578041
2036,선교지구입구,1086,내지,2339,126.94716944,Seongyo Entrance,35.08895556
2037,이십곡리,6367,너릿재공원,2341,126.973775,Isipgok-li,35.070098
2038,정수장입구,6371,한보요업,2342,126.99787222,Purification Plant Entrance,35.05405278
2039,장성월곡,6218,남면사무소,2343,126.81540278,Jangseong Wolgok,35.24114167
2040,양림휴먼시아2차,3079,양림휴먼시아1차,2344,126.91750402,Yangnim Humansia 2nd Apt.,35.1355136
2041,중앙교회,6260,진원면사무소,2345,126.830357,Jungang Church,35.273815
2042,평촌,6271,덕촌,2346,126.83857778,Pyeongchon,35.26528056
2043,수북면사무소,6173,수북사거리,2347,126.92789444,Subukmyeon Office,35.30105
2044,응기,6120,시목,2348,126.891195,Unggi,35.251666
2045,진원초교,6266,매화동(장성),2350,126.8222,Jinwon Elementary School,35.26205556
2046,상촌(임곡),5345,임동교,2351,126.72933656,Sangchon (Imgok),35.23217524
2047,전통공예문화학교,4102,용전입구,2354,126.89765278,Traditional Crafts Culture School,35.24231389
2048,주남,1090,녹동,2355,126.93952596,Junam,35.1024826
2049,창평초교,6192,창평고입구,2356,127.018712,Changpyeong Elementary School,35.2397101
2050,전남교육연수원,6102,반석,2357,127.01325556,Jeollanamdo Educational Training Institute,35.18233056
2051,덕촌,6247,작동,2358,126.84101944,Deokchon,35.26271944
2052,초동,6269,월정,2359,126.862924,Chodong,35.251526
2053,동명고,5225,서봉마을,2360,126.7391863,Dongmyoung High School,35.15504605
2054,문흥라인아파트,4236,문흥라인동산아파트,2361,126.9237274,Munheung Line Apt.,35.18608876
2055,남동,5036,동호,2362,126.6821,Nam-dong,35.17953056
2056,농산물품질관리원,5656,첨단우리은행,3594,126.84700833,National Agricultural Products Quality Management Service,35.21788889
2057,농산물품질관리원,5657,우편집중국,3595,126.84685556,National Agricultural Products Quality Management Service,35.21754167
2058,무등교회,2325,만호마을,3596,126.84761,Mudeung Church,35.12773
2059,무등교회,2324,서광주역,3597,126.847364,Mudeung Church,35.128086
2060,구시청사거리,1709,서방사거리,3599,126.91581389,Former City Hall Sageori,35.16414167
2061,구시청사거리,4591,중흥1동주민센터,3600,126.91563889,Former City Hall Sageori,35.16408333
2062,도선사입구,4592,보광사,3601,126.93599569,Doseonsa Temple Entrance,35.19542834
2063,청풍수련장,4593,등촌,3602,126.963838,Gwangju Youth Education Center Cheongpung Camp,35.172024
2064,청풍수련장,4594,4수원지,3603,126.96374444,Gwangju Youth Education Center Cheongpung Camp,35.17226944
2065,칠성마을사거리,2326,동림호반5차,3604,126.863676,Chilseong Village Sageori,35.1670501
2066,칠성마을사거리,2327,유덕초교,3605,126.863398,Chilseong Village Sageori,35.166522
2067,영락공원2단지,4595,영락공원,3606,126.920572,Yeongnak Cemetery Park Complex 2,35.230427
2068,영락공원2단지,4596,효령동,3607,126.92095,Yeongnak Cemetery Park Complex 2,35.230894
2069,김대중컨벤션센터(마륵)역(북),2328,김대중컨벤션센터,3608,126.84101685,Kimdaejung Convention Center (Mareuk) Station (North),35.14403698
2070,세하동,,동하,3609,126.83257001,Seha-dong,35.11957758
2071,세하동,,,3610,126.83247864,Seha-dong,35.11965233
2072,송화마을4단지,3259,송화마을3단지,3616,126.90452456,Songhwa Village Apt. Complex 4,35.10713022
2073,송화마을4단지,3258,조각배어린이공원,3617,126.90422416,Songhwa Village Apt. Complex 4,35.1070249
2074,진월저수지(동),3260,송화마을3단지,3620,126.9040996,Jinwol Reservoir (East),35.112635
2075,광주경찰청입구,5659,우산시영2단지(서),3622,126.800523,Gwangju Metropolitan Police Agency Entrance,35.157262
2076,광주경찰청입구,5658,광주인력개발원,3623,126.800462,Gwangju Metropolitan Police Agency Entrance,35.158626
2077,신아산,5108,서태마을입구,3625,126.825529,Sinasan,35.230566
2078,화전사거리,5683,금연사거리,3626,126.753316,Hwajeon Sageori,35.115879
2079,무등도요,5685,연산동,3627,126.74911408,Mudeung Pottery,35.11472367
2080,연산동,5949,무등도요,3628,126.74128142,YeonsanDong,35.11449051
2081,서진산업,5678,연호전자,3629,126.76244362,Seojin Industrial,35.13039182
2082,평동중,5674,용동(평동),3630,126.7529,Pyeongdong Middle School,35.12978
2083,용동(평동),5672,영천,3631,126.75024109,Yong-dong (Pyeong-dong),35.13456928
2084,라정시내버스,5668,지죽동,3632,126.75880165,Rajeong Transportation Company,35.13943714
2085,영천,5670,라정시내버스,3633,126.75628724,Yeongcheon,35.13793681
2086,지죽동,5666,삼광실업,3634,126.765254,Jijuk-dong,35.140001
2087,삼광실업,5664,에이팩스,3635,126.76758795,Samkwang Industrial,35.13671698
2088,에이팩스,5662,송촌동,3636,126.77230695,APEX,35.13710846
2089,송촌동,5660,선운휴먼시아,3637,126.77627778,Songchon-dong,35.13861667
2090,명화전자,5680,월전공원(남),3638,126.76755632,Myeonghwa Electronics,35.13018126
2091,연호전자,5676,평동중,3639,126.75686897,Yeonho Electronics,35.12988872
2092,은빛마을,5721,성덕교,3640,126.83085827,Eunbit Village,35.19081048
2093,은빛마을,5722,신창부영2차아파트,3641,126.83075262,Eunbit Village,35.19052079
2094,장덕마을,5731,고실마을,3642,126.81528833,Jangdeok Village,35.19376
2095,장덕마을,5732,수완새한아파트,3643,126.81460833,Jangdeok Village,35.193225
2096,고실마을,5733,수완양우내안애,3644,126.815709,Gosil Village,35.196342
2097,고실마을,5734,수완영무예다음,3645,126.815455,Gosil Village,35.196305
2098,수완양우내안애,5735,골옷교,3646,126.815331,Suwan Yangwoo Naeanae Apt.,35.199442
2099,수완양우내안애,5736,고실마을,3647,126.814979,Suwan Yangwoo Naeanae Apt.,35.199695
2100,신창부영2차아파트,5738,신창중,3648,126.835136,Sinchang Booyoung 2nd Apt.,35.190538
2101,신창부영2차아파트,5739,은빛마을,3649,126.835116,Sinchang Booyoung 2nd Apt.,35.1908001
2102,광산우산동행정복지센터,5740,광주여대,3650,126.8065747,Gwangsan Usan-dong Administration Welfare Center,35.16210076
2103,광산우산동행정복지센터,5741,광주무역회관,3651,126.80654091,Gwangsan Usan-dong Administration Welfare Center,35.16136212
2104,광주농수산물유통센터(북),5742,수완모아엘가,3652,126.820281,Agricultural Products Distribution Center (North),35.185051
2105,광주농수산물유통센터(북),5743,수완중흥S-클래스 1차,3653,126.819713,Agricultural Products Distribution Center (North),35.185066
2106,수완모아엘가,5744,수완현진에버빌1차,3654,126.823393,Suwan Moa Elgaa Apt.,35.188508
2107,수완모아엘가,5745,광주농수산물유통센터(북),3655,126.823378,Suwan Moa Elgaa Apt.,35.189683
2108,하완마을,5746,골옷교,3656,126.821961,Hawan Village,35.20248
2109,하완마을,5747,수완동공원,3657,126.822644,Hawan Village,35.202009
2110,수완동공원,5748,하완마을,3658,126.826613,Suwan-dong Park,35.200804
2111,수완동공원,5749,수완지구(종점),3659,126.82581632,Suwan-dong Park,35.20072072
2112,수완중흥S-클래스 1차,5728,목련마을6단지,3665,126.8177,Suwan Jungheung S-Class 1st Apt.,35.181727
2113,수완중흥S-클래스 1차,5727,광주농수산물유통센터(북),3666,126.818138,Suwan Jungheung S-Class 1st Apt.,35.181352
2114,정부광주지방합동청사,4687,국립광주과학관,3667,126.848854,Gwangju Regional Government Complex,35.223454
2115,정부광주지방합동청사,4688,정부광주지방합동청사입구,3668,126.84866,Gwangju Regional Government Complex,35.22325
2116,풍암동부센트레빌,2338,운리초교입구,3678,126.865986,Pungam Dongbu Centreville Apt.,35.120597
2117,풍암SK뷰,2340,풍암동부센트리빌,3679,126.86675584,Pungam SK View Apt.,35.11819295
2118,운리초교입구,2336,풍암동부센트리빌,3692,126.86356,Ulli Elementary School Entrance,35.122515
2119,운리초교입구,2335,마재부영아파트,3693,126.863708,Ulli Elementary School Entrance,35.122596
2120,풍암동부센트레빌,2337,풍암동부아파트,3694,126.866152,Pungam Dongbu Centreville Apt.,35.120657
2121,평동역(북),5682,명화전자,3747,126.76820708,Pyeong-dong Station (North),35.12521596
2122,무등도요,5686,금연삼거리,3748,126.74916427,Mudeung Pottery,35.11467455
2123,화전사거리,5684,옥동차량기지,3749,126.753344,Hwajeon Sageori,35.115828
2124,명화전자,5681,평동역(동),3750,126.76722911,Myeonghwa Electronics,35.13023084
2125,서진산업,5679,명화전자,3751,126.76240367,Seojin Industrial,35.13020176
2126,연호전자,5677,서진산업,3752,126.75675556,Yeonho Electronics,35.12968611
2127,평동중,5675,연호전자,3753,126.75269,Pyeongdong Middle School,35.13006
2128,용동(평동),5673,평동중,3754,126.75031456,Yong-dong (Pyeong-dong),35.13468273
2129,영천,5671,용동(평동),3755,126.75609539,Yeongcheon,35.13786896
2130,송촌동,5661,럭키금속,3756,126.77588611,Songchon-dong,35.13861667
2131,에이팩스,5663,삼광실업,3757,126.77222123,APEX,35.13741518
2132,삼광실업,5665,지죽동,3758,126.76746468,Samkwang Industrial,35.13701565
2133,지죽동,5667,라정시내버스,3759,126.764154,Jijuk-dong,35.140095
2134,라정시내버스,5669,영천,3760,126.7590527,Rajeong Transportation Company,35.13964388
2135,연산동,,,3761,126.74135278,YeonsanDong,35.11451667
2136,동산교차로(북),2119,무등교회,3762,126.851012,Dongsan Intersection (North),35.125836
2137,광주경찰청,5693,광주지방경찰청입구,3765,126.7994912,Gwangju Metropolitan Police Agency,35.15436081
2138,광주경찰청,5694,소촌라인2차아파트,3766,126.79898973,Gwangju Metropolitan Police Agency,35.15390862
2139,소촌남계길,5689,아리랑고개,3767,126.80493603,Sochon Namgye-gil,35.15165891
2140,소촌남계길,5690,소촌라인2차아파트,3768,126.80492203,Sochon Namgye-gil,35.15177514
2141,소촌라인2차아파트,5692,소촌남계길,3769,126.801413,Sochon Line 2nd Apt.,35.15151
2142,소촌라인2차아파트,5691,광주지방경찰청,3770,126.801206,Sochon Line 2nd Apt.,35.151646
2143,진월저수지(동),3261,진월리채3차,3771,126.904382,Jinwol Reservoir (East),35.112972
2144,송화마을1단지입구,3262,송화마을1단지,3772,126.89914881,Songhwa Village Apt. Complex 1 Entrance,35.11062588
2145,송화마을3단지,3263,송화마을4단지,3773,126.90428853,Songhwa Village Apt. Complex 3,35.1105883
2146,매월동(동),2329,대동고,3774,126.845636,Maewol-dong (East),35.11233266
2147,매월동(동),2330,절골입구(북),3775,126.84596351,Maewol-dong (East),35.11279933
2148,옥동차량기지,5695,평동파출소,3776,126.75961993,Ok-dong Garage,35.12094738
2149,옥동차량기지,5696,금연삼거리,3777,126.75954674,Ok-dong Garage,35.12103056
2150,월인,6426,갈전,3781,126.896569,Wolin,35.274937
2151,월인,6425,원천리,3782,126.89679,Wolin,35.274837
2152,갈전,6424,강의리,3783,126.898304,Galjeon,35.272178
2153,갈전,6423,월인,3784,126.898556,Galjeon,35.272075
2154,비아119안전센터(북),5688,비아호반아파트,3785,126.82344013,Bia Fire House (North),35.22075262
2155,비아119안전센터(북),5687,비아119안전센터(서),3786,126.82327337,Bia Fire House (North),35.22102396
2156,구신한포토닉스,4601,산업인력공단사거리,3787,126.85686773,Former Shinhan Photonics,35.22386181
2157,구신한포토닉스,4602,정부광주지방합동청사입구,3788,126.85665488,Former Shinhan Photonics,35.22390613
2158,절골입구(북),2334,서창동주민센터,3789,126.8291842,Jeolgol Entrance (North),35.1108996
2159,절골입구(북),2333,매월동(동),3790,126.82903246,Jeolgol Entrance (North),35.11087764
2160,지산유원지,1172,지산유원지입구,3791,126.94485,Jisan Recreation Area,35.15020556
2161,고령친화종합체험관,3264,덕남,3794,126.89512878,Senior Technology Complex,35.09730155
2162,고령친화종합체험관,3265,빛고을노인건강타운,3795,126.89523071,Senior Technology Complex,35.09744858
2163,조각배어린이공원,3267,송화마을4단지,3799,126.90279357,Jogakbae Children's Park,35.10283119
2164,조각배어린이공원,3266,빛고을노인건강타운,3800,126.90263438,Jogakbae Children's Park,35.10308132
2165,명진고,5712,수완아름공원,3801,126.82935068,Myeongjin High School,35.18526091
2166,명진고,5713,신가주공아파트,3802,126.82915949,Myeongjin High School,35.18502955
2167,대리교통광장(남),6441,벽라리,3803,126.97206389,Daeri Traffic plaza(South),35.05262222
2168,대리교통광장(남),6432,화순제일중,3804,126.9725004,Daeri Traffic plaza(South),35.05256939
2169,수완우미린2차,5700,도천저수지,3806,126.82062551,Suwan Woomi Lynn 2nd Apt.,35.20033466
2170,수완우미린2차,5701,수완현진에버빌1차,3807,126.82012603,Suwan Woomi Lynn 2nd Apt.,35.2003738
2171,수완현진에버빌1차,5702,수완우미린2차,3808,126.82316947,Suwan Hyunjin Evervill 1st Apt.,35.19487223
2172,수완현진에버빌1차,5703,수완모아엘가,3809,126.82283361,Suwan Hyunjin Evervill 1st Apt.,35.19458158
2173,성덕마을,5704,수완현진에버빌1차,3810,126.81656542,Seongdeok Village,35.19069245
2174,성덕마을,5705,수완새한포유,3811,126.81655691,Seongdeok Village,35.19096654
2175,수완새한포유,5706,장덕마을(서),3812,126.814205,Suwan Saehan ForYou Apt.,35.18751333
2176,수완새한포유,5707,광주농수산물유통센터(서),3813,126.81403833,Suwan Saehan ForYou Apt.,35.18805
2177,수완중흥S-클래스 2차,5708,수완새한포유,3814,126.81394922,Suwan Jungheung S-Class 2nd Apt.,35.18342172
2178,수완중흥S-클래스 2차,5709,흑석사거리(동),3815,126.813456,Suwan Jungheung S-Class 2nd Apt.,35.183122
2179,성덕교,5710,성덕마을,3816,126.82523104,Seongdeokgyo Bridge,35.19085846
2180,성덕교,5711,은빛마을,3817,126.82504804,Seongdeokgyo Bridge,35.19059782
2181,하남2지구,5752,하남2지구,3829,126.797966,Hanam District 2,35.17595
2182,하남2지구,5753,하남도시공사아파트,3830,126.798846,Hanam District 2,35.175958
2183,수완영무예다음,5754,장덕마을,3831,126.81860833,Suwan Youngmu Yedaum Apt.,35.19531333
2184,수완영무예다음,5755,수완현진에버빌1차,3832,126.81881356,Suwan Youngmu Yedaum Apt.,35.19515616
2185,화천기공,5759,수완진흥더루벤스,3836,126.80678468,Hwacheon Machine Tool,35.19662636
2186,화천기공,5760,호남샤니,3837,126.8060571,Hwacheon Machine Tool,35.19685393
2187,수완진흥더루벤스,5761,장덕마을,3838,126.81296626,Suwan Jinheung The Rubens Apt.,35.19540413
2188,수완진흥더루벤스,5762,화천기공,3839,126.81279422,Suwan Jinheung The Rubens Apt.,35.19599735
2189,다사로움1차아파트,5716,하남역입구,3846,126.80021918,Dasaroum 1st Apartment,35.17434786
2190,다사로움1차아파트,5717,산정초교,3847,126.80003846,Dasaroum 1st Apartment,35.17441605
2191,산정초교,5714,하남중앙초교입구,3848,126.80191531,Sanjeong Elementary School,35.17245389
2192,산정초교,5715,하남도시공사아파트,3849,126.80142883,Sanjeong Elementary School,35.1726753
2193,광주농수산물유통센터(서),5730,수완중흥S-클래스 1차,3851,126.817372,Agricultural Products Distribution Center (West),35.184235
2194,광주농수산물유통센터(서),5729,수완새한포유,3852,126.81766458,Agricultural Products Distribution Center (West),35.18440507
2195,효령동,4604,영락공원2단지,3853,126.91648333,Hyoyeong-dong,35.2424519
2196,효령동,4605,영락공원입구,3854,126.9167129,Hyoyeong-dong,35.2421639
2197,빛고을CC,3273,구암,3875,126.89987548,Bitgoeul CC,35.10221933
2198,빛고을CC,3272,빛고을노인건강타운,3876,126.89931389,Bitgoeul CC,35.10225278
2199,지실,6434,가사문학관,3877,127.00634701,Jisil,35.1857799
2200,지실,6433,유산교,3878,127.00625668,Jisil,35.18569481
2201,유산교,6436,지실,3879,127.00850883,Yusangyo(Bridge),35.18393061
2202,유산교,6435,닭뫼,3880,127.00831629,Yusangyo(Bridge),35.18396874
2203,송화마을1단지,3276,진남초교,3881,126.89975827,Songhwa Village Apt. Complex 1,35.10916208
2204,진남초교,3277,송화마을5단지,3882,126.90292597,Jinnam Elemantary School,35.10813957
2205,송화마을5단지,3274,조각배어린이공원,3883,126.906198,Songhwa Village Apt. Complex 5,35.106245
2206,송화마을5단지,3275,진월남양휴튼,3884,126.90640522,Songhwa Village Apt. Complex 5,35.10628526
2207,진월남양휴튼,3279,송화마을3단지,3888,126.90515757,Jinwol Namyang Huton Apt.,35.10822734
2208,도천저수지,5766,수완우미린2차,3895,126.82754968,Docheon Reservoir,35.21204514
2209,도천저수지,5765,응암공원,3896,126.82774014,Docheon Reservoir,35.21174012
2210,송화마을3단지,3278,진월저수지(동),3897,126.90459967,Songhwa Village Apt. Complex 3,35.11042154
2211,망향동산길,4265,장동마을,3900,126.93144263,Manghyangdongsan Road,35.21004839
2212,망향동산길,4266,변전소,3901,126.93132864,Manghyangdongsan Road,35.20999042
2213,닭뫼,4476,평촌,3902,127.0078114,Dakmoe,35.18212148
2214,닭뫼,4477,소쇄원,3903,127.00792586,Dakmoe,35.1821165
2215,평촌,4571,닭뫼,3904,127.010321,Pyeongchon,35.176154
2216,문화전당역,1131,전남대병원오거리,3907,126.92124635,Culture Center Station,35.14544429
2217,문화전당역,1130,국립아시아문화전당,3908,126.91895949,Culture Center Station,35.14624502
2218,큰별초교,5180,광주농수산물유통센터(서),3909,126.82121513,Keunbyeol Elementary School,35.18305996
2219,큰별초교,5179,수완아름공원,3910,126.82079759,Keunbyeol Elementary School,35.18287838
2220,수완아름공원,5308,큰별초교,3911,126.82689069,Suwan Areum Park,35.18447612
2221,수완아름공원,5307,명진고,3912,126.82753764,Suwan Areum Park,35.18449198
2222,조선대학교병원,,,3914,126.92538056,Chosun University Hospital,35.13988333
2223,수완지구,5697,수완보건지소,3919,126.83269161,Suwan District,35.19918039
2224,대전파출소(서),6124,대치,3923,126.88829167,Daejeon Police Box(west),35.27700833
2225,대전파출소(서),6123,한재초교,3924,126.88826111,Daejeon Police Box(west),35.276925
2226,대흥리,6430,하촌1길,3925,126.93475795,Daeheung-ri,35.296076
2227,대흥리,6431,나산리,3926,126.93466437,Daeheung-ri,35.29617838
2228,대전파출소(남),6468,한재중,3927,126.88852778,Daejeon Police Box(South),35.27685278
2229,신남마을,6419,시목,3928,126.88860556,Shinnam Village,35.27188611
2230,신남마을,6420,한재중,3929,126.88877424,Shinnam Village,35.27190282
2231,문화전당역,1042,동구청,3932,126.91909607,Culture Center Station,35.14545686
2232,수완지구,5852,수문초교입구,3934,126.832353,Suwan District,35.19907
2233,대진운수,4091,용전입구,3936,126.89367932,Daejin Transportation Company,35.23963533
2234,보광사,4607,도선사,3938,126.93706601,Bogwangsa Temple,35.19215845
2235,용전입구,4619,전통공예문화학교,3940,126.89531801,Yongjeon Entrance,35.24057876
2236,용전입구,4618,용전사거리(북),3941,126.89544579,Yongjeon Entrance,35.24091056
2237,수완건강생활지원센터,5698,수완지구(종점),3946,126.82498633,Suwan Communtiy Health Promotion Center,35.19705164
2238,수완건강생활지원센터,5699,수완우미린2차,3947,126.82543426,Suwan Community Health Promotion Center,35.19744179
2239,일곡청솔4차아파트,4478,일곡현대3차아파트,3949,126.90149857,Ilgok Cheongsol 4th Apt.,35.20656497
2240,유격훈련장,4472,일곡현대3차아파트,3950,126.90096187,Ranger Training Center,35.21298101
2241,광주무역회관,5767,계수,3951,126.80980316,Gwangju Trade Center,35.16106374
2242,광주무역회관,5768,광산우산동주민센터,3952,126.80988294,Gwangju Trade Center,35.16178039
2243,광주김치타운,,서부농수산물도매시장,3953,126.8672849,Gwangju Kimchi Town,35.10941883
2244,능주교,6440,능주사거리,3956,126.959768,Neungjugyo(Bridge),34.99663794
2245,능주교,6439,천덕리,3957,126.95978543,Neungjugyo(Bridge),34.99645655
2246,주도리입구,6437,백암,3958,126.95449012,Judori  Entrance,35.0293976
2247,주도리입구,6438,연화공장,3959,126.9546044,Judori  Entrance,35.02935775
2248,양지마을,4611,양지초교,3962,126.88163466,Yangji Village,35.20461667
2249,양지마을,4610,향토음식박물관,3963,126.8815912,Yangji Village,35.20441745
2250,동산초교옆,1063,지산2동주민센터,943,126.93683889,Side of Dongsan Elementary School,35.14889722
2251,중앙여고,4451,문화예술회관,944,126.88575384,Jungang Girls' High School,35.17594705
2252,앰코코리아,4059,은혜학교,945,126.85189722,Amkor Technology Korea,35.229775
2253,앰코코리아,4060,국립광주과학관,946,126.85173889,Amkor Technology Korea,35.22965
2254,일가정양립지원본부,2235,김대중컨벤션센터,947,126.841748,work-family Balance Assisttance Center,35.151778
2255,일가정양립지원본부,2234,상무중흥아파트,948,126.840556,work-family Balance Assisttance Center,35.151455
2256,역청공장,6359,서태리2구,950,126.94735556,Bitumen Factory,35.03275278
2257,연계삼거리,5358,임동교,951,126.735736,Yeongye Samgeori,35.226003
2258,연동동길,5535,연동삼거리,952,126.77818889,Yeondong East Road,35.20775278
2259,연동 서길,5360,벽파정,953,126.77246111,Yeondong West Road,35.20448889
2260,연동삼거리,5362,연동동길,954,126.774424,Yeondong Samgeori,35.206323
2261,연동삼거리,5363,창암,955,126.774475,Yeondong Samgeori,35.206398
2262,연양리1구,6362,연양리2구,956,126.96279444,Yeonyangli District 1,35.04193889
2263,연양리2구,6364,연화공장,957,126.96251111,Yeonyangli District 2,35.03904167
2264,연진회미술원,1101,운림중,958,126.938669,Yeonjinhoe Academy Of Art,35.132004
2265,연진회미술원,1100,홍림교,959,126.938232,Yeonjinhoe Academy Of Art,35.132235
2266,양산호수공원,4080,신흥택시,960,126.87370469,Yangsan Lake Park,35.20490891
2267,양산호수공원,4079,KT&G광주제조창,961,126.87350066,Yangsan Lake Park,35.20453129
2268,대촌마을입구,4025,첨단종점,962,126.85755709,Daechon Village Entrance,35.23668854
2269,대촌마을입구,4024,한국광기술원,963,126.85774847,Daechon Village Entrance,35.23701643
2270,연화공장,6366,주도리입구,964,126.96083611,Yeonhwa Factory,35.03484444
2271,염주맨션,2303,화정중,965,126.88001015,Yeomju Mansion Apt.,35.14319664
2272,염주사거리(동),2305,염주맨션,966,126.87581,Yeomju Sageori (East),35.14271
2273,염주사거리(동),2304,화정남초교,967,126.876126,Yeomju Sageori (East),35.142866
2274,염주사거리(서),2306,서광주우체국,968,126.87443458,Yeomju Sageori (West),35.14327733
2275,염주초교,2309,염주체육관,969,126.87604444,Yeomju Elementary School,35.13998611
2276,염주초교,2308,염주사거리(서),970,126.87637692,Yeomju Elementary School,35.13990132
2277,대촌마을,4044,대촌마을입구,971,126.85459167,Daechon Village,35.23569722
2278,대반초교,5318,풍영정천1교,973,126.80989175,Daeban Elementary School,35.17478317
2279,영천초교,5311,월곡시장,974,126.81162778,Yeongcheon Elementary School,35.17207778
2280,예림,5068,평림,975,126.69509722,Yerim,35.16957222
2281,예술의거리입구,1126,광주세무서,976,126.91631111,Art Street Entrance,35.15104444
2282,예술의거리입구,1127,대인시장(동),977,126.91694799,Art Street Entrance,35.15128889
2283,천운장,6330,넘은골,978,127.057297,Cheonunjang,35.032785
2284,천운장,6329,동암,979,127.057255,Cheonunjang,35.032874
2285,오룡,5365,,980,126.74283056,Oryong,35.25033056
2286,오치1동행정복지센터,4372,서산초교,981,126.90503152,Ochi 1(il)-dong Administration Welfare Center,35.19127148
2287,오치주공,4374,용봉중,982,126.903262,Ochi Jugong Apt.,35.187117
2288,오치주공,4373,북부경찰서,983,126.902988,Ochi Jugong Apt.,35.187258
2289,오치초교,4375,광주공고입구,985,126.89850278,Ochi Elementary School,35.18578333
2290,오치초교,4376,용주초교,986,126.89818333,Ochi Elementary School,35.18624444
2291,옥산,5072,학동(본량),988,126.674362,Oksan,35.191183
2292,와산,5367,종점,990,126.73031944,Wasan,35.24087778
2293,외등,5368,노동,992,126.75323611,Oedeung,35.18409722
2294,요한병원,4494,광호예식장,993,126.902509,St. John of God Hospital,35.160643
2295,지산입구,4108,지산초교,995,126.88928428,Jisan Entrance,35.23349385
2296,용주초교,4400,오치초교,996,126.89855039,Yongju Elementary School,35.18116857
2297,용주초교,4399,용봉모아아파트,997,126.89824444,Yongju Elementary School,35.18149444
2298,수완에너지,5811,수완지구,998,126.828153,Suwan Energy,35.198221
2299,용봉동성당,4583,용봉현대3차아파트,1000,126.89547616,Yongbong-dong Catholic Church,35.17942109
2300,용봉동성당,4584,유창아파트,1001,126.89530938,Yongbong-dong Catholic Church,35.17926641
2301,용봉주공,4209,북부경찰서,1002,126.89656667,Yongbong Jugong Apt.,35.18726389
2302,용봉한화꿈에그린,4390,도로교통공단 대신파크,1003,126.90430546,Yongbong Hanwha Dream & Green Apt.,35.18105076
2303,용봉한화꿈에그린,4389,삼원맨션,1004,126.90427624,Yongbong Hanwha Dream & Green Apt.,35.18144066
2304,용봉중,4364,자연과학고,1005,126.90968056,Yongbong Middle School,35.18696944
2305,용봉중,4365,오치주공,1006,126.90934128,Yongbong Middle School,35.18713743
2306,용봉초교,4345,신안교,1007,126.89975364,Yongbong Elementary School,35.16999663
2307,용봉초교,4344,전남대사거리(동),1008,126.89948726,Yongbong Elementary School,35.16977133
2308,삼원맨션,4384,용봉한화꿈에그린,1009,126.90222778,Samwon Mansion Apt.,35.18081944
2309,용산교(동구),1102,지원2동주민센터,1010,126.93121944,Yongsangyo Bridge (Dong-gu),35.12071111
2310,용생,6321,동면농공단지,1011,127.01338889,Yongsaeng,35.0343
2311,용생,6322,백동,1012,127.01358056,Yongsaeng,35.03429444
2312,용전,4598,지산입구,1015,126.896128,Yongjeon,35.238618
2313,풍암우미아파트,2262,풍암금호아파트,1016,126.88241149,Pungam Woomi Apt.,35.12649546
2314,운암우미아파트,4456,시립장애인복지관,1017,126.87134081,Unam Woomi Apt.,35.18391447
2315,운암우미아파트,4457,운암중,1018,126.87142222,Unam Woomi Apt.,35.18323056
2316,오정초교입구,4359,오치한전옆,1019,126.91167011,Ojung Elementary School Entrance,35.18394516
2317,오정초교입구,4358,문화근린공원,1020,126.91195278,Ojung Elementary School Entrance,35.18373889
2318,유창허니문입구,4405,용주초교,1021,126.89802022,Yuchang Honeymoon Apt. Entrance,35.17916576
2319,신가우미아파트,5184,신가중학교,1022,126.83574167,Singa Woomi Apt.,35.18503611
2320,신가우미아파트,5183,신가주공아파트,1023,126.83618074,Singa Woomi Apt.,35.18525231
2321,풍암우미아파트,2263,원광대한방병원,1024,126.88260862,Pungam Woomi Apt.,35.12655159
2322,상수도광산요금센터,5268,광산우산주공,1025,126.81002748,Gwangsan Waterworks Rate Center,35.15638625
2323,상수도광산요금센터,5267,우산리버힐아파트,1026,126.80996639,Gwangsan Waterworks Rate Center,35.15655657
2324,서작,5287,상수도광산사업소,1028,126.81327049,Seojak,35.15628157
2325,우산리버힐아파트,5281,광산중,1029,126.80658774,Usan Riverhill Apt.,35.15781447
2326,우산리버힐아파트,5280,우산시영2단지(동),1030,126.80680556,Usan Riverhill Apt.,35.15783333
2327,우산동중흥S클래스,5270,아리랑고개,1031,126.80988334,Usan-dong Jungheung S-Class,35.15208947
2328,우산동중흥S클래스,5269,상수도광산사업소,1032,126.81015958,Usan-dong Jungheung S-Class,35.15195833
2329,광주자동화마이스터고,5276,광산우산주공,1033,126.813582,Gwangju Automatic Equipment Tec. Meister high school,35.15241
2330,광주자동화마이스터고,5275,대덕아파트,1034,126.814223,Gwangju Automatic Equipment Tec. Meister high school,35.152253
2331,우진아파트,2172,월산사거리,1035,126.90588889,Woojin Apt.,35.15047778
2332,우진아파트,2171,광주학생운동기념탑,1036,126.90569167,Woojin Apt.,35.15007778
2333,우치공원,4094,명상의집,1037,126.900644,Uchi Park,35.225379
2334,우치공원,4095,생룡,1038,126.900908,Uchi Park,35.22552
2335,금구중,5292,풍영정천1교,1043,126.81559444,Geumgu Middle School,35.17615556
2336,금구중,5629,운남삼성아파트,1044,126.81540881,Geumgu Middle School,35.17597077
2337,목련마을,5294,신가동,1046,126.8200363,Mongryeon Village,35.17922002
2338,목련마을,5295,목련마을6단지,1047,126.82114685,Mongryeon Village,35.17946692
2339,운남삼성아파트,5305,목련마을6단지,1048,126.81776831,Unnam Samsung Apt,35.17457002
2340,운남삼성아파트,5306,광산구노인복지회관,1049,126.81718889,Unnam Samsung Apt.,35.17422778
2341,금구초교,5293,목련마을8단지,1050,126.81506657,Geumgu Elementary School,35.17790307
2342,목련마을6단지,5297,수완중흥S-클래스 1차,1053,126.817813,Mongryeon Village Apt. Complex 6,35.176518
2343,운림중,1161,학운초교,1055,126.943161,Unlim Middle School,35.132085
2344,동산마을입구,1154,운림중,1056,126.94481944,Dongsan Village Entrance,35.13229444
2345,운림중,1160,연진회미술원,1057,126.94241667,Unlim Middle School,35.13226111
2346,살레시오고입구,4469,유격훈련장,1058,126.90015162,Salessio High School Entrance,35.21509104
2347,운암벽산블루밍,4431,문화예술회관,1059,126.878158,Unam Byucksan Blooming Apt.,35.177155
2348,운암도서관,4432,운암초교,1060,126.8772001,Unam Library,35.178302
2349,운암도서관,4455,운암벽산블루밍,1061,126.875667,Unam Library,35.179035
2350,운암중,4458,운암우미아파트,1063,126.874043,Unam Middle School,35.180977
2351,운암중,4459,운암3단지,1064,126.8727248,Unam Middle School,35.18183583
2352,운천역,2073,상무지구입구,1065,126.85656,Uncheon Station,35.150297
2353,운천역,2087,호남대입구,1067,126.857816,Uncheon Station,35.150195
2354,운천저수지,2088,상무지구입구,1068,126.856656,Uncheon Reservoir,35.148074
2355,운천저수지,2089,금호초교,1069,126.856017,Uncheon Reservoir,35.149152
2356,운천초교,2236,상무대우아파트,1071,126.84752253,Uncheon Elementary School,35.15347189
2357,첨단라인8차아파트,5448,산월초교입구,1072,126.83454281,Cheomdan Line 8th Apt.,35.21503771
2358,원광대한방병원,2252,염주체육관,1073,126.88506389,Wonkwang University Medical Center,35.12913611
2359,원광대한방병원,2251,풍암우미아파트,1075,126.88529655,Wonkwang University Medical Center,35.12963409
2360,금당중,3219,서남하이츠,1076,126.88730556,Keumdang Middle School,35.13049167
2361,금당중,3220,원광대한방병원,1077,126.8875342,Keumdang Middle School,35.13089696
2362,산막,5341,신등,1079,126.767201,Sanmak,35.198255
2363,평동역(서),5487,평동우체국,1080,126.76743869,Pyeong-dong Station (West),35.12498495
2364,원지리,6300,천덕리,1081,126.95718056,Wonji-li,35.00851389
2365,무등산국립공원(원효사),4305,안양사,1082,126.98712778,Mudeungsan National Park (Wonhyosa Temple),35.14639722
2366,무등산국립공원(원효사),4304,,1083,126.98703056,Mudeungsan National Park (Wonhyosa Temple),35.14668889
2367,월계중,5405,첨단초교후문,1084,126.833374,Wolgye Middle School,35.218758
2368,장성월곡,6219,월정(장성),1085,126.81531944,Jangseong Wolgok,35.24110556
2369,영천초교,5312,광산구노인복지회관,1086,126.811977,Yeongcheon Elementary School,35.17184723
2370,월곡2동행정복지센터,5540,하남중앙초교입구,1087,126.80666,Wolgok 2(i)-dong Administration Welfare Center,35.17237
2371,월곡2동행정복지센터,5541,영천초교,1088,126.807066,Wolgok 2(i)-dong Administration Welfare Center,35.172119
2372,월곡일신아파트,5314,월곡시장,1089,126.80905833,Wolgok Ilshin Apt.,35.16798333
2373,월곡일신아파트,5313,하남중,1090,126.80874644,Wolgok Ilshin Apt.,35.16750863
2374,월곡시장,5316,영천초교,1091,126.80939167,Wolgok Market,35.17118889
2375,월곡시장,5315,월곡일신아파트,1092,126.80913532,Wolgok Market,35.17148889
2376,월드컵경기장,2254,염주체육관,1094,126.87420594,World Cup Stadium,35.13563756
2377,월드컵경기장,2253,금호모아아파트,1095,126.87401667,World Cup Stadium,35.13586082
2378,월봉서원입구,5375,종산,1096,126.73810556,Wolbongseowon Confucian Academy Entrance,35.23632222
2379,월산(석곡),4307,석곡동주민센터,1097,126.950155,Wolsan (Seokgok),35.209457
2380,월산(석곡),4306,동초교,1098,126.94958333,Wolsan (Seokgok),35.21053056
2381,월산(삼각동),4471,일곡청솔4차아파트,1099,126.90148611,Wolsan (Samgak-dong),35.20457222
2382,월산(본량),5077,양곡,1100,126.6813201,Wolsan (Bollyang),35.198506
2383,월산4동,3177,건강협회,1101,126.89175776,Wolsan 4(sa)-dong,35.14414122
2384,월산4동,3178,월산5동,1102,126.89048457,Wolsan 4(sa)-dong,35.14518405
2385,월산5동,3186,월산4동,1103,126.8939,Wolsan 5(o)-dong,35.141367
2386,월산5동,3185,신우아파트,1104,126.89280642,Wolsan 5(o)-dong,35.14215934
2387,월산마을,3363,주월초교,1105,126.888032,Wolsan Village,35.142138
2388,월산마을,3179,월산마을입구,1106,126.88826973,Wolsan Village,35.14194969
2389,월산(삼각동),4261,양일로입구,1107,126.90135,Wolsan (Samgak-dong),35.20432222
2390,월산마을입구,3250,월산5동,1108,126.89092041,Wolsan Village Entrance,35.1434431
2391,월산마을입구,3249,월산마을,1109,126.89070325,Wolsan Village Entrance,35.14363757
2392,용호(북구),4303,중소기업진흥공단호남연수원,1110,126.94492327,Yongho (Buk-gu),35.21048975
2393,용호(북구),4302,석곡파출소,1111,126.9456794,Yongho (Buk-gu),35.21098376
2394,월산초교,3203,동신대한방병원,1112,126.89778611,Wolsan Elementary School,35.1469
2395,월산초교,3202,무진중,1113,126.89755,Wolsan Elementary School,35.14707778
2396,월암,2143,김대중컨벤션센터(마륵)역(북),1114,126.83724367,Woram,35.14096856
2397,월정(장성),6208,삼태입구,1115,126.817802,Woljeong (Jangseong),35.238383
2398,월정,6256,초동,1116,126.86383208,Woljeong,35.24446667
2399,일곡현대3차아파트,4609,일곡대림2차아파트,1119,126.90104444,Ilgok Hyundai 3rd Apt.,35.21094167
2400,유격훈련장,4473,교통연수원입구,1120,126.90133372,Ranger Training Center,35.21200207
2401,유덕초교,2198,칠성마을사거리,1121,126.86357175,Yudeok Elementary School,35.164725
2402,유안초교,3132,봉선삼익아파트(북),1122,126.9162476,Yuan Elementary School,35.12597368
2403,유안초교,3131,봉선무등파크3차,1123,126.91626389,Yuan Elementary School,35.12587119
2404,유창아파트,4401,용주초교,1124,126.89726993,Yuchang Apt.,35.1769443
2405,유창아파트,4402,신안교입구,1125,126.89703889,Yuchang Apt.,35.17711111
2406,극락초교,2185,버들주공1단지,1126,126.85836111,Kukrak Elementary School,35.16642778
2407,극락초교,2184,유덕치안센터,1127,126.858344,Kukrak Elementary School,35.1666001
2408,은혜학교,4096,대촌마을,1128,126.850173,Eunhae School,35.233197
2409,은혜학교,4097,앰코코리아,1129,126.85015,Eunhae School,35.232625
2410,이십곡리,6368,화순군선거관리위원회,1132,126.973796,Isipgok-li,35.069883
2411,명상의집,4463,우치공원,1136,126.902816,Myeongsangui-jip Retreat House,35.216178
2412,일곡초교,4480,서일초교,1137,126.89774722,Ilgok Elementary School,35.20636389
2413,일곡초교,4481,일곡사거리,1138,126.89755181,Ilgok Elementary School,35.20683583
2414,월산사거리,3201,대성사거리,1139,126.903628,Wolsan Sageori,35.146799
2415,월산사거리,3200,우진아파트,1140,126.903857,Wolsan Sageori,35.146553
2416,첨단금호아파트,5411,첨단초교,1141,126.83621637,Cheomdan Kumho Apt.,35.22086154
2417,첨단초교,5421,첨단금호아파트,1142,126.83731954,Cheomdan Elementary School,35.21918601
2418,임곡교,5079,맥동,1143,126.75208333,Imgokgyo Bridge,35.20766667
2419,광일고,5328,원임곡,1144,126.742975,Kwangil High School,35.21991111
2420,가정,5323,성내,1145,126.752847,Gajeong,35.216605
2421,임곡동행정복지센터,5376,임곡역,1146,126.74463056,Imgok-dong Welfare Center,35.219175
2422,임곡역,5379,광일고,1147,126.74575,Imgok Station,35.21875556
2423,원임곡,5373,삼화교,1148,126.741008,Wonimgok,35.220664
2424,임곡정수장,5381,임곡교,1149,126.74675,Imgok Purification Plant,35.215125
2425,임동교,5382,상촌(임곡),1150,126.733384,Imdonggyo Bridge,35.229605
2426,임동농협,4496,북성중,1151,126.8972,Im-dong Nonghyup,35.162948
2427,임동농협,4497,임동주민센터,1152,126.897635,Im-dong Nonghyup,35.162492
2428,임동행정복지센터,4498,임동농협,1153,126.89426111,Im-dong Welfare Center,35.16533889
2429,임동행정복지센터,4499,임동한국아델리움1차,1154,126.895134,Im-dong Welfare Center,35.165145
2430,제2광천교,4509,경신여고,1155,126.88456829,Gwangcheongyo 2 Bridge,35.16997689
2431,임동한국아델리움1차,4505,임동주민센터,1156,126.89178889,Im-dong Hankuk Adelium 1st Apt.,35.16668333
2432,임동한국아델리움2차,4503,보훈회관,1157,126.887561,Im-dong Hankuk Adelium 2nd Apt.,35.164202
2433,임동한국아델리움2차,4504,현대자동차,1158,126.887547,Im-dong Hankuk Adelium 2nd Apt.,35.163467
2434,임동한국아델리움1차,4506,무등경기장(남),1159,126.892267,Im-dong Hankuk Adelium 1st Apt.,35.16667
2435,입석,5081,산음,1161,126.74015278,Ipseok,35.18863056
2436,자풍,6209,내마,1162,126.771677,Japung,35.250519
2437,작동,6259,덕촌,1163,126.84486389,Jakdong,35.26185556
2438,신운,6323,농소,1164,127.022125,Shinun,35.02562778
2439,장등동,4311,도선사,1165,126.933688,Jangdeung-dong,35.200203
2440,장록,5482,검문소,1166,126.78038056,Jangnok,35.13372778
2441,장록,5483,꽃동네,1167,126.78051944,Jangnok,35.13406111
2442,검문소,5461,신덕마을,1168,126.78293056,Checkpoint,35.13599722
2443,검문소,5460,장록,1169,126.78302222,Checkpoint,35.13606944
2444,남광주농협,3207,주월주택단지(북),1171,126.90674894,Namgwangju Nonghyup,35.13387151
2445,남광주농협,3208,양림휴먼시아1차,1172,126.90714617,Namgwangju Nonghyup,35.13359531
2446,장수동,5545,장수지하도,1174,126.788559,Jangsu-dong,35.183158
2447,장원초교(서),1036,산수무등파크,1175,126.93587778,Jangwon Elementary School (West),35.15579722
2448,장원초교(동),1035,산수무등파크,1176,126.93696944,Jangwon Elementary School (East),35.15613333
2449,장원초교(동),1034,산수시장,1177,126.9367,Jangwon Elementary School (East),35.15615
2450,오선동,5536,한국알프스,1178,126.79513333,Oseon-dong,35.20028889
2451,잿등,2277,쌍촌역,1181,126.8720355,Jaetdeung,35.15182193
2452,잿등,2312,화정역,1182,126.87266072,Jaetdeung,35.15152207
2453,전남공고,5196,전남공고입구,1183,126.84595,Jeonnam Technical High School,35.194486
2454,전남공고,5197,보건대후문,1185,126.84560239,Jeonnam Technical High School,35.19439183
2455,진흥고,5201,보건대,1186,126.841975,Jinheung High School,35.194885
2456,시립역사민속박물관,4202,광주박물관,1187,126.886085,History & Folk Museum,35.186654
2457,시립역사민속박물관,4201,용봉쌍용아파트,1188,126.886396,History & Folk Museum,35.186633
2458,용봉쌍용아파트,4207,시립민속박물관,1189,126.88965278,Yongbong Ssangyong Apt.,35.18755556
2459,용봉쌍용아파트,4208,중외마을,1190,126.888715,Yongbong Ssangyong Apt.,35.187402
2460,전남대병원.남광주시장,1146,남광주역,1191,126.92149,Chonnam National University Hospital.Namgwangju Market,35.140992
2461,전남대병원.남광주시장,1147,전남대병원오거리,1192,126.921794,Chonnam National University Hospital.Namgwangju Market,35.140989
2462,전남여고,1129,금남로공원,1193,126.9202341,Chonnam Girls' High School,35.15086082
2463,전남여고,1128,동구청,1196,126.92014377,Chonnam Girls' High School,35.15069224
2464,전남학숙,6442,앵남역,1198,126.90893149,Jeonnam Boardinghouse,35.05250993
2465,전남대스포츠센터,4406,효동초교입구,1199,126.91247222,Chonnam National University Sport Center,35.17503333
2466,전남대스포츠센터,4407,전남대후문위,1200,126.91270891,Chonnam National University Sport Center,35.17496564
2467,전남대동문,4408,북구보건소,1201,126.91225278,Chonnam National University East Gate,35.17645278
2468,전남대동문,4409,전남대후문위,1202,126.91243908,Chonnam National University East Gate,35.17685292
2469,전남대사거리(서),4351,용봉초교,1204,126.9026566,Chonnam National University Sageori (West),35.16921943
2470,전남대사거리(서),4350,신안사거리,1205,126.90223956,Chonnam National University Sageori (West),35.16903581
2471,전남대사거리(동),4349,중흥삼거리(북),1206,126.90446111,Chonnam National University Sageori (East),35.16846389
2472,전남대사거리(동),4348,신안사거리,1207,126.905346,Chonnam National University Sageori (East),35.168528
2473,전대치과병원,4412,전대친환경농업연구소,1208,126.902325,Chonnam National University hospital,35.17175278
2474,전대치과병원,4352,전남대,1209,126.90325,Chonnam National University hospital,35.17156944
2475,전남대,4346,신안사거리,1210,126.90382222,Chonnam National University,35.17009722
2476,전남대,4347,북구보건소,1211,126.904101,Chonnam National University,35.170201
2477,전망대,4194,4수원지,1212,126.94420833,Observatory,35.15916389
2478,전망대,4195,산수무등파크,1213,126.943186,Observatory,35.158794
2479,남부대,5428,신창초교,1214,126.842682,Nambu University,35.2068
2480,전자공고,5443,신창동,1215,126.844488,Electronic Technical High School,35.206039
2481,전자공고,5444,보훈병원,1218,126.84415,Electronic Technical High School,35.205441
2482,정광고입구,5262,가천아파트,1219,126.79283056,Jeonggwang High School Entrance,35.15242778
2483,정광고입구,5261,어룡초교,1220,126.79298889,Jeonggwang High School Entrance,35.15278611
2484,정수장입구,6370,화순전남대병원,1221,126.99799167,Purification Plant Entrance,35.05401111
2485,제석초교,3112,봉선라인광장,1222,126.90693333,Jeseok Elementary School,35.12769722
2486,제석초교,3113,봉선대화아파트,1223,126.90741877,Jeseok Elementary School,35.12781901
2487,제일맨션,3187,월산마을,1224,126.89137222,Jeil Mansion Apt.,35.14072222
2488,제일맨션,3188,명지맨션,1225,126.890658,Jeil Mansion Apt.,35.141428
2489,문화근린공원,4242,오정초교입구,1226,126.91872452,Munhwa Neighborhood Park,35.18267938
2490,문화근린공원,4243,문흥중앙초교,1227,126.91874167,Munhwa Neighborhood Park,35.18252222
2491,신용두,4053,건국동파출소,1228,126.876061,Sinyongdu,35.21460342
2492,신용두,4054,거진,1229,126.87572163,Sinyongdu,35.21457292
2493,조선대,1047,서남동주민센터,1230,126.92601,Chosun University,35.144841
2494,조선대,1048,살레시오여고,1231,126.926255,Chosun University,35.144472
2495,서남동행정복지센터,1049,조선대,1232,126.92378056,Seonam-dong Welfare Center,35.14486111
2496,서남동행정복지센터,1050,문화전당역,1233,126.92377892,Seonam-dong Welfare Center,35.14500775
2497,조선대공과대학,1148,조선대,1234,126.92461983,Chosun University College of Engineering,35.1419057
2498,자치샘삼거리,6401,화순교(남),1235,126.98630833,Jachisaem 3-Way Junc,35.06123889
2499,종산제입구,5386,오룡,1236,126.74015833,Jongsanje Entrance,35.24458611
2500,종산,5385,종산제입구,1237,126.73851111,Jongsan,35.23847222
2501,마재종원아파트,2027,마재호반아파트,1238,126.85502222,Majae Jongwon Apt.,35.13013889
2502,마재종원아파트,2028,서구문화센터,1239,126.8552,Majae Jongwon Apt.,35.129686
2503,전남고입구,2145,상무역,1241,126.843859,Jeonnam High School Entrance,35.144212
2504,염주체육관,2311,원광대한방병원,1242,126.87710287,Yeomju Sports Center,35.13815847
2505,염주체육관,2310,럭키아파트,1243,126.87738363,Yeomju Sports Center,35.13818157
2506,두암주공아파트,4186,삼정초교,1245,126.937123,Duam Jugong Apt.,35.1637501
2507,두암주공아파트,4187,율곡초교,1246,126.93689167,Duam Jugong Apt.,35.163625
2508,용두주공,4085,복룡입구,1247,126.87057261,Yongdu Jugong Apt.,35.21273647
2509,용두주공,4084,양산타운,1248,126.87051819,Yongdu Jugong Apt.,35.21234468
2510,우산주공1단지,4414,현대아파트,1249,126.914,Usan Jugong Apt. Complex 1,35.17995833
2511,우산주공1단지,4248,전남대후문위,1250,126.91513611,Usan Jugong Apt. Complex 1,35.17981667
2512,하남중,5288,월곡일신아파트,1251,126.80305278,Hanam Middle School,35.16654444
2513,하남중,5321,광주여대,1252,126.80510595,Hanam Middle School,35.16655335
2514,신가주공아파트,5186,신가사거리,1253,126.83241783,Singa Jugong Apt.,35.18447371
2515,두암주공입구,4188,덕산아파트,1254,126.93232222,Duam Jugong Apt. Entrance,35.16612778
2516,두암주공입구,4163,기산복합상가,1255,126.93231389,Duam Jugong Apt. Entrance,35.16640278
2517,주남,1089,월남동,1256,126.93924375,Junam,35.1017271
2518,주도리,6372,주도리3구,1257,126.93735278,Judori,35.03240556
2519,주도리3구,6374,주도리,1258,126.93963333,Judori District 3,35.03223611
2520,주월주택단지,3105,신우아파트,1260,126.89847902,Juwol Housing Area,35.13571228
2521,주월주택단지,3104,남광주농협,1261,126.897252,Juwol Housing Area,35.136528
2522,주월중입구,3218,봉선대화아파트,1262,126.90440699,Juwol Middle School Entrance,35.12840891
2523,주월중입구,3217,남구청,1263,126.904687,Juwol Middle School Entrance,35.128366
2524,주월초교,2293,월산마을,1264,126.883922,Juwol Elementary School,35.143225
2525,주월초교,2292,화정중,1265,126.884116,Juwol Elementary School,35.1433
2526,금호모아아파트,2021,금호도개공아파트,1266,126.86433208,Kumho Moa Apt.,35.1327702
2527,금호모아아파트,2022,월드컵경기장,1267,126.86447069,Kumho Moa Apt.,35.13246872
2528,죽곡(북),4320,동초교,1268,126.952969,Jukgok (North),35.204492
2529,죽곡(북),4319,죽곡(남),1269,126.953083,Jukgok (North),35.204069
2530,죽곡(남),4318,죽곡(북),1270,126.954186,Jukgok (South),35.202054
2531,죽곡(남),4317,분토(북구),1271,126.95395556,Jukgok (South),35.20195
2532,동천마을3단지,2463,동림우미린아파트,1272,126.86315756,Dongcheon Village Apt. Complex 3,35.17189078
2533,동천마을3단지,4149,동천마을1단지,1273,126.86330316,Dongcheon Village Apt. Complex 3,35.17218989
2534,광주경제진흥상생일자리재단,5116,한국단자공업,1275,126.81498333,Gwangju Win-Win Job Foundation for Economy Promotion,35.20886389
2535,중앙대교(서),3142,충장치안센터,1276,126.91097327,Jungangdaegyo Bridge (West),35.14635424
2536,장성남중,6213,장성월곡,1278,126.81276111,Jangseong Nam Middle School,35.24348611
2537,광주예술의전당,4442,운암3단지,1279,126.881908,Gwangju Arts Center,35.175469
2538,중앙초교,5264,정광고입구,1280,126.79361667,Jungang Elementary School,35.14867778
2539,중앙초교,5263,소촌서라아파트,1281,126.79346944,Jungang Elementary School,35.14854444
2540,중외마을,4212,용봉쌍용아파트,1282,126.89553266,Jungoe Village,35.18746504
2541,중외마을,4213,용봉주공,1283,126.89355278,Jungoe Village,35.18731389
2542,중흥1동행정복지센터,4536,대인광장(동),1284,126.91449444,Jungheung 1(il)-dong Administration Welfare Center,35.16129444
2543,중흥1동행정복지센터,1705,순복음교회,1285,126.91495546,Jungheung 1(il)-dong Administration Welfare Center,35.16166038
2544,문흥명지아파트,4244,문흥고가,1286,126.92364587,Munheung Myeongji Apt.,35.18419751
2545,중흥시장,4537,대인광장(북),1288,126.9102273,Jungheung Market,35.16072865
2546,중흥시장,4538,광주역(동),1289,126.9104456,Jungheung Market,35.16099298
2547,효동초교입구,4552,광주역육교,1290,126.91126321,Hyodong Elementary School Entrance,35.17070672
2548,비아중흥아파트,5101,도천교,1291,126.818769,Bia Jungheung Apt.,35.219573
2549,비아중흥아파트,5100,비아119안전센터(서),1292,126.819596,Bia Jungheung Apt.,35.219618
2550,쌍촌시영아파트,2084,백일초교,1293,126.869428,Ssangchon Siyeong Apt.,35.145193
2551,풍암모아아파트,2259,풍암한신아파트,1294,126.87569339,Pungam Moa Apt.,35.12491374
2552,쌍촌시영아파트,2085,서광주우체국,1295,126.86866111,Ssangchon Siyeong Apt.,35.14496111
2553,향토문화거리입구,4555,서방시장(남),1296,126.91621111,Folk Culture Street Entrance,35.16763611
2554,향토문화거리입구,4424,동부교육청,1297,126.91636389,Folk Culture Street Entrance,35.16766667
2555,광주지방기상청,4447,경신여고,1299,126.89066427,Gwangju Regional Meteorological Administration,35.17243229
2556,광주지방기상청,4446,신안교,1300,126.89090556,Gwangju Regional Meteorological Administration,35.17207222
2557,농성1동행정복지센터,2037,서광주전화국,1301,126.89055556,Nongseong 1(il)-dong Administration Welfare Center,35.15656111
2558,상무중흥아파트,2226,상무금호아파트,1302,126.845145,Sangmu Jungheung Apt.,35.15176287
2559,상무중흥아파트,2225,운천초교,1303,126.84552672,Sangmu Jungheung Apt.,35.15145439
2560,무등산국립공원(증심사),1162,성촌,1304,126.9552638,Mudeungsan National Park (Jeungsimsa Temple),35.13419167
2561,매동,5040,입석,1305,126.74258889,Maedong,35.19016667
2562,건국지구대,4002,건국동주민센터,1306,126.87898257,Geonguk Police Patrol Unit,35.21918586
2563,건국지구대,4001,지산중학교,1307,126.87869722,Geonguk Police Patrol Unit,35.21922222
2564,산음,5060,신당,1308,126.73723889,Saneum,35.18729722
2565,법원입구,1056,살레시오여고,1309,126.93060095,District Court Entrance,35.15203933
2566,법원입구,1057,산수오거리,1310,126.930759,District Court Entrance,35.151467
2567,지산유원지,1070,신양파크호텔,1311,126.94495556,Jisan Recreation Area,35.15031667
2568,지산초교,4111,지산입구,1312,126.88539482,Jisan Elementary School,35.22938297
2569,대원정사,4021,지산초교,1313,126.88415527,Daewonjeongsa Temple,35.22720712
2570,호남권역재활병원,4113,대원정사,1314,126.882962,Honam Regional Rehabilitation Hospital,35.225484
2571,호남권역재활병원,4114,건국동주민센터,1315,126.882764,Honam Regional Rehabilitation Hospital,35.225554
2572,송정대덕아파트,5156,송정초등학교,1316,126.7978591,Songjeong Daedeok Apt.,35.13588933
2573,진곡 서길,5556,백길마을,1320,126.78851944,Jingok West Road,35.21121389
2574,진성,5558,진곡 서길,1321,126.79055556,Jinseong,35.21373056
2575,진성아파트,2201,광천E편한세상,1322,126.87298611,Jinseong Apt.,35.16588056
2576,진성아파트,2202,삼우아파트,1323,126.872925,Jinseong Apt.,35.16604167
2577,대성여고,3236,진월대주아파트,1324,126.89903524,Daesung Girls' High School,35.11849223
2578,진원면사무소,6264,중앙교회,1326,126.833826,Jinwonmyeon Office,35.2726601
2579,진원초교,6267,수촌,1327,126.82222222,Jinwon Elementary School,35.26213333
2580,찰동,6326,동면,1328,127.03441389,Chaldong,35.02795833
2581,찰동,6325,농소,1329,127.034275,Chaldong,35.02800833
2582,창암,5388,고룡정보산업학교,1330,126.770918,Changam,35.207289
2583,천덕리,6302,능주교,1331,126.95878333,Cheondeok-li,35.00286389
2584,천동(화순),6327,동암,1332,127.048,Cheondong(Hwasun),35.02958333
2585,천동(화순),6328,동면,1333,127.04793889,Cheondong(Hwasun),35.02968889
2586,천동(광산구),5391,비시동,1334,126.76125556,Cheondong (Gwangsan-gu),35.21051667
2587,마당고개,4453,광주다문화가족지원거점센터,1336,126.87754722,Madang Pass,35.19081667
2588,첨단1동행정복지센터,5410,첨단사거리,1338,126.84173,Cheomdan 1(il)-dong Administration Welfare Center,35.219598
2589,고내입구,4007,대촌마을입구,1340,126.86047021,Gonae Entrance,35.23800462
2590,첨단도서관,5416,첨단라인8차아파트,1342,126.83148553,Cheomdan Library,35.21703713
2591,첨단라인8차아파트,5447,첨단도서관,1343,126.83484474,Cheomdan Line 8th Apt.,35.21498379
2592,고내입구,4008,월정,1344,126.86281647,Gonae Entrance,35.23856679
2593,청명아파트,4166,덕산아파트,1349,126.92691389,Cheongmyeong Apt.,35.16986944
2594,청명아파트,4167,동강대후문,1350,126.92727222,Cheongmyeong Apt.,35.16990278
2595,광주교통방송,5394,정부광주지방합동청사,1351,126.84559722,Gwangju TBN,35.22179167
2596,광주교통방송,5393,첨단1동주민센터,1352,126.84548889,Gwangju TBN,35.22194167
2597,광주다문화가족지원거점센터,4010,해태제과,1353,126.877223,Gwangju Multicultural Family Support Center,35.1933001
2598,광주다문화가족지원거점센터,4011,마당고개,1354,126.87685278,Gwangju Multicultural Family Support Center,35.19333611
2599,분토(북구),4286,죽곡(남),1357,126.95356667,Bunto (Buk-gu),35.19744444
2600,화순미륭아파트,6380,화순부영3차아파트,1358,126.992526,Hwasun Miryung Apt,35.0581901
2601,조산서길,5774,조산동길,3968,126.7616924,Josanseo-gil,35.1075786
2602,조산동길,5776,기룡마을입구,3969,126.7633462,Josandong-gil,35.10588376
2603,기룡마을입구,5778,동곡동주민센터,3970,126.7677156,Giryong Village Entrance,35.0996701
2604,동곡동행정복지센터,5780,관두,3971,126.77207144,Donggok-dong Administration Welfare Ceneter,35.09898492
2605,관두,5782,유림마을,3972,126.78171157,Gwandu,35.10072957
2606,유림마을,5784,동곡송정마을입구,3973,126.7881637,Yurim Village,35.0999775
2607,동곡송정마을입구,5786,동곡송정,3974,126.7934773,Donggok Songjeong Village Entrance,35.1020784
2608,동곡송정,5788,복호,3975,126.793539,Donggok Songjeong,35.104987
2609,복호,5789,동곡송정,3976,126.78937118,Bokho,35.10758003
2610,팽호,5792,상선길,3977,126.78612606,Paengho,35.10969539
2611,상선길,5794,공군부대,3978,126.78218496,Sasseon-gil,35.11785691
2612,상선길,5793,팽호,3979,126.7820501,Sasseon-gil,35.1176983
2613,팽호,5791,복호,3980,126.78641239,Paengho,35.10945637
2614,복호,5790,팽호,3981,126.78979094,Bokho,35.10738901
2615,동곡송정,5787,동곡송정마을입구,3982,126.7938166,Donggok Songjeong,35.1048532
2616,동곡송정마을입구,5785,유림마을,3983,126.79342734,Donggok Songjeong Village Entrance,35.10212855
2617,유림마을,5783,관두,3984,126.7883381,Yurim Village,35.1000431
2618,관두,5781,동곡동주민센터,3985,126.78188743,Gwandu,35.10083691
2619,동곡동행정복지센터,5779,기룡마을입구,3986,126.7722855,Donggok-dong Administration Welfare Center,35.0990982
2620,기룡마을입구,5777,조산동길,3987,126.7677412,Giryong Village Entrance,35.0998256
2621,조산동길,5775,조산서길,3988,126.7634467,Josandong-gil,35.10592574
2622,조산서길,5773,두산,3989,126.76188631,Josanseo-gil,35.10746374
2623,두산,5772,조산서길,3990,126.760683,Dusan,35.108755
2624,동곡분토,5770,마곡,3991,126.78152054,Donggok Bunto,35.08610602
2625,마곡,5771,동곡분토,3992,126.784366,Magok,35.082553
2626,동곡분토,5769,창교,3993,126.781706,Donggok Bunto,35.085978
2627,명도삼거리,5795,가마,3994,126.70021782,Myeongdo Samgeori,35.17005652
2628,신용초등학교,4615,첨단휴먼시아,4005,126.85858964,Sinyong Elementary School,35.21059595
2629,첨단휴먼시아,4613,보훈병원후문,4006,126.858572,Cheomdan Humansia Apt.,35.207993
2630,신용초등학교,4614,빛고을고입구,4007,126.85891962,Sinyong Elementary School,35.21057847
2631,첨단휴먼시아,4612,신용초등학교,4008,126.858894,Cheomdan Humansia Apt.,35.207988
2632,전남고,2341,상무금호아파트,4009,126.843137,Jeonnam High School,35.146547
2633,전남고,2342,전남고입구,4010,126.84286613,Jeonnam High School,35.1462668
2634,대우디오빌,2345,농협운천지점,4011,126.85049955,Daewoo the oville,35.15184335
2635,대우디오빌,2344,운천저수지,4012,126.85077579,Daewoo the oville,35.15140495
2636,풍암SK뷰,2346,풍암대주아파트,4013,126.866439,Pungam SK View Apt.,35.118198
2637,금강1길,5798,광주송정역,4014,126.795705,Geumgang 1(il)-gil,35.135587
2638,금강1길,5799,송정초등학교,4015,126.79608,Geumgang 1(il)-gil,35.135171
2639,하남초교,5764,흑석사거리(서),4017,126.799605,Hanam Elementary School,35.179139
2640,하남초교,5763,하남도시공사아파트,4018,126.79944,Hanam Elementary School,35.179137
2641,제2수원지,1174,용연동,4019,126.963689,Reservoir 2,35.098109
2642,상무역(북),2343,상무쌍용금호아파트,4020,126.8488017,Sangmu Station (North),35.14735856
2643,광주송정역(동),5800,금강1길,4021,126.792496,Gwangju Songjeong Station (East),35.136841
2644,용산지구,,,4030,126.9290641,,35.11707399
2645,선운휴먼시아,5850,광산경찰서,4034,126.7789307,Seonun Humansia Apt.,35.1483494
2646,선운휴먼시아,5851,선운중학교,4035,126.77857,Seonun Humansia Apt.,35.148537
2647,수문초교입구,5853,진흥고,4036,126.8369322,Sumun Elementary School Entrance,35.19609635
2648,수문초교입구,5854,수완지구,4037,126.83709615,Sumun Elementary School Entrance,35.1963072
2649,덕흥마을입구,2347,덕흥동,4038,126.8353497,Deokheung Village Entrance,35.16874451
2650,덕흥마을입구,2348,덕흥삼거리,4039,126.83532573,Deokheung Village Entrance,35.16865611
2651,덕흥동,2190,덕흥마을입구,4040,126.83337108,Deokheung-dong,35.16929849
2652,럭키금속,5865,남해철강(동),4041,126.77069117,Lucky Metal,35.13424643
2653,럭키금속,5866,월전마을,4042,126.77092468,Lucky Metal,35.13407902
2654,월전공원,5863,명화전자,4043,126.76680657,Woljeon Park,35.13343678
2655,월전공원,5864,럭키금속,4044,126.76714449,Woljeon Park,35.1333693
2656,평동역(남),5862,평동산단로,4045,126.76797474,Pyeong-dong Station (South),35.12463749
2657,평동산단로,5860,아르네코리아,4046,126.76844869,Pyeongdongsandan-ro,35.12111811
2658,평동산단로,5861,평동역(북),4047,126.76867043,Pyeongdongsandan-ro,35.12140682
2659,아르네코리아,5858,대동하이렉스,4048,126.770605,Arneg Korea,35.116556
2660,아르네코리아,5859,평동산단로,4049,126.770932,Arneg Korea,35.116572
2661,원두공원,5856,평동공단(종점),4050,126.7759612,Wondoo Park,35.1189952
2662,원두공원,5857,아르네코리아,4051,126.7755944,Wondoo Park,35.1189963
2663,덕흥삼거리,2349,덕흥마을입구,4054,126.83819353,Deokheung Samgeori,35.16755518
2664,동산교차로,2351,동산교차로(북),4055,126.850484,Dongsan Intersection,35.125301
2665,선운중학교,5869,선암,4066,126.77529081,Seonun Middle School,35.14858453
2666,선운중학교,5868,선운휴먼시아,4067,126.77548454,Seonun Middle School,35.14838712
2667,상무지구종점,,5.18자유공원,4070,126.839004,,35.157067
2668,인탑스(서),5902,일신방직,4071,126.760978,Intops(West),35.134435
2669,인탑스(서),5903,근형기업,4072,126.7608109,Intops(West),35.1344185
2670,일신방직,5904,남해철강(서),4073,126.76381984,Ilsin Textile Company,35.13638347
2671,일신방직,5905,인탑스(서),4074,126.76420797,Ilsin Textile Company,35.13673367
2672,남해철강(서),5906,월전공원(남),4075,126.76665967,Namhae Steel(West),35.1345079
2673,남해철강(서),5907,일신방직,4076,126.76698468,Namhae Steel(West),35.13448328
2674,월전공원(남),5908,명화전자,4077,126.76707783,Woljon Park(South),35.13138676
2675,월전공원(남),5909,남해철강(서),4078,126.76739091,Woljon Park(South),35.13139281
2676,월전마을,5911,현대교통,4079,126.77758432,Woljonmaeul,35.12371722
2677,월전마을,5912,월전,4080,126.77791323,Woljonmaeul,35.12388132
2678,가천아파트,5914,송정한전,4081,126.78773823,Gachon Apt,35.15142835
2679,가천아파트,5915,정광고입구,4082,126.78785069,Gachon Apt,35.1513238
2680,광신스크랩,5924,세화,4091,126.805119,Gwangsin Scrap,35.206038
2681,광신스크랩,5925,하남삼성전자사거리(남),4092,126.80568207,Gwangsin Scrap,35.20621106
2682,세화,5926,서암기계,4093,126.809982,Sehwa,35.207326
2683,세화,5927,광신스크랩,4094,126.809816,Sehwa,35.207473
2684,서암기계,5928,동일물산,4095,126.80995,Seoam Machine,35.210618
2685,서암기계,5929,세화,4096,126.809794,Seoam Machine,35.210241
2686,동일물산,5930,서암기계,4097,126.809686,DongIl Trading,35.213774
2687,동일물산,5931,신흥목재포장,4098,126.809942,DongIl Trading,35.213801
2688,비아동주민센터(앞),5936,동원촌,4103,126.82456536,Biahdong Community Service Center(Front),35.22174095
2689,비아동주민센터(앞),5937,비아119안전센터(서),4104,126.8244934,Biahdong Community Service Center(Front),35.2218437
2690,비아고,5948,신동아아파트,4105,126.835865,Bia High School,35.223181
2691,공군부대후문,5913,송정호반아파트,4106,126.787728,Air Unit Back Gate,35.12581
2692,근형기업,5900,평동우체국,4107,126.7614089,GyenHyeong Industrial,35.12947556
2693,근형기업,5901,인탑스(서),4108,126.7616,GyenHyeong Industrial,35.129583
2694,평동역(동),5910,명화전자,4109,126.76887099,Pyeong-dong Station (East),35.12513183
2695,석봉운수차고지,5938,평동공원,4110,126.75564122,Populace Transportation Depots,35.12958888
2696,석봉운수차고지,5939,,4111,126.755598,Populace Transportation Depots,35.129785
2697,평동공원,5940,인탑스(동),4112,126.756703,Pyeongdong Park,35.132843
2698,평동공원,5941,서민교통차고지,4113,126.75675886,Pyeongdong Park,35.13300274
2699,인탑스(동),5942,남해철강(동),4114,126.76171,Intops(East),35.13329
2700,인탑스(동),5943,평동공원,4115,126.76180655,Intops(East),35.13345232
2701,남해철강(동),5944,럭키금속,4116,126.766222,Namhae Steel(East),35.133685
2702,남해철강(동),5945,인탑스(동),4117,126.76643141,Namhae Steel(East),35.13385832
2703,골옷교,5871,수완우미린2차,4118,126.816236,Gorotgyo Bridge,35.20228
2704,골옷교,5872,수완양우내안애,4119,126.817653,Gorotgyo Bridge,35.202561
2705,풍암고정문,2419,풍암고후문,4133,126.866965,Pungam High School Front Gate,35.122027
2706,풍암동부아파트,2418,풍암고정문,4134,126.867316,Pungam Dongbu Apt,35.120657
2707,운천역(북),2406,상무고,4141,126.85855,Uncheon Station(North),35.151421
2708,운천역(북),2407,운천저수지,4142,126.858332,Uncheon Station(North),35.151358
2709,상무고,2405,중흥아파트사거리,4143,126.8593292,SangMu High School,35.1552086
2710,중흥아파트사거리,2402,모아제일아파트,4144,126.8594506,Jungheung Apt 4-Way Junc,35.15853021
2711,버들마을사거리,2400,광명하이츠후문,4145,126.863417,Beodeulmaeul 4-Way Junc,35.161567
2712,버들마을사거리,2401,상무호반3차,4146,126.86319199,Beodeulmaeul 4-Way Junc,35.1614261
2713,금호베어스타운,2408,CBS방송국,4147,126.85697586,Kumho Bears Town,35.14477203
2714,중흥아파트사거리,2403,광주학생문화회관,4150,126.85923,Jungheung Apt 4-Way Junc,35.1584778
2715,광주학생문화회관,2404,렉서스,4151,126.8590775,Gwangju Student Cultural Center,35.1553116
2716,금호호반아파트1차,2409,금호시영아파트,4152,126.85872257,Kumho Hoban Apt 1,35.13794131
2717,앵남역,6600,전남학숙,4155,126.90575271,Aengnam Station,35.0502531
2718,앵남역,6601,앵남2구,4156,126.90565362,Aengnam Station,35.05030819
2719,앵남2구,6602,앵남역,4157,126.905647,Aengnam District 2,35.048113
2720,앵남2구,6603,화남마을,4158,126.905535,Aengnam District 2,35.048077
2721,화남마을,6604,앵남2구,4159,126.904168,Hwanam maeul,35.043945
2722,화남마을,6605,원화리,4160,126.9044801,Hwanam maeul,35.044694
2723,원화리,6606,화남마을,4161,126.906581,Wonhwari,35.035588
2724,원화리,6607,원동마을,4162,126.9047801,Wonhwari,35.039649
2725,원동마을,6608,원화리,4163,126.908522,Wondong maeul,35.030506
2726,원동마을,6609,도곡온천단지입구,4164,126.90847841,Wondong maeul,35.03033222
2727,도곡온천단지입구,6610,원동마을,4165,126.90609654,Dogok hot-spring town Entrance,35.02761141
2728,도곡온천단지입구,6611,도곡온천단지,4166,126.90607718,Dogok hot-spring town Entrance,35.027807
2729,도곡온천단지,6612,도곡온천단지입구,4167,126.903647,Dogok hot-spring town,35.029471
2730,계소리2구,6613,계소리1구,4168,126.95113904,Gyesori District 2,35.05089162
2731,계소리2구,6614,도웅리2구,4169,126.951152,Gyesori District 2,35.05098
2732,도웅리2구,6616,도웅리1구,4170,126.946238,Dowoongri District 2,35.05074
2733,도웅리2구,6617,계소리2구,4171,126.946182,Dowoongri District 2,35.050681
2734,도웅리1구,6458,도웅리2구,4172,126.939737,Dowoongri District 1,35.051671
2735,계소리,6335,오성아파트,4173,126.951208,Gyesori,35.051067
2736,계소리,6336,도웅리2구,4174,126.95033,Gyesori,35.051099
2737,전남학숙,6369,세량리,4175,126.90933626,Jeonnam Boardinghouse,35.05266837
2738,효령노인복지타운,4603,영락공원입구,4176,126.912247,Hyoyeong Senior Welfare Town,35.24177
2739,명화리,5873,명동삼거리,4177,126.711609,Myeonghwa-ri,35.123524
2740,남구청,3280,백운우체국,4178,126.90280027,Nam-gu Office,35.13163212
2741,첨단2부영사랑으로아파트,4616,복룡입구,4179,126.862875,Cheomdan 2 SarangEuro Booyoung Apt.,35.213456
2742,빛고을고입구,4617,신용초등학교,4180,126.86147883,Bitgoeul High School Entrance,35.21305788
2743,매월종합상가공구단지,2352,서부농수산물도매시장,4181,126.86027382,Maewol Shopping Complex Tools Market,35.11682586
2744,매월종합상가공구단지,2353,김치타운,4182,126.86059,Maewol Shopping Complex Tools Market,35.116732
2745,노대제,3292,조각배어린이공원,4185,126.904827,Nodaejae,35.102925
2746,노대제,3293,송화마을5단지,4186,126.905057,Nodaejae,35.10282
2747,하남삼성전자사거리(북),,,4187,126.8053,Hanam Samsung Electronics Sageori (North),35.202251
2748,공항,,,4188,126.8107734,AirPort,35.1405133
2749,공군부대정문,5874,신한화아파트,4189,126.80354086,Arifield Front Gate,35.13602039
2750,공군부대정문,5875,공항,4190,126.80399031,Airfield Front Gate,35.13589576
2751,송정신한화아파트,5876,송정대덕아파트,4191,126.80005997,New HanWha Apt,35.1366486
2752,송정신한화아파트,5877,비행장정문,4192,126.80005188,New HanWha Apt,35.13649012
2753,현대위아,5882,RTM,4193,126.7878844,Hyundai Wia,35.1971487
2754,현대위아,5883,광주그린카진흥원입구,4194,126.78759479,Hyundai Wia,35.19713349
2755,RTM,5884,수호,4195,126.78574501,RTM,35.19993762
2756,RTM,5885,현대위아,4196,126.78550999,RTM,35.19989682
2757,수호,5886,LG전자광주물류센터,4197,126.78355073,Suho,35.20315879
2758,수호,5887,RTM,4198,126.78345054,Suho,35.20282524
2759,광주교도소,4636,명상의집,4204,126.91053866,Gwangju Correctional Institution,35.21423084
2760,광주교도소,4637,일곡삼호아파트,4205,126.91059875,Gwangju Correctional Institution,35.21430842
2761,수완하나중입구,,수완지구대,4208,126.82996893,,35.19373607
2762,수완하나중입구,,수완보건지소,4209,126.83015162,,35.19360893
2763,수완지구대,,수완중,4210,126.828611,,35.191052
2764,수완지구대,,수완하나중,4211,126.828963,,35.191435
2765,수완중,,종점,4212,126.828503,,35.18651
2766,수완중,,수완지구대,4213,126.828863,,35.186702
2767,봉정,,,4214,126.72228241,Bongjung,35.13516998
2768,평지,,,4215,126.71722412,PyungJi,35.13033676
2769,LG전자광주물류센터,5888,케이엔,4221,126.78294813,LG Electronics Gwangju Logistics Center,35.20628744
2770,LG전자광주물류센터,5889,수호,4222,126.7826374,LG Electronics Gwangju Logistics Center,35.20658098
2771,케이엔,5890,진곡공원,4223,126.78142837,KN,35.20855658
2772,케이엔,5891,LG전자광주물류센터,4224,126.78126805,KN,35.2084917
2773,진곡공원,5892,선진알미늄,4225,126.78385046,Jingok Park,35.20973778
2774,진곡공원,5893,진곡산단,4226,126.78432837,Jingok Park,35.20936075
2775,선진알미늄,5894,진곡공원,4227,126.78668765,Sunjin Aluminum,35.20612429
2776,선진알미늄,5895,동명정공,4228,126.78650987,Sunjin Aluminum,35.20608004
2777,동명정공,5896,무등스크린,4229,126.78874692,Dongmyeong Precision Industry,35.20311541
2778,동명정공,5897,선진알미늄,4230,126.78884076,Dongmyeong Precision Industry,35.20327486
2779,무등스크린,5898,명진하이테크,4231,126.7922409,Mudeung Screen,35.19842862
2780,무등스크린,5899,동명정공,4232,126.79241533,Mudeung Screen,35.19844615
2781,명진하이테크,5950,광주그린카진흥원입구,4233,126.79056799,Myungjin Hi-Tech,35.19623276
2782,명진하이테크,5951,무등스크린,4234,126.79067769,Myungjin Hi-Tech,35.19611707
2783,한국자동차연구원,5952,현대위아,4235,126.79162299,Korea Automotive Technology Institute,35.19415069
2784,한국자동차연구원,5953,진곡화물공영차고지,4236,126.79125385,Korea Automotive Technology Institute,35.19421505
2785,진곡화물공영차고지,5954,광주그린카진흥원입구,4237,126.79481892,Jingok Cargo Public Garage,35.19334007
2786,진곡화물공영차고지,5955,한국알프스,4238,126.79507749,Jingok Cargo Public Garage,35.19325832
2787,진곡산단,5956,종점,4239,126.78139782,Jingok Industrial Complex,35.21081542
2788,진곡산단,5957,진곡공원,4240,126.78138961,Jingok Industrial Complex,35.2106518
2789,효천지구,6623,효천초교,4243,126.880619,Hyocheon District,35.098493
2790,효천지구,6624,송암동,4244,126.880465,Hyocheon District,35.098708
2791,KTX체육기지,5980,종점,4245,126.791286,KTX Sports Park,35.183023
2792,광주디자인진흥원,5958,광주교통방송/광주디자인센터,4246,126.84571838,Gwangju Institute of Design Promotion,35.22343398
2793,광주디자인진흥원,4689,한국전자통신연구원,4247,126.84597663,Gwangju Institute of Design Promotion,35.22327836
2794,기룡마을,5960,조산동길,4248,126.762415,Giryong Town,35.098881
2795,대덕훼미리아파트,5961,송정주공,4249,126.81060266,Daedeok Family Apt.,35.15436214
2796,대덕훼미리아파트,5962,상수도광산사업소,4250,126.81071422,Daedeok Family Apt.,35.15461804
2797,돈보스코학교,5963,KTX체육기지,4251,126.7938121,Don Bosco School,35.18442867
2798,돈보스코학교,5964,하남파출소,4252,126.79410262,Don Bosco School,35.18459443
2799,동산마을,5965,대덕마을,4253,126.7219,Dongsan Town,35.114336
2800,봉흥마을,5966,원임곡,4254,126.731083,Bongheung Town,35.218774
2801,선운리버프라임아파트,5967,선운휴먼시아,4255,126.7797363,Sunun River Prime Apt,35.15106156
2802,선운리버프라임아파트,5968,보문고,4256,126.780249,Sunun River Prime Apt,35.151001
2803,우주선어린이공원입구,5969,성덕마을,4257,126.81166658,Entrance to spacecraft childrens park,35.19083788
2804,우주선어린이공원입구,5970,장덕농협,4258,126.813076,Entrance to spacecraft childrens park,35.191026
2805,운수마을,5971,매방골,4259,126.7804962,Unsu Town,35.15657342
2806,운수마을,5972,무역회관,4260,126.78086382,Unsu Town,35.15609314
2807,원사호마을,5973,,4261,126.730772,Wonsaho Town,35.21596
2808,지실마을,5975,하남1교,4263,126.793913,Jisil Town,35.17477
2809,지실마을,5976,장수동,4264,126.794022,jisil Town,35.174824
2810,첨단병원입구,5977,광주교통방송/광주디자인센터,4265,126.84609716,cheomdan Hospital Entrance,35.21880165
2811,첨단병원입구,5978,농산물품질관리원,4266,126.84585937,cheomdan Hospital Entrance,35.21881655
2812,광주국제양궁장,3297,봉주초교,4267,126.891866,Gwangju International Archery,35.133341
2813,광주국제양궁장,3298,서남하이츠,4268,126.891738,Gwangju International Archery,35.133155
2814,봉주초교,3299,주월명지아파트,4269,126.889256,Bongju Elementary School,35.136653
2815,봉주초교,3300,광주국제양궁장,4270,126.889218,Bongju Elementary School,35.136429
2816,주월명지아파트,3301,봉주초교,4271,126.886437,Juwolmyeongji apt.,35.140014
2817,주월명지아파트,3302,염주체육관,4272,126.88695055,Juwolmyeongji apt.,35.13969061
2818,조선대공과대학,1183,남광주역,4273,126.924706,Chosun University College of Engineering,35.142655
2819,빛고을고입구,4638,신용중입구,4275,126.86149891,Bitgoeul High School Entrance,35.21281318
2820,연제외촌입구,4639,연제현대아파트,4276,126.86634491,Yeonje Oecheon Entrance,35.19763292
2821,운암3동행정복지센터,4640,운암우성아파트,4277,126.874414,Unam 3-dong Administration Welfare Center,35.18233
2822,운암3동행정복지센터,4641,운암초교,4278,126.873836,Unam 3-dong Administration Welfare Center,35.182215
2823,운암우성아파트,4642,박물관입구,4279,126.87722763,Unam Wooseong apt.,35.18481604
2824,운암우성아파트,4643,운암3동주민센터,4280,126.87701967,Unam Wooseong apt.,35.18487657
2825,첨단2체육공원,4644,첨단과학산업단지,4281,126.86120144,Cheomdan 2 Sports Park,35.20056039
2826,첨단2체육공원,4645,첨단휴먼시아,4282,126.86172103,Cheomdan 2 Sports Park,35.20073281
2827,화인특장,4646,첨단휴먼시아,4283,126.85990786,Fine Motors,35.19833946
2828,화인특장,4647,연제외촌입구,4284,126.85991045,Fine Motors,35.19800354
2829,금호저수지입구,2433,무등교회,4285,126.8486808,Geumho Reservoir Entrance,35.13268622
2830,금호저수지입구,2434,자활촌입구,4286,126.84896098,Geumho Reservoir Entrance,35.13303271
2831,상무역(남),2435,농협운천지점,4287,126.8490061,Sangmu Station(South),35.14604615
2832,상무역(남),2436,희망가아파트,4288,126.84868099,Sangmu Station(South),35.14615773
2833,서구국민체육센터,2437,월드컵경기장,4289,126.88097745,SeoGu National Sports Center,35.12946517
2834,서구국민체육센터,2438,풍암우미아파트,4290,126.8805032,SeoGu National Sports Center,35.12988816
2835,월드컵경기장정문,2439,월드컵경기장,4291,126.87282286,World cup stadium main entrance,35.13320672
2836,월드컵경기장정문,2440,풍암모아아파트,4292,126.87259068,World cup stadium main entrance,35.13296598
2837,월드컵경기장주차장,2441,월드컵경기장정문,4293,126.877415,World Cup stadium parking lot,35.130807
2838,월드컵경기장주차장,2442,서구국민체육센터,4294,126.87691986,World Cup stadium parking lot,35.1303671
2839,유덕1교차로,2443,화니미지로,4295,126.84840328,Yuedok 1 intersection,35.16411885
2840,문암,,소재지,7160,126.60417883,Munam,35.18777966
2841,문암,,만연,7161,126.60506933,Munam,35.19158283
2842,문암,,문암,7162,126.60511493,Munam,35.19138117
2843,문암,,서촌마을,7163,126.60526782,Munam,35.19145789
2844,만연,,복용마을,7164,126.59688591,Manyeon,35.19570585
2845,만연,,문암,7165,126.59681349,Manyeon,35.19564447
2846,복용마을,,만연,7166,126.59295111,Bogyongmaeul,35.19719192
2847,소재지,,금곡마을,7167,126.60146445,Sojaeji,35.1816405
2848,소재지,,문장터미널,7168,126.60142689,Sojaeji,35.18153855
2849,금곡마을,,국군함평병원,7169,126.59452289,Geumgongmaeul,35.18317835
2850,금곡마을,,소재지,7170,126.59532219,Geumgongmaeul,35.18311697
2851,국군함평병원,,가삭마을,7171,126.59088849,Hampyeong National Armed Force Hospital,35.18190247
2852,국군함평병원,,금곡마을,7172,126.59097968,Hampyeong National Armed Force Hospital,35.18180601
2853,가삭마을,,금계.금산마을,7173,126.58743113,Gasangmaeul,35.1806178
2854,가삭마을,,국군함평병원,7174,126.58731043,Gasangmaeul,35.18058492
2855,금계.금산마을,,금산마을,7175,126.57779663,Geumgye.Geumsanmaeul,35.18405961
2856,금계.금산마을,,가삭마을,7176,126.57776445,Geumgye.Geumsanmaeul,35.18396972
2857,발미마을,,월현마을,7177,126.58543288,Balmimaeul,35.17732933
2858,발미마을,,국군함평병원,7178,126.58552139,Balmimaeul,35.17731398
2859,월현마을,,월현마을,7179,126.58209621,Wolhyeonmaeul,35.17359564
2860,월현마을,,발미마을,7180,126.58215522,Wolhyeonmaeul,35.17354083
2861,월현마을,,금산마을,7181,126.57785564,Wolhyeonmaeul,35.17281512
2862,월현마을,,월현마을,7182,126.57784223,Wolhyeonmaeul,35.17274716
2863,금산마을,,금계.금산마을,7183,126.5718314,Geumsanmaeul,35.1807888
2864,금산마을,,금산마을,7184,126.57113671,Geumsanmaeul,35.18060685
2865,금산마을,,원산마을,7185,126.56282722,Geumsanmaeul,35.17888589
2866,금산마을,,금산마을,7186,126.56291841,Geumsanmaeul,35.17880696
2867,원산마을,,광암마을,7187,126.55639529,Wonsanmaeul,35.1772789
2868,원산마을,,금산마을,7188,126.5564838,Wonsanmaeul,35.17719559
2869,광암마을,,광암운암마을,7189,126.54059171,Gwangammaeul,35.16743019
2870,광암마을,,오두마을,7190,126.54057025,Gwangammaeul,35.1673096
2871,오두마을,,광암마을,7191,126.54459624,Odumaeul,35.16195281
2872,오두마을,,각궁마을,7192,126.54447287,Odumaeul,35.16192431
2873,각궁마을,,오두마을,7193,126.54321222,Gakgungmaeul,35.14998154
2874,각궁마을,,마치마을,7194,126.54312371,Gakgungmaeul,35.15003419
2875,마치마을,,각궁마을,7195,126.53480886,Machimaeul,35.14324844
2876,마치마을,,옥련마을,7196,126.53470694,Machimaeul,35.14328574
2877,광암운암마을,,광암광동마을,7197,126.53778612,Gwangamunammaeul,35.17231304
2878,광암운암마을,,광암마을,7198,126.53770297,Gwangamunammaeul,35.17224946
2879,광암광동마을,,용천사,7199,126.53808652,Gwangamgwangdongmaeul,35.17861404
2880,광암광동마을,,광암운암마을,7200,126.53796046,Gwangamgwangdongmaeul,35.17862061
2881,용천사,,용천사,7201,126.54093503,Yongcheonsa,35.18197043
2882,용천사,,광암광동마을,7202,126.54084651,Yongcheonsa,35.18203619
2883,서촌마을,,장교,7203,126.60801707,Seochonmaeul,35.19871084
2884,서촌마을,,문암,7204,126.60793125,Seochonmaeul,35.19876345
2885,장교,,정산리,7205,126.61023527,Janggyo,35.20051028
2886,장교,,서촌마을,7206,126.61015212,Janggyo,35.20056946
2887,정산리,,신기마을,7207,126.61206722,Jeongsan-ri,35.20089164
2888,신기마을,,내정,7208,126.61774277,Singimaeul,35.20190641
2889,신기마을,,정산리,7209,126.61768107,Singimaeul,35.20200722
2890,내정,,예동마을,7210,126.62082999,Naejeong,35.20237324
2891,내정,,신기마을,7211,126.62084877,Naejeong,35.20247406
2892,예동마을,,시목,7212,126.62335663,Yedongmaeul,35.20536703
2893,예동마을,,내정,7213,126.62326812,Yedongmaeul,35.20542401
2894,시목,,금치마을,7214,126.62492036,Simok,35.20692962
2895,시목,,예동마을,7215,126.62478356,Simok,35.20689237
2896,금치마을,,시목,7216,126.62743091,Geumchimaeul,35.21289924
2897,금치마을,,구룡목,7217,126.62750064,Geumchimaeul,35.21282473
2898,구룡목,,화해,7218,126.63046449,Guryongmok,35.21374731
2899,구룡목,,금치마을,7219,126.63023918,Guryongmok,35.21377799
2900,화해,,구룡목,7220,126.63282215,Hwahae,35.21531194
2901,화해,,하죽,7221,126.63289725,Hwahae,35.21524181
2902,하죽,,화해,7222,126.63545072,Hajuk,35.21635063
2903,하죽,,상우,7223,126.63552045,Hajuk,35.21628927
2904,상우,,삼서우체국,7224,126.63860231,Sangu,35.21942279
2905,상우,,하죽,7225,126.63850307,Sangu,35.21945346
2906,삼서우체국,,상무대,7226,126.64667308,Samseo Post Office,35.23125785
2907,삼서면소재지,,상우,7227,126.64656043,Samseomyeonsojaeji,35.23124799
2908,상무대,,삼서면소재지,7228,126.6476655,Sangmudae,35.23568666
2909,향교,,영수교,7229,126.5307936,Hyanggyo,35.06795772
2910,백운삼거리,,계월,7230,126.4963299,Baegun Samgeo-ri,35.15377553
2911,백운삼거리,,종곡마을,7231,126.49634867,Baegun Samgeo-ri,35.15387202
2912,함평농협,,백운삼거리,7232,126.49817793,Hampyeong National Agricultural Cooperative Federation,35.15653646
2913,가야,,운제.저동,7233,126.49829864,Gaya,35.15650577
2914,종곡마을,,백운삼거리,7234,126.49361282,Jonggongmaeul,35.1553786
2915,종곡마을,,사천마을,7235,126.49346797,Jonggongmaeul,35.15546851
2916,사천마을,,복치마을,7236,126.48561984,Sacheonmaeul,35.14855383
2917,사천마을,,종곡마을,7237,126.48526578,Sacheonmaeul,35.14843978
2918,덕동마을,,학동마을,7238,126.52304738,Deokdongmaeul,35.17551841
2919,덕동마을,,광암마을,7239,126.52302861,Deokdongmaeul,35.17540879
2920,학동마을,,원남마을,7240,126.51467084,Hakdongmaeul,35.1749725
2921,학동마을,,덕동마을,7241,126.51470034,Hakdongmaeul,35.17488261
2922,원남마을,,학동마을,7242,126.51009768,Wonnammaeul,35.17360003
2923,원남마을,,덕천입구,7243,126.51005744,Wonnammaeul,35.17370307
2924,덕천입구,,원남마을,7244,126.50267063,Deokcheon Entrance,35.16651367
2925,덕천입구,,덕천,7245,126.50256066,Deokcheon Entrance,35.1665663
2926,덕천,,운제.저동,7246,126.50091782,Deokcheon,35.16534169
2927,덕천,,좌야,7247,126.50103583,Deokcheon,35.16532962
2928,운제.저동,,덕천,7248,126.4996156,Unje.Jeo-dong,35.15959005
2929,운제.저동,,가야,7249,126.49949491,Unje.Jeo-dong,35.15958348
2930,실산마을,,사천마을,7250,126.48150265,Silsanmaeul,35.14732128
2931,실산마을,,장동,7251,126.48143023,Silsanmaeul,35.14740462
2932,장동,,장동마을,7252,126.47567555,Jang-dong,35.1447936
2933,장동,,동암,7253,126.4756219,Jang-dong,35.14488243
2934,동암,,장동,7254,126.46737277,Dongam,35.14569831
2935,동암,,벽초마을,7255,126.46737813,Dongam,35.14580139
2936,벽초마을,,동백마을,7256,126.4636217,Byeokchomaeul,35.14542416
2937,벽초마을,,동암,7257,126.46360158,Byeokchomaeul,35.14533095
2938,동백마을,,복암마을,7258,126.46069407,Dongbaengmaeul,35.14585842
2939,동백마을,,벽초마을,7259,126.46070748,Dongbaengmaeul,35.14576191
2940,복암마을,,수문마을,7260,126.45853757,Bogammaeul,35.14564129
2941,복암마을,,동백마을,7261,126.45855903,Bogammaeul,35.14554917
2942,수문마을,,손불면소재지,7262,126.43447011,Sumunmaeul,35.14497893
2943,수문마을,,복암마을,7263,126.43474906,Sumunmaeul,35.14490436
2944,손불면소재지,,손불중,7264,126.43077671,Sonbulmyeonsojaeji,35.14358621
2945,손불면소재지,,수문마을,7265,126.43065869,Sonbulmyeonsojaeji,35.14341624
2946,손불중,,손불면소재지,7266,126.42716512,Sonbul Middle School,35.14288327
2947,손불중,,손불중,7267,126.42694383,Sonbul Middle School,35.14292384
2948,농장마을,,손불중,7268,126.42088472,Nongjangmaeul,35.1413973
2949,농장마을,,저수,7269,126.42093434,Nongjangmaeul,35.14148064
2950,저수,,비천,7270,126.41414299,Jeosu,35.14617972
2951,저수,,농장마을,7271,126.41407594,Jeosu,35.14610186
2952,비천,,저수,7272,126.40974819,Bicheon,35.15113292
2953,비천,,월산,7273,126.40986353,Bicheon,35.15116143
2954,월산,,비천,7274,126.4082314,Wolsan,35.15498716
2955,월산,,모량마을,7275,126.40832528,Wolsan,35.15495974
2956,모량마을,,장재마을,7276,126.40779152,Moryangmaeul,35.1585057
2957,모량마을,,월산,7277,126.40771508,Moryangmaeul,35.15850021
2958,장재마을,,장재마을,7278,126.40415444,Jangjaemaeul,35.17149742
2959,장재마을,,모량마을,7279,126.40403375,Jangjaemaeul,35.17148646
2960,학평사거리,,영광타이어기증기,7280,126.51035249,Hakpyeong Sageo-ri,35.26431194
2961,학평사거리,,녹사마을,7281,126.51028007,Hakpyeong Sageo-ri,35.26453642
2962,녹사마을,,국제정류장,7282,126.50890811,Noksamaeul,35.26703079
2963,녹사마을,,학평사거리,7283,126.50880217,Noksamaeul,35.26700671
2964,국제정류장,,녹사마을,7284,126.50458037,Gukje Busstop,35.27137115
2965,터미널사거리,,영광시외버스터미널,7285,126.50125442,Terminal Sageo-ri,35.2756609
2966,터미널사거리,,국제정류장,7286,126.50112301,Terminal Sageo-ri,35.27567405
2967,영광시외버스터미널,,터미널사거리,7287,126.50168358,Yeonggwangsioebeoseu Terminal,35.27597622
2968,국군통합병원,,금곡마을,7288,126.59010529,National Armed Force Hospital,35.18540341
2969,국군통합병원,,밀재휴게소,7289,126.59008383,National Armed Force Hospital,35.18550425
2970,밀재휴게소,,팔음교,7290,126.58459335,Miljae Rest Area,35.19095702
2971,밀재휴게소,,국군통합병원,7291,126.58449411,Miljae Rest Area,35.19094058
2972,팔음교,,밀재휴게소,7292,126.57647698,Pareumgyo,35.20120505
2973,팔음교,,팔음마을,7293,126.57653331,Pareumgyo,35.20128176
2974,팔음마을,,팔음교,7294,126.57120913,Pareummaeul,35.2072485
2975,팔음마을,,산포마을,7295,126.57130166,Pareummaeul,35.20726823
2976,산포마을,,내산,7296,126.56139492,Sanpomaeul,35.21538206
2977,산포마을,,팔음마을,7297,126.56129836,Sanpomaeul,35.21523743
2978,내산,,산포마을,7298,126.55724287,Naesan,35.21803135
2979,내산,,학동마을,7299,126.55731797,Naesan,35.21810585
2980,학동마을,,상무대,7300,126.55192807,Hakdongmaeul,35.21766869
2981,학동마을,,내산,7301,126.55189052,Hakdongmaeul,35.2175909
2982,상무대,,삼산,7302,126.54928207,Sangmudae,35.21853643
2983,상무대,,학동마을,7303,126.54924184,Sangmudae,35.21845645
2984,삼산,,용정,7304,126.54568053,Samsan,35.21995581
2985,삼산,,상무대,7305,126.54563561,Samsan,35.21987911
2986,용정,,구동,7306,126.54066681,Yongjeong,35.22970777
2987,용정,,삼산,7307,126.54056221,Yongjeong,35.22969681
2988,구동,,진천,7308,126.53884022,Gu-dong,35.23318473
2989,구동,,용정,7309,126.5388,Gu-dong,35.23309272
2990,진천,,신천,7310,126.53089821,Jincheon,35.23483772
2991,진천,,구동,7311,126.53084188,Jincheon,35.23476432
2992,신천,,학정리,7312,126.5279223,Sincheon,35.23815454
2993,신천,,진천,7313,126.52786865,Sincheon,35.23806363
2994,학정리,,남부포도원앞,7314,126.51664763,Hakjeong-ri,35.24310214
2995,학정리,,신천,7315,126.51652157,Hakjeong-ri,35.24305395
2996,남부포도원앞,,이흥서원,7316,126.51679247,Nambupodowon Front,35.24670668
2997,남부포도원앞,,학정리,7317,126.51672407,Nambupodowon Front,35.24677239
2998,이흥서원,,영광타이어기증기,7318,126.5176253,Iheungseowon,35.24826629
2999,영광타이어기증기,,학평사거리,7319,126.51409417,Yeonggwangtaieogijeunggi,35.25523929
3000,영광타이어기증기,,남부포도원앞,7320,126.51393055,Yeonggwangtaieogijeunggi,35.25520424
3001,국제정류장,,터미널사거리,7321,126.50466084,Gukje Busstop,35.27142809
3002,외치육교,,외치,7322,126.64649873,Oechiyukgyo,35.15879734
3003,외치육교,,덕령마을,7323,126.6464585,Oechiyukgyo,35.15887629
3004,덕령마을,,석보,7324,126.64072126,Deongnyeongmaeul,35.16509501
3005,덕령마을,,외치육교,7325,126.64061665,Deongnyeongmaeul,35.16511035
3006,석보,,월야초등학교,7326,126.64042621,Seokbo,35.17362853
3007,석보,,덕령마을,7327,126.64036989,Seokbo,35.17354302
3008,장동마을,,월야정류장,7328,126.62608176,Jangdongmaeul,35.18427006
3009,장동마을,,평촌마을,7329,126.62618368,Jangdongmaeul,35.18425691
3010,평촌마을,,신기마을,7330,126.6266638,Pyeongchonmaeul,35.18874197
3011,평촌마을,,장동마을,7331,126.62656187,Pyeongchonmaeul,35.18871787
3012,신기마을,,동촌마을,7332,126.61566674,Singimaeul,35.19611134
3013,신기마을,,평촌마을,7333,126.61551117,Singimaeul,35.19609819
3014,동촌마을,,신기마을,7334,126.61383748,Dongchonmaeul,35.1982418
3015,동촌마을,,장교,7335,126.61394745,Dongchonmaeul,35.19828563
3016,정산리,,장교,7336,126.61320984,Jeongsan-ri,35.20115027
3017,신성,,송정마을,7337,126.60284042,Sinseong,35.20093329
3018,화산,,동촌마을,7338,126.61249636,Hwasan,35.21004159
3019,만가촌,,화산,7339,126.61041766,Mangachon,35.21409355
3020,신덕마을,,만가촌,7340,126.60807609,Sindeongmaeul,35.2212634
3021,무봉마을,,신덕마을,7341,126.60376444,Mubongmaeul,35.22403848
3022,덕산마을,,무봉마을,7342,126.60167366,Deoksanmaeul,35.22344141
3023,석계,,덕산마을,7343,126.59897535,Seokgye,35.22049319
3024,용강,,석계,7344,126.60142421,Yonggang,35.2182198
3025,용강마을,,용강,7345,126.60483598,Yonggangmaeul,35.21282473
3026,방하마을,,용강마을,7346,126.6072151,Banghamaeul,35.20749286
3027,방하마을,,방하마을,7347,126.60494059,Banghamaeul,35.20771859
3028,송정마을,,방하마을,7348,126.59309059,Songjeongmaeul,35.20616477
3029,송암.신평,,모정마을,7349,126.62120013,Songam.Sinpyeong,35.11847812
3030,향교삼거리,,동교마을,7350,126.54306203,Hyanggyo Samgeo-ri,35.07489021
3031,동교마을,,향교2구,7351,126.53702169,Donggyomaeul,35.06976224
3032,향교2구,,명교마을,7352,126.53505295,Hyanggyo2Gu,35.06796321
3033,명교마을,,향교,7353,126.53227955,Myeonggyomaeul,35.06835946
3034,영수교,,구궤도버스앞,7354,126.52273088,Yeongsugyo,35.06540453
3035,구궤도버스앞,,함평공영터미널,7355,126.52156144,Gugwedobeoseu Front,35.06426073
3036,함평공영터미널,,주평마을,7356,126.52325659,Hampyeong Terminal,35.06185233
3037,방축마을,,월야정류장,7357,126.62864595,Bangchungmaeul,35.16549736
3038,방축마을,,월봉마을,7358,126.62866875,Bangchungmaeul,35.16517614
3039,방축마을,,외세마을,7359,126.62879079,Bangchungmaeul,35.16530551
3040,월봉마을,,용두마을,7360,126.62520736,Wolbongmaeul,35.16198132
3041,월봉마을,,방축마을,7361,126.62526637,Wolbongmaeul,35.16190019
3042,용두마을,,월봉마을,7362,126.61995559,Yongdumaeul,35.15790704
3043,용두마을,,용수마을,7363,126.61985903,Yongdumaeul,35.15797063
3044,용수마을,,용두마을,7364,126.61799758,Yongsumaeul,35.15463518
3045,용수마을,,오수마을,7365,126.61789029,Yongsumaeul,35.15468562
3046,오수마을,,용수마을,7366,126.61741018,Osumaeul,35.14903632
3047,오수마을,,선청마을,7367,126.61728143,Osumaeul,35.14902535
3048,선청마을,,오수마을,7368,126.61837309,Seoncheongmaeul,35.1450228
3049,선청마을,,사정,7369,126.61825507,Seoncheongmaeul,35.14503157
3050,사정,,삼리,7370,126.6171956,Sajeong,35.14233604
3051,사정,,선청마을,7371,126.61728948,Sajeong,35.14228121
3052,삼리,,사정,7372,126.61936283,Sam-ri,35.13561547
3053,삼리,,석지마을,7373,126.61925286,Sam-ri,35.13559792
3054,한국농어촌공사,,서광주세무서,7374,126.86498333,Hangungnongeochongongsa,35.15150278
3055,송암마을,,송암.신평,7375,126.63259952,Songam Village,35.11839036
3056,송암마을,,음지.양지,7376,126.63260757,Songam Village,35.11829164
3057,음지.양지,,송암마을,7377,126.64678439,Eumji.Yangji,35.11522662
3058,음지.양지,,음지.양지,7378,126.64669319,Eumji.Yangji,35.11516629
3059,문장터미널,,하귀,7379,126.60506933,Munjang Terminal,35.18118999
3060,외세마을,,방축마을,7380,126.63002997,Oesemaeul,35.15969422
3061,외세마을,,내세마을,7381,126.62992,Oesemaeul,35.15963502
3062,내세마을,,외세마을,7382,126.63117796,Naesemaeul,35.155565
3063,해보우체국,,하귀,7383,126.60836309,Haebo Post Office,35.17918185
3064,해보우체국,,문장터미널,7384,126.60844355,Haebo Post Office,35.17924762
3065,장미금뜰,,샤론의집,7385,126.6037926,Jangmigeumtteul,35.11059157
3066,샤론의집,,백양,7386,126.59418225,Syaronuijip,35.10577854
3067,백양,,닭머리마을,7387,126.59154429,Baekyang,35.09821994
3068,백양,,나산면소재지,7388,126.59154027,Baekyang,35.09810803
3069,닭머리마을,,원구산,7389,126.58594787,Dangmeorimaeul,35.09805207
3070,원구산,,구산,7390,126.581887,Wongusan,35.0981618
3071,원구산,,백양,7391,126.5817797,Wongusan,35.09804548
3072,구산,,삼성.삼구동,7392,126.57720386,Gusan,35.09848877
3073,삼성.삼구동,,삼성,7393,126.5726146,Samseong.Samgudong,35.09919101
3074,삼성.삼구,,원구산,7394,126.57284527,Samseong.Samgu,35.09905934
3075,삼성,,광영,7395,126.56731724,Samseong,35.0996299
3076,삼박동마을,,삼성.삼구,7396,126.56743794,Sambakdongmaeul,35.09950701
3077,광영,,송산,7397,126.56338512,Gwangyeong,35.10009952
3078,송산,,홍지,7398,126.55606001,Songsan,35.09434766
3079,송산,,삼박동마을,7399,126.55609085,Songsan,35.09422148
3080,홍지,,향교삼거리,7400,126.55299424,Hongji,35.09007906
3081,홍지,,송산,7401,126.55304788,Hongji,35.08982447
3082,학송,,홍지,7402,126.55080556,Haksong,35.08572463
3083,상강,,학송,7403,126.5476781,Sanggang,35.08007054
3084,나산면소재지,,장미금뜰,7404,126.61090917,Nasanmyeonsojaeji,35.1121955
3085,작곡재,,함평군청,7405,126.51145353,Jakgokjae,35.06900487
3086,대덕사거리,,작곡재,7406,126.50621384,Daedeok Sageori,35.07131428
3087,정산리,,,7407,126.6120404,Jeongsan-ri,35.20099027
3088,삼서면사무소,,,7408,126.64682327,Samseo-myeon Office,35.23200512
3089,함평우체국앞,,함평공영터미널,7409,126.51930972,Hampyeong Post Office Front,35.06365809
3090,백곡저수지,,대덕사거리,7410,126.50727599,Baekgok reservoir,35.07402753
3091,예순다리,,백곡저수지,7411,126.50442212,Yesundari,35.07820698
3092,고양촌,,예순다리,7412,126.50223612,Goyangchon,35.08206027
3093,양림마을,,고양촌,7413,126.49950563,Yangnimmaeul,35.08591997
3094,예비군훈련장,,양림마을,7414,126.49105131,Reserved forces Training Ground,35.08629089
3095,옥산동마을,,예비군훈련장,7415,126.48379056,Oksandongmaeul,35.0866245
3096,백년동마을,,옥산동마을,7416,126.47702068,Baengnyeondongmaeul,35.09027439
3097,손불면소재지,,수문마을,7417,126.43082767,The seat of Sonbul-myeon,35.14350726
3098,손불면소재지,,손불중,7418,126.43081024,The seat of Sonbul-myeon,35.14345243
3099,월산,,비천,7419,126.40813886,Wolsan,35.15483912
3100,정산리,,,7420,126.61325007,Jeongsan-ri,35.20106698
3101,나산면소재지,,,7421,126.61087497,The seat of Nasan-myeon,35.11223938
3102,나산면소재지,,,7422,126.61076767,The seat of Nasan-myeon,35.11236554
3103,구주포,,백년동마을,7423,126.47146179,Gujupo,35.09344678
3104,성재마을,,주포파출소,7424,126.46731107,Seongjaemaeul,35.09124554
3105,덕흥,,성재마을,7425,126.46537184,Deokeung,35.09183042
3106,주포,,덕흥,7426,126.46339907,Jupo,35.09499397
3107,하신흥마을,,주포,7427,126.46503924,Hasinheungmaeul,35.09947848
3108,덕산마을,,목교,7428,126.47191911,Deoksanmaeul,35.11237652
3109,신평마을,,덕산마을,7429,126.46609872,Sinpyeongmaeul,35.11836184
3110,묘동마을,,신평마을,7430,126.46145246,Myodongmaeul,35.1184507
3111,옷밥골,,묘동마을,7431,126.44582927,Otbapgol,35.12550504
3112,지사리,,옷밥골,7432,126.43874824,Jisari,35.13345704
3113,가작마을,,지사리,7433,126.4353311,Gajangmaeul,35.13841431
3114,대행마을,,가작마을,7434,126.43272399,Daehaengmaeul,35.14184912
3115,학산,,지호마을,7435,126.39976232,Haksan,35.15432816
3116,학산,,월산,7436,126.39967917,Haksan,35.15426238
3117,지호마을,,금곡마을,7437,126.39698088,Jihomaeul,35.15649042
3118,지호마을,,학산,7438,126.39688968,Jihomaeul,35.15642902
3119,금곡마을,,복학마을,7439,126.38911664,Geumgongmaeul,35.16468059
3120,금곡마을,,지호마을,7440,126.38899862,Geumgongmaeul,35.16462139
3121,복학마을,,금곡마을,7441,126.38420283,Bokangmaeul,35.16856816
3122,복학마을,,안정마을,7442,126.38432085,Bokangmaeul,35.16859228
3123,안정마을,,소무,7443,126.3847111,Anjeongmaeul,35.17309466
3124,안정마을,,복학마을,7444,126.38460181,Anjeongmaeul,35.17311768
3125,소무,,소무,7445,126.38420015,Somu,35.17441562
3126,소무,,안정마을,7446,126.38411432,Somu,35.174363
3127,승선,,비천,7447,126.41802817,Seungseon,35.15924908
3128,승선,,사기,7448,126.41809656,Seungseon,35.15918986
3129,사기,,사기마을,7449,126.42330408,Sagi,35.1648264
3130,사기,,승선,7450,126.423233,Sagi,35.16485272
3131,사기마을,,사기마을,7451,126.42386734,Sagimaeul,35.16873042
3132,사기마을,,사기,7452,126.42378285,Sagimaeul,35.168794
3133,대한,,,7453,126.64714246,Daehan,35.1305944
3134,성재,,,7454,126.64225816,Seongjae,35.13218258
3135,고정마을,,,7455,126.63574576,Gojeongmaeul,35.15975124
3136,양지마을,,,7456,126.64081915,Yangjimaeul,35.16126647
3137,성주,,,7457,126.63224279,,35.19160037
3138,성주,,,7458,126.63218378,,35.1917275
3139,봉덕,,,7459,126.63636535,,35.19505924
3140,봉덕,,,7460,126.63628756,,35.19514911
3141,연당,,,7461,126.63981735,,35.19728178
3142,연당,,,7462,126.63987636,,35.19721165
3143,죽산,,,7463,126.64215087,,35.19910974
3144,죽산,,,7464,126.64224742,,35.19901331
3145,노동,,,7465,126.64296894,,35.20606396
3146,노동,,,7466,126.64286434,,35.20607272
3147,화산,,,7467,126.61261438,,35.21008542
3148,만가촌,,,7468,126.61057054,,35.21409574
3149,신덕마을,,,7469,126.60819947,,35.22128312
3150,무봉마을,,,7470,126.60384625,,35.22409655
3151,덕산마을,,,7471,126.60170853,,35.22353782
3152,석계,,,7472,126.59889221,,35.22042856
3153,용강,,,7473,126.60135179,,35.21815625
3154,용강마을,,,7474,126.60473405,,35.21271296
3155,신성,,,7475,126.60274386,,35.20081493
3156,나산초교,,,7476,126.60727678,,35.11590677
3157,나산초교,,,7477,126.60728215,,35.11574441
3158,나산중고교,,,7478,126.6034989,,35.11586617
3159,나산중고교,,,7479,126.60351097,,35.11577623
3160,월평마을,,,7480,126.59331589,,35.12670831
3161,월평,,,7481,126.59324213,,35.12677413
3162,입석마을,,,7482,126.60005091,,35.13342194
3163,입석마을,,,7483,126.60001873,,35.13359742
3164,사산마을,,,7484,126.60183191,,35.13512412
3165,사산마을,,,7485,126.60173534,,35.13524696
3166,환곡,,,7486,126.60512298,,35.13477097
3167,환곡,,,7487,126.60497009,,35.13474902
3168,와락마을,,,7488,126.5946114,,35.12965773
3169,와락마을,,,7489,126.5946865,,35.12956121
3170,동축마을,,,7490,126.59977734,,35.12085852
3171,동축마을,,,7491,126.59966737,,35.12080807
3172,문화,,,7492,126.60738408,,35.11927672
3173,상축,,,7493,126.60737335,,35.12862232
3174,백토,,,7494,126.60234689,,35.17417665
3175,백토,,,7495,126.60215914,,35.17416788
3176,소성,,,7496,126.60252928,,35.16651148
3177,소성,,,7497,126.60236299,,35.16652025
3178,쌍구령,,,7498,126.6020894,,35.16274441
3179,쌍구령,,,7499,126.60192847,,35.16277072
3180,창서,,,7500,126.60202234,,35.15658033
3181,창서,,,7501,126.60184532,,35.15658691
3182,성대,,,7502,126.60265266,,35.15269656
3183,성대,,,7503,126.60238444,,35.15267902
3184,원우치.계동,,,7504,126.60396694,,35.14731908
3185,원우치.계동,,,7505,126.60421371,,35.14735417
3186,신촌,,,7506,126.60390257,,35.14479251
3187,신촌,,,7507,126.60414934,,35.14476619
3188,사촌,,,7508,126.60568356,,35.14174823
3189,사촌,,,7509,126.60550117,,35.14161663
3190,원초포,,,7510,126.60538315,,35.13853714
3191,원초포,,,7511,126.60568356,,35.13856346
3192,원선마을,,,7512,126.57933622,,35.11250597
3193,원선마을,,,7513,126.57944351,,35.11251036
3194,원선경로당,,,7514,126.57928526,,35.11737675
3195,원구산회관,,,7515,126.58299207,,35.10247826
3196,은암,,,7516,126.59786224,,35.20895023
3197,방하마을,,,7517,126.60709439,,35.20745341
3198,중앙병원,,화순제일중,7518,126.981255,JungangHospital,35.058415
3199,중앙병원,,화순시장,7519,126.98102,JungangHospital,35.058045
3200,정천(리),,벽지리,7526,126.891868,Jeongcheon(ri),34.949788
3201,정천(리),,천태초교,7527,126.891808,Jeongcheon(ri),34.949824
3202,제일초등학교,,제일장식,7528,126.994717,Jeil Elementary School,35.055108
3203,제일초등학교,,일심리,7529,126.994631,Jeil Elementary School,35.054941
3204,제정,,도암삼거리,7530,126.902427,Jejeong,34.933092
3205,제정,,,7531,126.996157,Jejeong,34.990798
3206,주산(리),,대전,7532,127.14661,Jusan(ri),34.982379
3207,주산(리),,남계입구,7533,127.146581,Jusan(ri),34.982221
3208,주평,,용리,7534,127.114507,Jupyeong,35.027478
3209,주평,,내리입구,7535,127.114381,Jupyeong,35.02733
3210,죽청리,,미곡2구,7536,126.938715,Jukcheong-ri,35.013843
3211,죽청리,,백암,7537,126.938865,Jukcheong-ri,35.013877
3212,중장터,,용강리,7538,126.873207,Jungjangteo,34.907897
3213,중장터,,,7539,126.873153,Jungjangteo,34.90787
3214,광사리,,백암리,7540,126.970142,Gwangsa-ri,35.027938
3215,광사리,,감도리3구,7541,126.970137,Gwangsa-ri,35.02787
3216,지월리2구,,도암삼거리,7542,126.897652,Jiwol-ri District 2,34.930432
3217,지월리2구,,운주사,7543,126.897698,Jiwol-ri District 2,34.930636
3218,지월리3구,,,7544,126.89237,Jiwol-ri District 3,34.916927
3219,진등,,,7545,127.00554,Jindeung,34.92368
3220,진등,,금능삼거리,7546,127.005228,Jindeung,34.923662
3221,진등,,샘터마을,7547,127.005255,Jindeung,34.923598
3222,차리,,청풍면사무소,7548,126.966355,Cha-ri,34.874753
3223,차리,,청용리,7549,126.966403,Cha-ri,34.874841
3224,천암리,,도곡중학교,7550,126.909744,Cheonam-ri,35.010653
3225,천암리,,신덕종점,7551,126.909741,Cheonam-ri,35.010939
3226,이서분교,,,7552,127.043997,Leso branch school,35.117412
3227,감도리3구,,내평리,7553,126.973299,Gamdo-ri District3,35.030901
3228,천태리,,재정,7554,126.907993,Cheontae-ri,34.930464
3229,천태리,,천태2구,7555,126.907848,Cheontae-ri,34.930435
3230,천태초교,,정천(리),7556,126.893321,Cheontae Elementary School,34.94462
3231,천태초교,,원천리1구,7557,126.893173,Cheontae Elementary School,34.94471
3232,청궁(리),,,7558,127.058223,Cheonggung(ri),35.07455
3233,청궁(리),,,7559,127.058156,Cheonggung(ri),35.07462
3234,청궁입구,,,7560,127.081408,Cheonggung(ri) adit,35.046717
3235,청궁입구,,,7561,127.081336,Cheonggung(ri) adit,35.04663
3236,청궁폭포,,,7562,127.055804,Cheonggungwaterfall,35.078609
3237,청궁폭포,,,7563,127.055734,Cheonggungwaterfall,35.078635
3238,청령마을,,금능삼거리,7564,126.989753,Cheongryeong(ri)maeul,34.912618
3239,청령마을,,품평리,7565,126.989647,Cheongryeong(ri)maeul,34.912652
3240,청소(리),,,7566,126.875018,Cheongso(ri),34.898678
3241,청소(리),,,7567,126.8748475,Cheongso(ri),34.898673
3242,청풍교,,신리2구,7568,126.977229,Cheongpunggyo,34.879913
3243,청풍교,,청풍면사무소,7569,126.977269,Cheongpunggyo,34.879992
3244,청풍면사무소,,청풍교,7570,126.970735,Cheongpung-myeon office,34.876454
3245,청풍면사무소,,신리1구,7571,126.970504,Cheongpung-myeon office,34.876579
3246,초방(리)1구,,양지뜰,7572,127.006623,Chobang(ri) District 1,34.855589
3247,초방(리)1구,,초방(리)2구,7573,127.006545,Chobang(ri) District 1,34.855611
3248,초방(리)2구,,종점,7574,126.999805,Chobang(ri) District 2,34.850727
3249,초방(리)2구,,초방(리)1구,7575,126.999794,Chobang(ri) District 2,34.850654
3250,춘양건널목,,춘양합동정류소,7576,126.96404,ChunyangGeonneolmok,34.949246
3251,춘양건널목,,춘양삼거리,7577,126.964032,ChunyangGeonneolmok,34.948892
3252,춘양삼거리,,우봉리입구,7578,126.967546,Chunyang 3-Way Jct,34.951904
3253,춘양삼거리,,춘양건널목,7579,126.967463,Chunyang 3-Way Jct,34.951996
3254,춘양초교,,춘양정류소,7580,126.959679,Chunyang Elementary School,34.948694
3255,춘양초교,,회송리1,7581,126.959606,Chunyang Elementary School,34.948762
3256,춘양합동정류소,,석정역,7582,126.961366,Chunyanghapdong bus stop,34.951763
3257,춘양합동정류소,,춘양건널목,7583,126.96128,Chunyanghapdong bus stop,34.95173
3258,충의사,,,7584,127.010686,Chunguisa,35.036401
3259,충의사,,,7585,127.010641,Chunguisa,35.036333
3260,칠송,,대신리1구,7586,126.947381,Chilsong,34.95142
3261,칠송,,회송리1구,7587,126.947276,Chilsong,34.951398
3262,큰재,,중지마을,7588,126.999966,Keunjae,35.071569
3263,큰재,,화순실고,7589,126.999933,Keunjae,35.071723
3264,탑동,,밤실입구,7590,127.13204,Tap-dong,35.08657
3265,탑동,,동복정류소,7591,127.131903,Tap-dong,35.086466
3266,터널,,,7592,127.174205,Teoneol,35.080038
3267,터널,,,7593,127.174172,Teoneol,35.080139
3268,통적골,,신기,7594,126.862411,Tongjeokgol,34.888789
3269,통적골,,봉학,7595,126.862285,Tongjeokgol,34.888771
3270,평리,,도곡면사무소,7596,126.901864,Pyeong-ri,34.997139
3271,평리,,월곡입구,7597,126.901789,Pyeong-ri,34.99737
3272,한천평리,,원동,7598,127.078565,Hancheonpyeong-ri,34.987726
3273,한천평리,,신촌,7599,127.078483,Hancheonpyeong-ri,34.987758
3274,품평리,,청령마을,7600,126.987188,Pumpyeong-ri,34.905339
3275,품평리,,이양농공단지,7601,126.987075,Pumpyeong-ri,34.90537
3276,풍암리,,용두리,7602,126.985653,Pungam-ri,34.933318
3277,풍암리,,송석주유소,7603,126.9856,Pungam-ri,34.933259
3278,하수락,,통적골,7604,126.870443,Hasurak,34.894058
3279,하수락,,봉하,7605,126.870482,Hasurak,34.89399
3280,한계리,,,7606,126.995803,Hangye-ri,34.975573
3281,한계리,,,7607,126.996256,Hangye-ri,34.975626
3282,감도리3구,,광사리,7608,126.973144,Gamdo-ri District3,35.030758
3283,내평리,,연양2구,7609,126.9670715,Naepyeong-ri,35.0350838
3284,내평리,,감도리3구,7610,126.966948,Naepyeong-ri,35.034909
3285,감도리1구,,감도리1구,7611,126.980198,Gamdo-ri District 1,35.034681
3286,읍사무소,,화순시장,7612,126.983943,Eup Office,35.060506
3287,읍사무소,,중앙병원,7613,126.983938,Eup Office,35.060366
3288,화순요양원,,서태리1구,7614,126.9542094,Hwasun Nursing Home,35.042941
3289,화순요양원,,계소리1구,7615,126.954208,Hwasun Nursing Home,35.042835
3290,구한전주유소,,읍사무소,7616,126.989363,Hanjeon Gas Station,35.060402
3291,구한전주유소,,화순우체국,7617,126.989355,Hanjeon Gas Station,35.060555
3292,한지리1구,,,7618,126.979627,Hanji-ri District 1,34.910707
3293,한지리1구,,한지리2구,7619,126.979568,Hanji-ri District 1,34.910976
3294,한지리2구,,한지리1구,7620,126.978814,Hanji-ri District 2,34.906203
3295,한지리2구,,세청리,7621,126.978739,Hanji-ri District 2,34.906256
3296,한천정류장,,동복중학교,7622,127.129224,Hancheon bus stop,35.057009
3297,한천정류장,,둔동,7623,127.129122,Hancheon bus stop,35.057048
3298,한천초교,,청계,7624,127.003157,Hancheon Elementary School,34.979913
3299,한천초교,,한천초교입구,7625,127.003131,Hancheon Elementary School,34.979845
3300,한천초교입구,,한천면사무소,7626,127.001942,Hancheon Elementary School adit,34.977696
3301,한천초교입구,,오음교,7627,127.001932,Hancheon Elementary School adit,34.977634
3302,해수정,,,7628,126.961535,Haesujeong,34.859013
3303,해수정,,,7629,126.961385,Haesujeong,34.859078
3304,해오름주유소,,,7630,127.216087,Haeoreum gas station,35.085053
3305,해오름주유소,,,7631,127.215811,Haeoreum gas station,35.084939
3306,행산(리),,왕정(리),7632,126.829642,Haengsan(ri),34.875381
3307,화순서라아파트,,대리교통광장(서),7633,126.969217,Hwasun Seora Apt,35.053123
3308,화순서라아파트,,벽라리(화순역),7634,126.969048,Hwasun Seora Apt,35.053195
3309,빛고을노인건강타운입구,,구암,7635,126.8998111,Bitgoeul Senior Health Town Entrance,35.10216667
3310,빛고을노인건강타운입구,,노대,7636,126.8993139,Bitgoeul Senior Health Town Entrance,35.10225278
3311,밀양(내리),,내리2구,7637,127.136055,Miryang(nae-ri),35.03363417
3312,일심리,,제일초등학교,7638,126.997062,Ilsim-ri,35.054676
3313,삼마,,유마사,7639,127.164578,Samma,35.000165
3314,삼마,,남계리,7640,127.164474,Samma,35.000163
3315,유마사,,삼마,7641,127.17163,Yumasa,35.015716
3316,화순사평,,남면사무소,7642,127.098725,Hwasun Sapyeong,35.006244
3317,남계리,,삼마,7643,127.158138,Namgye-ri,34.989242
3318,남계리,,남계입구,7644,127.158066,Namgye-ri,34.989262
3319,일심리,,화순전남대병원,7645,126.996978,Ilsim-ri,35.054537
3320,가로1구,,마산리,7646,127.07238,Garo District 1,35.054879
3321,가로1구,,무포리,7647,127.072299,Garo District 1,35.054912
3322,가봉리,,신성레미콘,7648,126.95716,Gabong-ri,34.940698
3323,가봉리,,춘양초교,7649,126.957258,Gabong-ri,34.940667
3324,가수리1구,,가수리입구,7650,127.148768,Gasu-ri District 1,35.097858
3325,가수리2구,,가수리3구,7651,127.171496,Gasu-ri District 2,35.10914
3326,가수리2구,,가수리1구,7652,127.171433,Gasu-ri District 2,35.109177
3327,가수리3구,,가수리2구,7653,127.182382,Gasu-ri District 3,35.12316
3328,가수리입구,,신성리,7654,127.140647,Gasu-ri adit,35.100376
3329,가수리입구,,안성2구,7655,127.140535,Gasu-ri adit,35.1004
3330,가암리1구,,가암리2구,7656,126.98854,Gaam-ri District 1,35.003913
3331,가암리2구,,가암리1구,7657,126.994277,Gaam-ri District 2,34.998442
3332,가암리2구,,정리2구,7658,126.99418,Gaam-ri District 2,34.998506
3333,갈두(리),,안심,7659,127.044603,Galdu(ri),35.089366
3334,갈두(리),,어림,7660,127.044573,Galdu(ri),35.08937
3335,갈전,,,7661,127.11242,Galjeon,35.189812
3336,갈전,,,7662,127.11231,Galjeon,35.189814
3337,감도리1구,,삼천리,7663,126.980018,Gamdo-ri District 1,35.034683
3338,감도리2구,,감도리1구,7664,126.9752579,Gamdo-ri District 2,35.0384331
3339,감도리2구,,연양2구,7665,126.975332,Gamdo-ri District 2,35.038428
3340,갑동,,야사,7666,127.061133,Gap-dong,35.110327
3341,갑동,,삼하,7667,127.061117,Gap-dong,35.110386
3342,개화동,,구례리,7668,127.035428,Gaehwa-dong,34.860442
3343,개화동,,매정2구,7669,127.035414,Gaehwa-dong,34.860546
3344,건강협회,,상공회의소,7670,126.888497,Health Promotion Association,35.148352
3345,검산(리),,대곡입구,7671,127.091588,Geomsan(ri),34.982983
3346,경현리,,복림마을,7672,127.08734,Gyeonghyeon-ri,35.052887
3347,경현리,,묘치,7673,127.087368,Gyeonghyeon-ri,35.052892
3348,고암촌,,용관1구,7674,127.025272,Goamchon,34.930015
3349,고암촌,,강성2구,7675,127.025401,Goamchon,34.93002
3350,곰치,,곰치휴게소,7676,126.938243,Gomchi,34.843954
3351,곰치,,이만리,7677,126.938345,Gomchi,34.843949
3352,곰치휴게소,,곰치,7678,126.936931,Gomchi rest area,34.830461
3353,곰치휴게소,,,7679,126.93681,Gomchi rest area,34.830481
3354,공간아파트,,신기리,7680,126.987665,Gonggan Apt.,35.067205
3355,공간아파트,,교육청,7681,126.987475,Gonggan Apt.,35.067163
3356,광대월,,,7682,126.961357,GwangDaewol,34.962167
3357,광업소,,고암촌,7683,127.015533,Gwangeopso,34.928549
3358,광업소,,뜬바위,7684,127.015611,Gwangeopso,34.928672
3359,삼천리(축협하나로),,,7685,126.989094,Samcheon-ri,35.052896
3360,산이고운아파트후문,,,7686,126.981738,,35.054421
3361,산이고운아파트정문,,,7687,126.98174,,35.053188
3362,한양립스아파트정문,,,7688,126.979583,,35.053074
3363,교육청,,공간아파트,7689,126.987394,Office of Education,35.065185
3364,교육청,,화순군청,7690,126.987217,Office of Education,35.065525
3365,구례리1구,,괴화,7691,127.035014,Gurye-ri District 1,34.860554
3366,구례리1구,,매정2구,7692,127.035092,Gurye-ri District 1,34.860744
3367,구봉(리),,,7693,127.077958,Gubong(ri),35.037258
3368,구봉(리),,,7694,127.078034,Gubong(ri),35.037327
3369,구산,,인계리,7695,127.079979,Gusan,35.130792
3370,구산,,장단마을,7696,127.079984,Gusan,35.130682
3371,구암(리),,구봉산,7697,127.073077,Guam(ri),35.03406
3372,구암(리),,화순광업소,7698,127.072967,Guam(ri),35.034016
3373,구암산장,,,7699,127.077017,GuamSanjang,35.021736
3374,구암산장,,,7700,127.076824,GuamSanjang,35.021762
3375,국동(리),,수만리1구,7701,127.028011,Gukdong(ri),35.07221
3376,국동(리),,,7702,127.027882,Gukdong(ri),35.072179
3377,금능(리),,금능삼거리,7703,126.991218,Geumneung(ri),34.923675
3378,금능(리),,송석주유소,7704,126.991326,Geumneung(ri),34.923649
3379,금능삼거리,,청령마을,7705,126.991796,Geumneung 3-Way Jct,34.920592
3380,금능삼거리,,금능(리),7706,126.991935,Geumneung 3-Way Jct,34.920333
3381,금호아파트,,화순부영아파트,7707,126.992335,Kumho Apt.,35.0631
3382,금호아파트,,부영6차아파트,7708,126.992571,Kumho Apt.,35.063134
3383,길성,,이천(리)1구,7709,127.1219406,Gilseong,35.155773
3384,길성,,와천리,7710,127.121885,Gilseong,35.155784
3385,나드리노인복지관,,공설운동장,7711,126.963565,Senior Welfare Center,35.045268
3386,나드리노인복지관,,연양리1구,7712,126.963474,Senior Welfare Center,35.045367
3387,남계입구,,복교,7713,127.154214,Namgye adit,34.976272
3388,남계입구,,주산(리),7714,127.154128,Namgye adit,34.976351
3389,남덕,,,7715,127.046008,NamDoek,34.854436
3390,남덕,,,7716,127.045923,NamDoek,34.854372
3391,남정리2구,,대곡리2구,7717,126.949556,Namjeong-ri District 2,34.996625
3392,남정리2구,,능주고,7718,126.949556,Namjeong-ri District 2,34.996548
3393,남치(리),,,7719,127.119788,Namchi(ri),35.188927
3394,남치(리),,,7720,127.119713,Namchi(ri),35.188998
3395,내리입구,,연동,7721,127.12265,nae-ri adit,35.038955
3396,내리입구,,주평,7722,127.122535,nae-ri adit,35.038985
3397,노기리,,북면사무소,7723,127.134945,Nogi-ri,35.172506
3398,노기리,,백아산관광목장,7724,127.13505,Nogi-ri,35.172497
3399,노치(리),,수리,7725,127.172813,Nochi(ri),35.144869
3400,노치(리),,,7726,127.172703,Nochi(ri),35.144852
3401,노치(리),,,7727,127.118079,Nochi(ri),35.035656
3402,노치(리),,,7728,127.118154,Nochi(ri),35.03557
3403,능주농공단지,,능주고,7729,126.962307,Neungju Nonggong Danji,34.984533
3404,능주농공단지,,,7730,126.962265,Neungju Nonggong Danji,34.984478
3405,능주정류장,,능주면사무소,7731,126.958122,Neungju bus stop,34.991622
3406,다곡,,웅곡,7732,127.142396,Dagok,35.129886
3407,다곡,,수리입구,7733,127.142549,Dagok,35.129886
3408,다산,,주평,7734,127.125983,Dasan,35.021903
3409,다산,,절산(리)1구,7735,127.125877,Dasan,35.021841
3410,다지(리)1구,6635,한보요업,7736,126.997893,Daji(ri) District 1,35.049482
3411,다지(리)1구,6636,정수장입구,7737,126.998016,Daji(ri) District 1,35.049458
3412,강례,,방리.송단,7738,127.171018,Gangrye,35.187416
3413,강례,,송단(평지),7739,127.170962,Gangrye,35.187374
3414,대곡리2구,,옥천사,7740,126.935225,Daegok-ri District 2,34.99933
3415,대곡리2구,,도곡농공단지,7741,126.935145,Daegok-ri District 2,34.999358
3416,대곡입구,,,7742,127.091472,Daegok adit,34.995573
3417,대곡입구,,상사,7743,127.091523,Daegok adit,34.995559
3418,대비리,,,7744,126.95556,Daebi-ri,34.885752
3419,대비리입구,,세청리,7745,126.969909,Daebi-ri adit,34.879158
3420,대비리입구,,청풍면사무소,7746,126.969804,Daebi-ri adit,34.879121
3421,대신리1구,,대신리2구,7747,126.942354,Daesin-ri District 1,34.95627
3422,대신리1구,,칠송,7748,126.942266,Daesin-ri District 1,34.956311
3423,대신리2리,,대신리1구,7749,126.945573,Daesin-ri District 2,34.957534
3424,대신리2리,,대신리3구,7750,126.945503,Daesin-ri District 2,34.957441
3425,대신리3구,,,7751,126.954545,Daesin-ri District 3,34.958809
3426,대신리3구,,대신리2구,7752,126.954446,Daesin-ri District 3,34.958919
3427,호동,,,7753,127.007614,Hodong,34.99945
3428,호암(리)1구,,우치리,7754,126.885647,Hoam(ri) District 1,34.900025
3429,호암(리)1구,,덕산,7755,126.885618,Hoam(ri) District 1,34.900084
3430,화림(리),,,7756,126.96317,Hwalim(ri),34.95862
3431,화림(리),,,7757,126.963294,Hwalim(ri),34.958659
3432,화산(리)입구,,,7758,127.089323,Hwasan(ri) adit,34.990247
3433,하서마을입구,,하서마을,7759,127.035035,Haseomaeul adit,35.057792
3434,하서마을입구,,서성리,7760,127.034934,Haseomaeul adit,35.057936
3435,화순교통,,화니미지로,7761,126.83963704,Hwasun Transportation,35.16721796
3436,화순군청,,교육청,7762,126.986662,Hwasunguncheong,35.063051
3437,화순군청,,화순공공도서관입구,7763,126.986471,Hwasunguncheong,35.063084
3438,유천리(화순실고),,신기리,7764,126.991485,Hwasun commerce high school,35.068257
3439,유천리(화순실고),,부영6차아파트,7765,126.99149,Hwasun commerce high school,35.068118
3440,화순자애원,,,7766,127.000867,Hwasunjaaewon,35.045453
3441,화순자애원,,,7767,127.00095,Hwasunjaaewon,35.045508
3442,화순정류장,,화순주유소,7768,126.983883,Hwasun bus stop,35.062188
3443,화순정류장,,,7769,126.984001,Hwasun bus stop,35.062316
3444,세청리,,한지리2구,7770,126.975737,Secheong-ri,34.892773
3445,회송리1구,,칠송,7771,126.952168,Hoesong-ri District 1,34.950187
3446,회송리1구,,춘양초교,7772,126.952147,Hoesong-ri District 1,34.950125
3447,효산리,,도곡면사무소,7773,126.918174,Hyosan-ri,34.99505
3448,효산리,,모산,7774,126.918131,Hyosan-ri,34.994999
3449,내리2구,,밀양(내리),7775,127.131383,Nae-ri District 2,35.034679
3450,내리2구,,내리입구,7776,127.131372,Nae-ri District 2,35.034732
3451,가수리1구,,가수리2구,7777,127.148734,Gasu-ri District 1,35.097824
3452,용리,,주평,7778,127.111714,Yong-ri,35.024486
3453,용리,,용안,7779,127.111663,Yong-ri,35.024562
3454,주암(종점),,월봉,7780,127.234123,Juam,35.076587
3455,월봉,,주암(종점),7781,127.215743,Wolbong,35.084892
3456,월봉,,비룡,7782,127.215725,Wolbong,35.085071
3457,한영휴게소,,운룡,7783,127.174026,Hanyeong rest area,35.079833
3458,한영휴게소,,동정,7784,127.173963,Hanyeong rest area,35.080011
3459,운룡,,한영휴게소,7785,127.204429,Unlyong,35.087715
3460,운룡,,비룡,7786,127.204449,Unlyong,35.087505
3461,북면,,북면중교,7787,127.132919,Bukmyeon,35.166919
3462,세청리,,대비리입구,7788,126.975617,Secheong-ri,34.892773
3463,연화리(종점),,연화리입구,7789,127.022048,Yeonhwa-ri,34.853977
3464,괴화,,구례리1구,7790,127.039402,Goehwa,34.859659
3465,괴화,,남덕,7791,127.039311,Goehwa,34.858893
3466,사동,,사은동,7792,127.056617,Sadong,34.885632
3467,사동,,쌍봉사입구,7793,127.056606,Sadong,34.885539
3468,쌍봉사(종점),,쌍봉사입구,7794,127.060447,Ssangbongsa,34.886947
3469,대초리(종점),,대초삼거리,7795,126.873313,Daecho-ri,34.936286
3470,벽지리2구,,벽지리,7796,126.903572,Byeokji-ri District 2,34.95755
3471,효산삼거리,,천암리,7797,126.910294,Hyosan 3-Way Junc,34.998737
3472,효산삼거리,,신성리,7798,126.910133,Hyosan 3-Way Junc,34.998792
3473,덕산,,우치리,7799,126.878647,Deoksan,34.902952
3474,덕산,,덕신,7800,126.878628,Deoksan,34.903014
3475,오음2구,,오음삼거리,7801,127.02977,Oeum District 2,34.96921
3476,양곡(종점),,,7802,126.932444,Yanggok,34.949527
3477,삼천리,,감도리1구,7803,126.98384,Samcheon-ri,35.043407
3478,삼천리,,농협혼수센터,7804,126.983894,Samcheon-ri,35.043375
3479,절산(리),,절산(리)1구,7805,127.120582,Jeolsan(ri),35.002406
3480,절산(리),,절동,7806,127.120526,Jeolsan(ri),35.002366
3481,복암,,무포리,7807,127.081574,Bokam,35.046511
3482,복암,,구봉산,7808,127.081408,Bokam,35.046478
3483,무포리,,가로1구,7809,127.073721,Mupo-ri,35.053612
3484,무포리,,복암,7810,127.073622,Mupo-ri,35.053601
3485,사평중,,석복,7811,127.089455,Sapyeong Middle School,35.003269
3486,사평중,,사평중입구,7812,127.089551,Sapyeong Middle School,35.003254
3487,동산(종점),,동산입구,7813,127.063958,Dongsan,34.966798
3488,정우리,,오곡,7814,127.072731,Jeong-u-ri,34.974731
3489,정우리,,신촌,7815,127.072853,Jeong-u-ri,34.9747
3490,오곡,,정우리,7816,127.069124,Ogok,34.973001
3491,신율,,신율1구,7817,127.136533,Sinyul,35.096667
3492,신율,,안성2구,7818,127.136673,Sinyul,35.096633
3493,밤실,,밤실입구,7819,127.143512,Bamsir,35.090522
3494,용암(종점),,죽산,7820,127.195564,Yongam,34.959373
3495,죽산,,용암(종점),7821,127.175178,Juksan,34.974227
3496,죽산,,복교,7822,127.17506,Juksan,34.97445
3497,내리입구,,,7823,127.122779,nae-ri adit,35.039029
3498,수리입구,,수리,7824,127.14219,Su-ri adit,35.130899
3499,수리입구,,다곡,7825,127.14205,Su-ri adit,35.131016
3500,밤실입구,,밤실,7826,127.132528,Bamsir adit,35.090784
3501,밤실입구,,탑동,7827,127.132394,Bamsir adit,35.090797
3502,내리입구,,,7828,127.1228,nae-ri adit,35.039146
3503,북면사무소,,이천(리)1구,7829,127.132756,Bukmyeon-myeon office,35.16779
3504,북면사무소,,북면중교,7830,127.132665,Bukmyeon-myeon office,35.167737
3505,와천리,,길성,7831,127.113082,Wacheon-ri,35.140094
3506,와천리,,길성,7832,127.113123,Wacheon-ri,35.140228
3507,주평,,내리입구,7833,127.114979,Jupyeong,35.027279
3508,주평,,다산,7834,127.114896,Jupyeong,35.027244
3509,야사,,,7835,127.077665,Yasa,35.109887
3510,야사,,,7836,127.077591,Yasa,35.109847
3511,약수마을,,상곡,7837,127.14369,Yaksumaeul,35.153518
3512,약수마을,,용곡(리),7838,127.143788,Yaksumaeul,35.153493
3513,양계장입구,,회송리,7839,126.936292,Yanggyejang adit,34.948635
3514,양계장입구,,양곡,7840,126.93637,Yanggyejang adit,34.948514
3515,양곡1구,,,7841,126.936157,Yanggok-ri District 1,34.945282
3516,양곡1구,,,7842,126.936124,Yanggok-ri District 1,34.945313
3517,양곡2구,,용곡(리)1구,7843,126.9341,Yanggok-ri District 2,34.943117
3518,백암리,,광사리,7844,126.960148,Baegam-ri,35.023486
3519,백암리,,백암,7845,126.96018,Baegam-ri,35.023526
3520,안양산휴양림,,안심,7846,127.027018,Anyangsan-recreation forest,35.091672
3521,안양산휴양림,,수만리1구,7847,127.027053,Anyangsan-recreation forest,35.091749
3522,양곡2구,,회송리,7848,126.934163,Yanggok-ri District 2,34.943011
3523,양만장,,신리1구,7849,126.974582,Yangmanjang,34.870068
3524,양만장,,신풍,7850,126.974544,Yangmanjang,34.870174
3525,양지뜰,,송정,7851,127.008105,Yangjitteul,34.858512
3526,양지뜰,,초방(리)1구,7852,127.007983,Yangjitteul,34.858494
3527,어리,,어리(종점),7853,126.967908,Eo-ri,34.898757
3528,어리,,세청리,7854,126.967953,Eo-ri,34.898682
3529,어리2구,,세청2구,7855,126.965863,Eo-ri District 2,34.90219
3530,어림,,,7856,127.04913,Eorim,35.08082
3531,어림,,,7857,127.048986,Eorim,35.080797
3532,엔돌핀모텔,,,7858,126.905083,Endolpin motel,35.028215
3533,엔돌핀모텔,,,7859,126.904999,Endolpin motel,35.028103
3534,연동,,내리입구,7860,127.124008,Yeon-dong,35.043573
3535,연동,,둔동,7861,127.124026,Yeon-dong,35.043384
3536,연화리입구,,,7862,127.021099,Yeonhwa-ri adit,34.867456
3537,연화리입구,,,7863,127.021233,Yeonhwa-ri adit,34.867287
3538,영평마을,,이서분교,7864,127.043498,Yeongpyeongmaeul,35.115823
3539,영평마을,,삼하,7865,127.043412,Yeongpyeongmaeul,35.115909
3540,오곡,,동산입구,7866,127.069102,Ogok,34.973072
3541,오룡,,장전(리),7867,127.10106,Oryong,35.017998
3542,오룡,,용안,7868,127.101066,Oryong,35.017828
3543,오류촌,,이양농공단지,7869,126.989534,Oryuchon,34.897637
3544,오류촌,,이양역,7870,126.989183,Oryuchon,34.897248
3545,오산,,오음삼거리,7871,127.013355,Osan,34.977167
3546,오산,,오음교,7872,127.013237,Osan,34.977252
3547,오성아파트,,계소리2구,7873,126.9574164,Oseong Apt.,35.051771
3548,오성아파트,,화순역,7874,126.957659,Oseong Apt.,35.051603
3549,오음삼거리,,오음3,7875,127.030173,Oeum 3-Way Jct,34.978523
3550,오음삼거리,,오산,7876,127.030095,Oeum 3-Way Jct,34.978639
3551,오지호미술관,,,7877,127.130152,Ojiho art gallery,35.067251
3552,오지호미술관,,,7878,127.130074,Ojiho art gallery,35.067211
3553,옥리1구,,옥리(종점),7879,127.059224,Ok-ri District 1,34.902044
3554,옥리1구,,월봉,7880,127.059224,Ok-ri District 1,34.902136
3555,옥리2구,,월봉,7881,127.075575,Ok-ri District 2,34.90131
3556,옥리2구,,,7882,127.074695,Ok-ri District 2,34.901335
3557,온천,,,7883,127.08563,Oncheon,35.162815
3558,온천,,,7884,127.085507,Oncheon,35.162992
3559,옹리,,,7885,127.089723,Ong-ri,35.152705
3560,옹리,,,7886,127.089581,Ong-ri,35.152703
3561,옹림,,자포,7887,127.021807,Ongrim,35.007193
3562,왕정(리),,행산(리),7888,126.840605,Wangjeong(ri),34.880823
3563,왕정(리),,봉학,7889,126.840717,Wangjeong(ri),34.880826
3564,요양병원,,재월리,7890,126.92382,convalescent hospital,34.929043
3565,요양병원,,용곡리입구,7891,126.923713,convalescent hospital,34.928982
3566,용강리,,중장터,7892,126.874595,Yonggang-ri,34.910077
3567,용강리,,운주사,7893,126.874465,Yonggang-ri,34.910009
3568,용곡(리)1구,,용곡2구,7894,126.929748,Yonggok(ri) District 1,34.938632
3569,용곡(리)1구,,양곡2구,7895,126.929619,Yonggok(ri) District 1,34.938598
3570,용곡(리)2구,,용곡리입구,7896,126.927597,Yonggok(ri) District 2,34.933699
3571,용곡(리)2구,,용곡1구,7897,126.927731,Yonggok(ri) District 2,34.933672
3572,용곡리입구,,월평리,7898,126.927805,Yonggok-ri adit,34.926873
3573,용곡리입구,,마루병원,7899,126.927884,Yonggok-ri adit,34.926943
3574,용관1구,,장치리,7900,127.030744,Yonggwan District 1,34.926872
3575,용관1구,,고암촌,7901,127.030924,Yonggwan District 1,34.926792
3576,장치리,,묵곡(리),7902,127.03135,Yonggwan District 2,34.922923
3577,장치리,,용관1구,7903,127.031307,Yonggwan District 2,34.922994
3578,용두리,,우봉리,7904,126.98258,Yongdu-ri,34.941752
3579,용두리,,풍암리,7905,126.982486,Yongdu-ri,34.941803
3580,용안,,오룡,7906,127.107587,Yongan(ri),35.023209
3581,용안,,용리,7907,127.107597,Yongan(ri),35.023104
3582,우봉리,,부곡,7908,126.97646,Ubong-ri,34.952223
3583,우봉리,,우봉리입구,7909,126.976341,Ubong-ri,34.952154
3584,우봉리입구,,우봉리,7910,126.971098,Ubong-ri adit,34.948572
3585,우봉리입구,,화순수도원,7911,126.971207,Ubong-ri adit,34.948604
3586,우치리,,호암1구,7912,126.901306,Uchi-ri,34.878878
3587,운산(리),,옹림,7913,127.01996,Unsan(ri),35.001822
3588,운산(리),,호동(종점),7914,127.019983,Unsan(ri),35.001903
3589,운산(리),,,7915,127.094438,Unsan(ri),35.183105
3590,운산(리),,,7916,127.094564,Unsan(ri),35.18304
3591,운월리,,도장리,7917,126.884483,Unwol-ri,34.976937
3592,운월리,,쌍옥리2구,7918,126.884588,Unwol-ri,34.976938
3593,운주사,,용강리,7919,126.876707,Unjusa,34.915818
3594,운주사,,지월리2구,7920,126.876753,Unjusa,34.91565
3595,웅곡,,안성리,7921,127.145543,Unggok,35.126133
3596,웅곡,,다곡,7922,127.145599,Unggok,35.126231
3597,원동,,석복,7923,127.081301,Won-dong,34.993066
3598,원동,,한천평리,7924,127.081255,Won-dong,34.993109
3599,원리,,,7925,127.133585,Won-ri,35.191125
3600,원리,,,7926,127.133494,Won-ri,35.191068
3601,원지리,,천덕리,7927,126.9571806,Wonji-ri,35.00851389
3602,원지리,,만수리,7928,126.9572806,Wonji-ri,35.00844444
3603,원천리1구,,천태초교,7929,126.894946,Woncheon-ri District 1,34.941724
3604,원천리1구,,원천리2구,7930,126.894804,Woncheon-ri District 1,34.941665
3605,원천리2구,,도암면사무소,7931,126.89717,Woncheon-ri District 2,34.939725
3606,원천리2구,,원천리1구,7932,126.897256,Woncheon-ri District 2,34.939666
3607,월곡(리),,,7933,126.910368,Wolgok(ri),34.988048
3608,월곡(리),,,7934,126.910345,Wolgok(ri),34.987998
3609,용곡(리),,약수마을,7935,127.139373,Yonggok(ri),35.161285
3610,용곡(리),,북면중교,7936,127.139489,Yonggok(ri),35.161295
3611,월곡입구,,,7937,126.908007,Wolgok(ri) adit,34.990007
3612,월곡입구,,,7938,126.908033,Wolgok(ri) adit,34.989914
3613,월곡입구,,평리,7939,126.901458,Wolgok(ri) adit,34.993872
3614,월곡입구,,쌍옥리1구,7940,126.901494,Wolgok(ri) adit,34.994026
3615,월곡초교,,,7941,126.911512,Wolgok Elementary School,34.986588
3616,월곡초교,,,7942,126.911539,Wolgok Elementary School,34.986631
3617,월봉,,옥리1구,7943,127.038387,Wolbong,34.900708
3618,월봉,,묵곡(리),7944,127.03853,Wolbong,34.900678
3619,월전,,운주사,7945,126.896287,Woljeon,34.927338
3620,월전,,지월리2구,7946,126.896352,Woljeon,34.927339
3621,월평리,,,7947,126.936575,Wolpyeong-ri,34.927613
3622,월평리,,산간리,7948,126.936547,Wolpyeong-ri,34.92755
3623,대곡(종점),,대곡입구,7949,127.100608,Daegok,34.988712
3624,유창아파트,,화순공공도서관입구,7950,126.981201,Yuchang Apt.,35.063266
3625,유창아파트,,이십곡리,7951,126.98075,Yuchang Apt.,35.063391
3626,유천리입구,,동정,7952,127.171493,Yucheon-ri,35.066829
3627,율계(리)1구,,율계(리)2구,7953,126.995733,Yulgye(ri) District 1,34.874339
3628,율계(리)1구,,장터정류장,7954,126.995639,Yulgye(ri) District 1,34.874251
3629,율계(리)2구,,율계(리)1구,7955,127.004938,Yulgye(ri) District 2,34.870152
3630,율계(리)2구,,송정입구,7956,127.004968,Yulgye(ri) District 2,34.870062
3631,율령,,,7957,127.204353,Yullyeong,35.087525
3632,율령,,,7958,127.204387,Yullyeong,35.087619
3633,읍애리,,묘치재,7959,127.110815,Eubae-ri,35.061798
3634,읍애리,,봉녕,7960,127.110754,Eubae-ri,35.061734
3635,이만리,,분교,7961,126.94083,Iman-ri,34.847777
3636,이만리,,곰치,7962,126.940748,Iman-ri,34.847821
3637,이서농협삼거리,,,7963,127.070571,Iseononghyeop 3-Way Jct,35.111145
3638,이서농협삼거리,,,7964,127.070602,Iseononghyeop 3-Way Jct,35.111089
3639,이서면사무소,,,7965,127.071986,Iseo-myeon office,35.110476
3640,이서면사무소,,,7966,127.071894,Iseo-myeon office,35.110459
3641,이서파출소,,,7967,127.075952,Iseo police substation,35.11047
3642,이서파출소,,,7968,127.075987,Iseo police substation,35.11054
3643,이양고입구,,,7969,126.989304,Iyang High School,34.889431
3644,이양고입구,,,7970,126.989222,Iyang High School,34.889422
3645,이양농공단지,,품평리,7971,126.988462,Iyang Nonggong Danji,34.902576
3646,이양농공단지,,오류촌,7972,126.988338,Iyang Nonggong Danji,34.902587
3647,이양면사무소,,이양역,7973,126.988934,Iyang-myeon office,34.887616
3648,이양면사무소,,장터정류장,7974,126.988832,Iyang-myeon office,34.887614
3649,이양역전,,오류촌,7975,126.989438,Iyang station,34.891383
3650,이양역전,,이양고입구,7976,126.989323,Iyang station,34.891414
3651,이천(리)1구,,길성,7977,127.123767,Icheon(ri) District 1,35.164785
3652,이천(리)1구,,북면사무소,7978,127.123843,Icheon(ri) District 1,35.164711
3653,임곡(리),,,7979,127.093832,Imgok(ri),35.136223
3654,임곡(리),,,7980,127.093602,Imgok(ri),35.136453
3655,임곡삼거리,,,7981,127.084357,Imgok 3-Way Jct,35.131205
3656,임곡삼거리,,,7982,127.084367,Imgok 3-Way Jct,35.131296
3657,자포,,신운,7983,127.022315,Japo,35.01593
3658,자포,,옹림,7984,127.022255,Japo,35.01604
3659,장선,,화순사평,7985,127.112692,Jangseon,35.004697
3660,장선,,절동,7986,127.112396,Jangseon,35.00473
3661,장전(리),,오룡,7987,127.101501,Jangjeon(ri),35.013535
3662,장전(리),,사평초교,7988,127.101399,Jangjeon(ri),35.013426
3663,장터정류장,,이양면사무소,7989,126.987906,Jangteo bus stop,34.882679
3664,장터정류장,,신리2구,7990,126.98785,Jangteo bus stop,34.882749
3665,재월리,,,7991,126.907528,jaewol-ri,34.930532
3666,절동,,장선,7992,127.121223,jeol-dong,35.000282
3667,절동,,송정,7993,127.121319,jeol-dong,35.000048
3668,절산(리)1구,,다산,7994,127.120483,Jeolsan(ri) District 1,35.008597
3669,절산(리)1구,,절산(리),7995,127.120375,Jeolsan(ri) District 1,35.008606
3670,정리1구,,,7996,126.996135,Jeong-ri District 1,34.990829
3671,정리1구,,,7997,126.99617,Jeong-ri District 1,34.990569
3672,정리삼거리,,,7998,126.999847,Jeong-ri 3-way junc,34.985347
3673,정리삼거리,,,7999,126.999767,Jeong-ri 3-way junc,34.985073
3674,대곡입구,,대곡(종점),8000,127.091523,Daegok Entrance,34.995436
3675,대곡입구,,검산(리),8001,127.09156,Daegok Entrance,34.995476
3676,부곡1구,,우봉리,8002,126.975456,Bugok District 1,34.955854
3677,부곡3구,,도산,8003,126.971267,Bugok District 3,34.96732
3678,부곡3구,,부곡1구,8004,126.971277,Bugok District 3,34.967144
3679,부영6차아파트,,유천리(화순실고),8005,126.992606,Buyeong 6-cha Apt.,35.065264
3680,부영6차아파트,,금호아파트,8006,126.992407,Buyeong 6-cha Apt.,35.065249
3681,복교,,남계입구,8007,127.163408,Bokgyo,34.973235
3682,복교,,죽산,8008,127.163521,Bokgyo,34.973241
3683,북면사무소,,노기리,8009,127.133009,Bukmyeon office,35.167796
3684,북면사무소,,,8010,127.13295,Bukmyeon office,35.167845
3685,북면중교,,용곡(리),8011,127.13362,Buk-myeon Junggyo,35.165942
3686,북면중교,,북면사무소,8012,127.133709,Buk-myeon Junggyo,35.166007
3687,분교,,이만리,8013,126.941408,Bungyo,34.856672
3688,분교,,신풍,8014,126.941507,Bungyo,34.856613
3689,비룡,,월봉,8015,127.207905,Biryong,35.086295
3690,비룡,,운룡,8016,127.207864,Biryong,35.086434
3691,사수(리),,송정,8017,127.134972,Sasu-ri,34.993971
3692,사수(리),,대전,8018,127.13498,Sasu-ri,34.993749
3693,사은동,,쌍봉2구,8019,127.048127,Saeun-dong,34.875664
3694,사은동,,사동,8020,127.048227,Saeun-dong,34.875585
3695,산간리,,신성레미콘,8021,126.95052,Sangan-ri,34.930318
3696,산간리,,월평리,8022,126.950656,Sangan-ri,34.930686
3697,삼화동,,,8023,127.044775,Samhwa-dong,35.10806
3698,삼화동,,,8024,127.044721,Samhwa-dong,35.108144
3699,상곡,,수리입구,8025,127.13945,Sanggok,35.143207
3700,상곡,,약수마을,8026,127.139451,Sanggok,35.143106
3701,상사,,화순사평,8027,127.094905,Sangsa,35.000325
3702,상사,,대곡입구,8028,127.094857,Sangsa,35.000417
3703,샘터마을,,진등,8029,127.008141,Saemteomaeul,34.925107
3704,샘터마을,,뜬바위,8030,127.008243,Saemteomaeul,34.925065
3705,생명산업,,모산교,8031,126.969062,LifeIndustry,34.97446
3706,생명산업,,도산,8032,126.969169,LifeIndustry,34.974598
3707,서리,,묘치재,8033,127.090437,Seo-ri,35.083312
3708,서리,,성산초소,8034,127.090568,Seo-ri,35.083295
3709,서성리,,,8035,127.03179,Seoseong-ri,35.066305
3710,서성리,,,8036,127.031736,Seoseong-ri,35.066272
3711,서온동,,,8037,127.068197,Seoondong,34.878405
3712,서유리,,,8038,127.092907,Seoyu-ri,35.173603
3713,서유리,,,8039,127.092837,Seoyu-ri,35.173442
3714,석복,,사평중,8040,127.085778,Seokbok,34.996278
3715,석복,,원동,8041,127.085686,Seokbok,34.996282
3716,석정역,,화림(리),8042,126.96164,Seokjeong station,34.955092
3717,옥천사,,남정리2구,8043,126.943502,Okcheonsa,34.998728
3718,옥천사,,,8044,126.9435196,Okcheonsa,34.9987984
3719,송단,,방리.송단,8045,127.158377,Songdan,35.190513
3720,송단,,원리,8046,127.158347,Songdan,35.190568
3721,원리,,송단,8047,127.134972,Won-ri,35.190745
3722,원리,,백아산관광목장,8048,127.13491,Won-ri,35.190745
3723,백아산관광목장,,원리,8049,127.136654,Baekasan tourist farm,35.175144
3724,백아산관광목장,,노기리,8050,127.136512,Baekasan tourist farm,35.175201
3725,석정역,,춘양협동정류소,8051,126.961548,Seokjeong station,34.955239
3726,세청리,,대비리입구,8052,126.975448,Secheong-ri,34.892737
3727,세청리,,어리,8053,126.975442,Secheong-ri,34.892802
3728,송계1구,,보월삼거리,8054,127.04654,Songgye District 1,35.118503
3729,송계1구,,영평마을,8055,127.046451,Songgye District 1,35.118542
3730,송단(평지),,강례,8056,127.182498,Songdan,35.178458
3731,방리.송단,,송단,8057,127.168142,Bang-ri.Songdan,35.189263
3732,방리.송단,,강례,8058,127.168038,Bang-ri.Songdan,35.189198
3733,송석주유소,,풍암리,8059,126.987998,Songseok gas station,34.930805
3734,송석주유소,,금능(리),8060,126.98806,Songseok gas station,34.930618
3735,송정,,양지뜰,8061,127.010306,Songjeong,34.865585
3736,송정,,송정입구,8062,127.010356,Songjeong,34.865429
3737,송정,,절동,8063,127.13252,Songjeong,34.998163
3738,송정,,사수(리),8064,127.13248,Songjeong,34.998058
3739,송정입구,,매정1구,8065,127.011692,Songjeong adit,34.868923
3740,송정입구,,율계(리)2구,8066,127.011735,Songjeong adit,34.869113
3741,수리,,노치(리),8067,127.151234,Su-ri,35.139022
3742,수리,,수리입구,8068,127.151154,Su-ri,35.139092
3743,수리입구,,상곡,8069,127.142133,Su-ri adit,35.131457
3744,수리입구,,다곡,8070,127.142015,Su-ri adit,35.131474
3745,수만리1구,,수만리1구,8071,127.016386,Suman-ri District 1,35.087358
3746,수만리1구,,국동,8072,127.016196,Suman-ri District 1,35.087331
3747,수만리2구,,수만리3구,8073,127.005955,Suman-ri District 2,35.09043
3748,수만리2구,,수만리1구,8074,127.005982,Suman-ri District 2,35.090378
3749,수만리3구,,수만리2구,8075,127.002229,Suman-ri District 3,35.095601
3750,수만리3구,,중지마을,8076,127.002267,Suman-ri District 3,35.095711
3751,신기리,,공간아파트,8077,126.989462,Singi-ri,35.067447
3752,신기리,,유천리(화순실고),8078,126.989489,Singi-ri,35.067356
3753,신기마을,,물염정,8079,127.091466,Singimaeul,35.132119
3754,신기마을,,임곡5반,8080,127.09156,Singimaeul,35.132274
3755,신덕3구,,,8081,126.917109,Sindeok District 3,35.007624
3756,신덕3구,,,8082,126.917131,Sindeok District 3,35.007687
3757,신덕종점,,천암리,8083,126.920632,Sindeok terminal,35.013508
3758,신리1구,,청풍면사무소,8084,126.97501,Sin-ri District 1,34.872141
3759,신리1구,,양만장,8085,126.974852,Sin-ri District 1,34.872438
3760,신리2구,,장터정류장,8086,126.983143,Sin-ri District 2,34.880675
3761,신리2구,,청풍교,8087,126.983196,Sin-ri District 2,34.88073
3762,신성레미콘,,가봉리,8088,126.954068,Sinseonglemikon,34.935473
3763,신성레미콘,,산간리,8089,126.954033,Sinseonglemikon,34.935625
3764,신성리,,,8090,126.899908,Sinseong-ri,35.007301
3765,신성리,,,8091,126.899831,Sinseong-ri,35.007325
3766,신성리,,석당,8092,127.141956,Sinseong-ri,35.102443
3767,신성리,,가수리입구,8093,127.141871,Sinseong-ri,35.102551
3768,신성리1구,,,8094,127.133829,Sinseong-ri District 1,35.093266
3769,신성리1구,,,8095,127.133977,Sinseong-ri District 1,35.093226
3770,신율1구,,밤실입구,8096,127.133816,Sinyul District 1,35.093248
3771,신율1구,,신율,8097,127.133942,Sinyul District 1,35.093174
3772,안성2구,,신율,8098,127.137582,Anseong District 2,35.098467
3773,현대자동차,,농협혼수센터,8099,126.990511,Hyundae Motors,35.055788
3774,안성2구,,가수리입구,8100,127.137727,Anseong District 2,35.098412
3775,신촌,,한천평리,8101,127.076631,Sinchon,34.982054
3776,신촌,,정우리,8102,127.076615,Sinchon,34.982184
3777,신풍,,양만장,8103,126.944919,Sinpung,34.85926
3778,신풍,,분교,8104,126.944835,Sinpung,34.85937
3779,실버타운반석복지회,,,8105,126.985595,Silbeotaunbanseokbokjihoe,34.976845
3780,실버타운반석복지회,,,8106,126.985669,Silbeotaunbanseokbokjihoe,34.976865
3781,쌍봉1구,,쌍봉2구,8107,127.039955,Ssangbong District 1,34.869313
3782,쌍봉1구,,매정2구,8108,127.039917,Ssangbong District 1,34.869373
3783,쌍봉2구,,사은동,8109,127.044174,Ssangbong District 2,34.872938
3784,쌍봉2구,,쌍봉1구,8110,127.044101,Ssangbong District 2,34.872977
3785,쌍봉사입구,,쌍봉사,8111,127.060047,Ssangbongsa,34.885975
3786,쌍봉사입구,,사동,8112,127.060052,Ssangbongsa,34.886052
3787,쌍옥리1구,,쌍옥리2구,8113,126.896882,Ssangok-ri District 1,34.99213
3788,쌍옥리1구,,월곡입구,8114,126.896996,Ssangok-ri District 1,34.99211
3789,쌍옥리2구,,운월리,8115,126.892425,Ssangok-ri District 2,34.983407
3790,쌍옥리2구,,쌍옥리1구,8116,126.892414,Ssangok-ri District 2,34.9833
3791,석당,,안성리,8117,127.147125,Seokdang,35.105803
3792,석당,,신성리,8118,127.147074,SeoKdang,35.105912
3793,안성리,,석당,8119,127.152965,Anseong-ri,35.11332
3794,안성리,,웅곡,8120,127.153061,Anseong-ri,35.113294
3795,안심,,삼하,8121,127.0420227,Ansim,35.105865
3796,안심,,갈두,8122,127.041974,Ansim,35.105864
3797,안심저수지,,,8123,127.044091,AnsimJeosuji,35.0957
3798,안심저수지,,,8124,127.043986,AnsimJeosuji,35.095711
3799,앵남,,,8125,126.905686,Aengnam,35.048288
3800,앵남,,,8126,126.9056,Aengnam,35.04829
3801,현대자동차,,화순미륭아파트,8127,126.990497,Hyundae Motors,35.055683
3802,가수리입구,,신성리,8128,127.140757,Gasu-ri adit,35.100462
3803,가수리입구,,가수리1구,8129,127.140631,Gasu-ri adit,35.100519
3804,반곡,,월곡,8130,127.1124586,Bangok,35.1898498
3805,반곡,,남치,8131,127.112313,Bangok,35.189791
3806,월곡,,맹리,8132,127.100175,Wolgok,35.188856
3807,월곡,,반곡,8133,127.099914,Wolgok,35.188831
3808,맹리,,서유1구,8134,127.093212,Maeng-ri,35.179689
3809,맹리,,월곡,8135,127.093228,Maeng-ri,35.179476
3810,서유1구,,북면온천,8136,127.0859144,Seoyu 1gu,35.1612021
3811,서유1구,,맹리,8137,127.092935,Seoyu 1gu,35.173704
3812,북면온천,,,8138,127.0859144,Bukmyeon Hot Water,35.1612021
3813,북면온천(종점),,,8139,127.084131,Bukmyeon Hot Water,35.163119
3814,증동,,증리(종점),8140,127.066361,Jeungdong,34.883834
3815,하서마을,,하서마을입구,8141,127.037895,Haseomaeul,35.054938
3816,중지마을,,수만리3구,8142,126.994987,Jungji maeul,35.100429
3817,중지마을,,큰재,8143,126.994886,Jungji maeul,35.100459
3818,연양2구,,내평리,8144,126.967483,Yeonyang District 2,35.038728
3819,연양2구,,감도리2구,8145,126.967481,Yeonyang District 2,35.038685
3820,고인돌공원주차장,,월곡1구,8146,126.917351,Dolmen park parking lot,34.9871427
3821,영평,,영평마을,8147,127.041695,Yeongpyeong,35.115606
3822,화림2구,,화림,8148,126.961538,Hwalim District2,34.962471
3823,화림2구,,도산,8149,126.961631,Hwalim District2,34.962425
3824,도웅리1구,,도웅리2구,8150,126.939857,Dowoong-ri District 1,35.051524
3825,백암마을,,도곡중학교,8151,126.909912,Baekammaeul,35.01511
3826,백암마을,,온천마을,8152,126.909999,Baekammaeul,35.015058
3827,옹림,,운산,8153,127.021764,Ongrim,35.007211
3828,영평,,삼하,8154,127.041666,Yeongpyeong,35.115676
3829,효산삼거리,,도곡복지회관,8155,126.910149,Hyosan 3-way junc,34.998647
3830,효산삼거리,,,8156,126.910431,Hyosan 3-way junc,34.998682
3831,도곡,,도곡농공단지,8157,126.917547,Dogok,34.997682
3832,도곡,,,8158,126.917547,Dogok,34.997761
3833,화순부영3차아파트,,화순부영아파트,8159,126.992319,Hwasun Buyeong Apt 3,35.060792
3834,화순부영3차아파트,,금호아파트,8160,126.992528,Hwasun Buyeong Apt 3,35.061044
3835,도곡온천,,온천마을,8161,126.904146,Dogok Hot-spring,35.024426
3836,도곡온천,,도곡온천단지입구,8162,126.904345,Dogok Hot-spring,35.024426
3837,온천마을,,마을입구,8163,126.906185,Oncheon maeul,35.021527
3838,온천마을,,도곡온천,8164,126.906257,Oncheon maeul,35.02158
3839,천암마을입구,,온천마을,8165,126.9093552,Cheonam entrance,35.0178108
3840,천암마을입구,,백암마을,8166,126.909304,Cheonam entrance,35.01779
3841,세량리주유소,,,8167,126.912075,Seryang-ri gas station,35.065885
3842,세량리주유소,,,8168,126.911893,Seryang-ri gas station,35.065912
3843,청용리,,차리,8169,126.940968,Cheongvong-ri,34.874225
3844,청용리,,백운리,8170,126.941013,Cheongvong-ri,34.874256
3845,백운리(종점),,청용리,8171,126.943846,Baegun-ri,34.883779
3846,초방리(종점),,초방(리)2구,8172,126.99491,Chobang-ri,34.844971
3847,오성초등학교,,화순역,8173,126.964933,Oseong Elementary School,35.053261
3848,오성초등학교,,서라아파트,8174,126.9654,Oseong Elementary School,35.053156
3849,대리교통광장,,화순제일중,8175,126.9730868,Daeri Traffic Square,35.05302084
3850,청풍면사무소,,차리,8176,126.970461,Cheongpung-myeon office,34.876646
3851,청풍면사무소,,청풍교,8177,126.970394,Cheongpung-myeon office,34.876569
3852,도곡복지회관,,,8178,126.9148407,Dogok welfare assembly hall,34.9979935
3853,도곡복지회관,,도곡,8179,126.914832,Dogok welfare assembly hall,34.997921
3854,신기,,봉하,8180,126.8705292,Singi,34.894027
3855,신기,,통적골,8181,126.870428,Singi,34.894076
3856,봉하,,신기,8182,126.874916,Bongha,34.898713
3857,봉하,,덕산,8183,126.875007,Bongha,34.898711
3858,옥동,,,8184,126.910082,Ok-dong,34.941507
3859,원천3리,,대초삼거리,8185,126.895507,Woncheon-ri 3,34.936183
3860,원천3리,,도암면사무소,8186,126.895531,Woncheon-ri 3,34.936115
3861,대초삼거리,,대초리,8187,126.876753,Daecho 3-way junc,34.938189
3862,대초삼거리,,원천3리,8188,126.876817,Daecho 3-way junc,34.938158
3863,변천리,,옥평,8189,126.9336394,Byeoncheon-ri,34.9193
3864,안성리,,천태2구,8190,126.9131469,Anseong-ri,34.92426306
3865,안성리,,,8191,126.913218,Anseong-ri,34.924282
3866,회송리,,,8192,126.9361572,Hoisong-ri,34.94537361
3867,회송리,,양계장입구,8193,126.936357,Hoisong-ri,34.945337
3868,지월2구,,,8194,126.896338,Jiwol District 2,34.927253
3869,지월2구,,,8195,126.8962556,Jiwol District 2,34.927276
3870,한천마을,,한천면사무소,8196,126.9962539,Hancheon maeul,34.97575
3871,한천마을,,모산교,8197,126.996211,Hancheon maeul,34.975806
3872,한천면사무소,,한천초교입구,8198,126.998665,Hancheon-myeon office,34.977311
3873,한천면사무소,,한천마을,8199,126.998568,Hancheon-myeon office,34.977412
3874,한계리,,,8200,127.003088,Hangye-ri,34.979968
3875,한계리,,,8201,127.003029,Hangye-ri,34.979845
3876,청계,,청계입구,8202,127.002347,Cheonggye,34.981795
3877,청계,,한천초교,8203,127.002251,Cheonggye,34.981759
3878,청계입구,,청계,8204,126.999775,Cheonggye entrance,34.985179
3879,청계입구,,정리2구,8205,126.999802,Cheonggye entrance,34.985179
3880,정동,,,8206,126.984452,Jeongdong,34.989594
3881,정동,,,8207,126.934398,Jeongdong,34.989517
3882,정리2구,,가암리2구,8208,126.996139,Jeong-ri District 2,34.990879
3883,정리2구,,청계입구,8209,126.996192,Jeong-ri District 2,34.99055
3884,오음교,,오산,8210,127.008739,Oeumgyo,34.976659
3885,오음교,,한천초교입구,8211,127.008763,Oeumgyo,34.976758
3886,오음3구,,오음삼거리,8212,127.03955,Oeum District 3,34.986324
3887,덕곡2구,,신덕1구,8213,126.890735,Deokgok District 2,35.008109
3888,덕곡2구,,신성리,8214,126.890727,Deokgok District 2,35.008045
3889,잠정햇살마을,,능주농공단지,8215,126.961738,Jamjeong Haetsar maeul,34.984905
3890,잠정햇살마을,,능주고,8216,126.961825,Jamjeong Haetsar maeul,34.984957
3891,도곡,,,8217,126.917391,Dogok,34.997774
3892,도곡,,천암리,8218,126.917388,Dogok,34.997713
3893,고인돌공원주차장,,월곡1구,8219,126.917072,Dolmen park parking lot,34.987116
3894,능주정류장,,능주사거리,8220,126.958256,Neungju Bus Stop,34.991521
3895,증동,,쌍봉사,8221,127.066455,Jeungdong,34.883852
3896,증리,,증동,8222,127.068107,Jeung-ri,34.878353
3897,묘치재,,서리,8223,127.0906525,Myochijae,35.069645
3898,묘치재,,묘치,8224,127.0904922,Myochijae,35.069599
3899,성산초소,,야사,8225,127.094703,SeongsanChoso,35.085601
3900,성산초소,,서리,8226,127.0945,SeongsanChoso,35.085545
3901,용호,,산사,8227,127.0760881,Yongho,35.11054611
3902,용호,,야사,8228,127.076111,Yongho,35.110474
3903,산사,,산사,8229,127.072212,Sansa,35.110351
3904,산사,,용호,8230,127.071809,Sansa,35.110483
3905,산사,,갑동,8231,127.070571,Sansa,35.111145
3906,산사,,산사,8232,127.070543,Sansa,35.111111
3907,삼하,,영평,8233,127.044799,Samha,35.108115
3908,삼하,,안심,8234,127.0447769,Samha,35.1081314
3909,용강마을,,인계리,8235,127.0477448,Yonggang maeul,35.1203079
3910,용강마을,,영평,8236,127.047693,Yonggang maeul,35.12031
3911,인계리,,신보월,8237,127.0427628,Ingye-ri,35.1292953
3912,인계리,,용강마을,8238,127.04276,Ingye-ri,35.12928
3913,구산,,장단마을,8239,127.0805742,Gusan,35.130375
3914,구산,,야사,8240,127.080555,Gusan,35.130386
3915,장단마을,,임곡5반,8241,127.084308,Jangdan maeul,35.131185
3916,장단마을,,구산,8242,127.0842133,Jangdan maeul,35.13138194
3917,물염정,,와천,8243,127.105758,Mulyeomjeong,35.131584
3918,물염정,,신기,8244,127.105835,Mulyeomjeong,35.13154
3919,길성,,하다,8245,127.12194,Gilseong,35.155773
3920,길성,,와천,8246,127.121893,Gilseong,35.155808
3921,하다,,다곡,8247,127.133242,Hada,35.128859
3922,하다,,길성,8248,127.1336289,Hada,35.128795
3923,봉녕,,동복,8249,127.122835,Bongnyeong,35.065999
3924,봉녕,,읍애리,8250,127.1226578,Bongnyeong,35.0661125
3925,구봉산,,구암1리,8251,127.077835,Gubongsan,35.037403
3926,구봉산,,복암,8252,127.077793,Gubongsan,35.037286
3927,고초골,,월정,8253,127.063038,Gochogol,35.114902
3928,고초골,,,8254,127.062711,Gochogol,35.114933
3929,월정,,구보월,8255,127.05925,Woljeong,35.116519
3930,월정,,,8256,127.059307,Woljeong,35.116567
3931,임곡5반,,신기,8257,127.089028,Imgok 5-ban,35.131893
3932,임곡5반,,장단마을,8258,127.089018,Imgok 5-ban,35.131961
3933,화순수도원,,우봉리입구,8259,126.968476,Hwasun monastery,34.951306
3934,화순수도원,,춘양삼거리,8260,126.968549,Hwasun monastery,34.951253
3935,경현리마을,,,8261,127.082242,Gyeonghyeon-ri maeul,35.059861
3936,송정입구,,송정,8262,127.011617,Songjeong adit,34.868994
3937,송정입구,,율계(리)2구,8263,127.011598,Songjeong adit,34.869074
3938,도곡사거리,,,8264,126.901901,Dogok 4-Way Junc,34.999697
3939,경현리입구,,,8265,127.087427,Gyeonghyeon-ri adit,35.05309
3940,경현리입구,,,8266,127.087336,Gyeonghyeon-ri adit,35.053151
3941,대비리입구,,세청리,8267,126.969885,Daebi-ri adit,34.879401
3942,대비리입구,,대비리,8268,126.969793,Daebi-ri adit,34.879445
3943,천태2구,,천태리,8269,126.912687,Cheontae District 2,34.929054
3944,천태2구,,요양병원,8270,126.912678,Cheontae District 2,34.92898
3945,제정,,천태리,8271,126.902347,Jejeong,34.93305
3946,모산,,효산리,8272,126.916525,Mosan,34.988559
3947,모산,,월곡1구,8273,126.916479,Mosan,34.988543
3948,월곡1구,,모산,8274,126.91137,Wolgok District 1,34.986634
3949,월곡1구,,유곡,8275,126.911421,Wolgok District 1,34.98673
3950,유곡,,월곡1구,8276,126.910399,Yugok,34.987932
3951,유곡,,월곡2구,8277,126.910447,Yugok,34.988018
3952,월곡2구,,유곡,8278,126.908172,Wolgok District 2,34.989895
3953,월곡2구,,월곡입구,8279,126.90829,Wolgok District 2,34.989958
3954,대원사입구,,,8280,127.164873,Daewonsa adit,34.975212
3955,대원사입구,,,8281,127.164999,Daewonsa adit,34.975175
3956,대전,,사수(리),8282,127.14064,Daejeon,34.989323
3957,대전,,주산(리),8283,127.140562,Daejeon,34.989282
3958,덕곡(리)1구,,,8284,126.880623,Doekgok(ri) District 1,35.008053
3959,덕곡(리)2구,,,8285,126.890636,Doekgok(ri) District 2,35.00821
3960,덕곡(리)2구,,,8286,126.890561,Doekgok(ri) District 2,35.008245
3961,덕산,,,8287,126.876179,Deoksan,34.903451
3962,덕산,,,8288,126.87608,Deoksan,34.903484
3963,도곡농공단지,,대곡리2구,8289,126.930585,Dogok Nonggong Danji,34.997225
3964,도곡농공단지,,도곡면사무소,8290,126.930569,Dogok Nonggong Danji,34.996326
3965,도곡면사무소,,효산리,8291,126.917708,Dogokmyeon office,34.996326
3966,도곡면사무소,,도곡,8292,126.917775,Dogokmyeon office,34.99639
3967,도곡사거리,,평리,8293,126.901858,Dogok 4-Way Junc,34.999769
3968,도곡중학교,,백암마을,8294,126.909712,Dogok Middle School,35.012676
3969,도곡중학교,,천암리,8295,126.909634,Dogok Middle School,35.01272
3970,도산,,화림2구,8296,126.964438,Dosan,34.972532
3971,도산,,생명산업,8297,126.964456,Dosan,34.972476
3972,도암면사무소,,원천리2구,8298,126.897725,Doam-myeon office,34.937303
3973,도암면사무소,,도암삼거리,8299,126.897629,Doam-myeon office,34.937336
3974,도암삼거리,,제정,8300,126.898339,Doam 3-Way Junc,34.93455
3975,도암삼거리,,도암사무소,8301,126.898369,Doam 3-Way Junc,34.934684
3976,도장리,,운월리,8302,126.888321,Dojang-ri,34.964038
3977,도장리,,벽지리,8303,126.888238,Dojang-ri,34.964021
3978,동림동,,,8304,127.052893,Donglim-dong,35.054433
3979,동면사무소.우평,,,8305,127.04007,Dong-myeon office,35.029985
3980,동면사무소.우평,,,8306,127.039888,Dong-myeon office,35.030017
3981,동복정류소,,동복중학교,8307,127.127923,Dongbok bus stop,35.070312
3982,동복정류소,,동정,8308,127.127993,Dongbok bus stop,35.07039
3983,동복주유소,,,8309,127.127562,Dongbok gas station,35.073298
3984,동복주유소,,,8310,127.127451,Dongbok gas station,35.073259
3985,동복중학교,,동복정류소,8311,127.130275,Dongbok Middle School,35.063183
3986,동복중학교,,한천정류장,8312,127.130181,Dongbok Middle School,35.063203
3987,동산입구,,동산(종점),8313,127.06495,Dongsan adit,34.968585
3988,동산입구,,오곡,8314,127.064961,Dongsan adit,34.968489
3989,동정,,동복정류소,8315,127.141937,Dongjeong,35.07541
3990,동정,,유천리입구,8316,127.141846,Dongjeong,35.075373
3991,둔동,,한천정류장,8317,127.124409,Dun-dong,35.045896
3992,둔동,,연동,8318,127.124302,Dun-dong,35.045879
3993,등광리,,월전,8319,126.900977,Deunggwang-ri,34.91351
3994,뜬바위,,강성2구,8320,127.012111,Tteunbawi,34.927229
3995,뜬바위,,샘터마을,8321,127.012049,Tteunbawi,34.927278
3996,마산리,,,8322,127.065025,Masan-ri,35.066785
3997,마산리,,,8323,127.064878,Masan-ri,35.066871
3998,동림(종점),,천운장,8324,127.052979,Dongnim,35.054418
3999,만연교,,금호아파트,8325,126.988926,Manyeongyo,35.063391
4000,만연교,,화순군청,8326,126.988901,Manyeongyo,35.063527
4001,매정1구,,송정입구,8327,127.01868,Maejeong District 1,34.868715
4002,매정1구,,매정2구,8328,127.018591,Maejeong District 1,34.868666
4003,매정2구,,매정1구,8329,127.026268,Maejeong District 2,34.865743
4004,매정2구,,개화동,8330,127.026139,Maejeong District 2,34.865654
4005,면사무소앞,,,8331,126.998675,Myeon office front,34.977352
4006,면사무소앞,,,8332,126.998568,Myeon office front,34.977408
4007,모산교,,모산리,8333,126.972859,Mosangyo,34.978384
4008,모산교,,생명산업,8334,126.972564,Mosangyo,34.978483
4009,모산리,,모산교,8335,126.971025,Mosan-ri,34.980393
4010,모산리,,능주농공단지,8336,126.971011,Mosan-ri,34.980485
4011,묘치,,묘치재,8337,127.089364,Myochi,35.06619
4012,묘치,,경현리,8338,127.08931,Myochi,35.066219
4013,무리동,,,8339,127.073742,Muri-dong,35.053665
4014,무리동,,,8340,127.0736,Muri-dong,35.053663
4015,묵곡(리),,월봉,8341,127.034512,Mukgok(ri),34.90806
4016,묵곡(리),,장치리,8342,127.034582,Mukgok(ri),34.908091
4017,미곡리1구,,미곡리2구,8343,126.927347,Migok-ri District 1,35.020722
4018,미곡리2구,,미곡리1구,8344,126.929733,Migok-ri District 2,35.014034
4019,미곡리2구,,죽청리,8345,126.929832,Migok-ri District 2,35.014006
4020,반곡리,,,8346,127.069772,Bangok-ri,34.973582
4021,밤실입구,,신율1구,8347,127.132612,Bamsir adit,35.090913
4022,밤실입구,,밤실,8348,127.132491,Bamsir adit,35.090981
4023,벽지리,,도장리,8349,126.889349,Byeokji-ri,34.956366
4024,벽지리,,정천(리),8350,126.889249,Byeokji-ri,34.956443
4025,변천리입구,,월평리,8351,126.93636,Byeoncheon-ri,34.924448
4026,변천리입구,,변천리,8352,126.936319,Byeoncheon-ri,34.924577
4027,보건소앞,,화순시장,8353,126.98171,Health Center front,35.056618
4028,보건소앞,,화순중(남),8354,126.981566,Health Center front,35.056219
4029,보월(리),,,8355,127.05918,Bowol(ri),35.11662
4030,보월(리),,,8356,127.059229,Bowol(ri),35.116521
4031,보월삼거리,,월정,8357,127.049273,Bowol(ri) 3-Way Junc,35.11665
4032,보월삼거리,,송계1구,8358,127.049184,Bowol(ri) 3-Way Junc,35.116716
4033,복구,,운월리,8359,126.88622159,Bokgu,34.9700309
4034,복구,,도장리,8360,126.88611028,Bokgu,34.97009069
4035,복령,,,8361,127.122725,Bokryeong,35.066047
4036,복령,,,8362,127.122642,Bokryeong,35.065931
4037,복림마을,,경현리,8363,127.085418,Boklim maeul,35.049779
4038,복림마을,,복암,8364,127.085276,Boklim maeul,35.049871
4039,봉학,,왕정(리),8365,126.850225,Bonghak,34.886418
4040,봉학,,통적골,8366,126.850454,Bonghak,34.886411
4041,부곡1구,,부곡3,8367,126.975523,Bugok District 1,34.955818
4042,만인리,,천덕리,8368,126.963081,Manin-ri,35.009315
4043,율정,,,8369,126.71748791,,34.99515224
4044,율정,,,8370,126.71757374,,34.99528847
4045,석산길,,,8371,126.71467695,,35.00148013
4046,석산길,,,8372,126.71469304,,35.00158558
4047,양동시장역(천변),,,8373,126.90121863,Yangdong Market Station (Riverside),35.15526151
4048,홍어의거리,,,8374,126.7110371,Street of skate,35.00063331
4049,홍어의거리,,,8375,126.7109862,Street of skate,35.00045095
4050,도암농협,,도암면사무소,8376,126.898153,,34.936217
4051,도암농협,,도암삼거리,8377,126.898032,,34.936243
4052,양촌(녹십자입구),,공설운동장,8378,126.962445,,35.037446
4053,라디오방송국,,,8379,126.719327,,35.03297373
4054,영강사거리,,,8380,126.7101885,,35.00570847
4055,우미린아파트,,,8385,126.7809873,,35.02754589
4056,유전저수지,,,8386,126.78348,,35.03038317
4057,중흥S클래스리버티,,,8387,126.7870171,,35.0300156
4058,산포농협.하나로마트,,,8388,126.7890954,,35.0284289
4059,한전정문,,,8389,126.7854983,,35.02471023
4060,중흥S클래스센트럴1차,,,8390,127.7857692,,35.02298265
4061,중흥S클래스센트럴2차,,,8391,127.7906326,,35.02354108
4062,실감미디어센터,,,8392,126.7976913,,35.0210838
4063,통정길,,,8393,126.8020872,,35.02129748
4064,전파관리소,,,8394,126.8048483,,35.02557167
4065,전파관리소,,,8395,126.8047387,,35.02560274
4066,통정길,,,8396,126.802001,,35.02139737
4067,실감미디어센터,,,8397,126.7968674,,35.0213432
4068,중흥S클래스센트럴2차,,,8398,127.7905173,,35.02369813
4069,한전정문,,,8400,126.7860428,,35.0248201
4070,산포농협.하나로마트,,,8401,126.7892245,,35.0284536
4071,중흥S클래스리버티,,,8402,126.7872746,,35.03013964
4072,유전저수지,,,8403,126.7829851,,35.03053051
4073,우미린아파트,,,8404,126.7806096,,35.02741536
4074,석전마을,,,8406,126.7654681,,35.02151369
4075,농식품공무원교육원,,,8409,126.7766269,,35.01590093
4076,부영2단지,,,8410,126.7814169,,35.01135565
4077,LH1단지정문,,,8411,126.7767878,,35.01588336
4078,남평양우내안애입구,,,8414,126.8534347,,35.03913788
4079,호반아파트,,,8418,126.7181969,,35.04032286
4080,대방아파트,,,8419,126.7181674,,35.04244203
4081,정렬사입구,,,8420,126.7166144,,35.0429976
4082,정렬사입구,,,8421,126.7163327,,35.04295807
4083,대방아파트,,,8422,126.7180433,,35.042455
4084,호반아파트,,,8423,126.7180667,,35.04032667
4085,에너지팩토리,,,8424,126.7720657,,35.00986891
4086,LH1단지,,,8425,126.7783668,,35.0169458
4087,LH2단지,,,8426,126.7816587,,35.01554218
4088,이지더원아파트,,,8427,126.7833859,,35.01449425
4089,빛가람전망대입구,,,8428,126.7901306,,35.0134904
4090,코오롱하늘채후문,,,8429,126.7750676,,35.03322352
4091,코오롱하늘채후문,,,8430,126.7751158,,35.03298522
4092,빛가람전망대입구,,,8431,126.7892914,,35.0137062
4093,이지더원아파트,,,8432,126.7839663,,35.01444948
4094,대방엘리움1차,,,8433,126.7815896,,35.01576878
4095,대방엘리움2차,,,8434,126.7786921,,35.01707813
4096,에너지팩토리,,,8435,126.7719477,,35.00996557
4097,통정마을,,,8436,126.805378,Tongjeong Maeul,35.023083
4098,통정마을,,,8437,126.80542451,Tongjeong Maeul,35.02290205
4099,남평양우내안애1차,,,8438,126.851441,Nampyeong Yangwoo naeanae 1,35.04182044
4100,남평교사거리,,,8439,126.8408322,Nampyeonggyo 4-way Junc,35.05156559
4101,남평교사거리,,,8440,126.8405314,Nampyeonggyo 4-way Junc,35.05143403
4102,금남로5가역(안)_1,,,8441,126.91007,,35.153717
4103,금남로5가역(안)_2,,,8442,126.91007,,35.153717
4104,양동시장(안),,,8443,126.91007,,35.153717
4105,우미린아파트(북),,,8444,126.7802255,,35.02866604
4106,우미린아파트(북),,,8445,126.780188,,35.02856501
4107,명화마을,5637,,8449,126.721816,,35.124486
4108,명화마을,5638,,8450,126.721758,,35.124561
4109,평지마을,5632,,8451,126.715615,,35.130705
4110,평지마을,5633,,8452,126.715534,,35.130722
4111,봉정마을입구,5581,,8453,126.720831,,35.134322
4112,봉정마을입구,5582,,8454,126.720728,,35.134304
4113,봉정마을,5564,,8455,126.722143,,35.134941
4114,봉정마을,5565,,8456,126.722039,,35.134942
4115,월정,,금곡,5158,126.6964487,Woljeong,35.08724059
4116,월정,,서교,5161,126.69655491,Woljeong,35.0873411
4117,이슬촌,,계량,5164,126.676855,Iseulchon,35.10416
4118,장등,,오정,5167,126.68910707,Jangdeung,35.10387377
4119,장등,,계량,5168,126.68916706,Jangdeung,35.10397329
4120,천주교사거리,,나주고후문,5176,126.7161197,Cheonjugyo 4-Way Junc,35.03597231
4121,촌곡.배박물관,,효사랑병원(삼진종합앞),5179,126.76568422,Chongok(Pear Museum),35.03432461
4122,촌곡.배박물관,,남양유업,5180,126.76556109,Chongok(Pear Museum),35.03440842
4123,칠전마을입구,,동신대학교후문,5181,126.71983048,Chiljeon Village Entrance,35.05664304
4124,칠전마을입구,,연화제,5182,126.71994121,Chiljeon Village Entrance,35.05656333
4125,태평사,,송계,5183,126.71433132,Taepyeongsa,35.06395137
4126,태평사,,노안부대(4대대입구),5184,126.71442672,Taepyeongsa,35.0640206
4127,주업정,,노안사거리,5185,126.73319706,Jueopjeong,35.07647837
4128,한두재,,송림가든,5189,126.8614779,Handujae,35.07752523
4129,한두재,,송암동,5190,126.85915975,Handujae,35.07591975
4130,현애마을,,하치,5191,126.74118267,Hyunae Maeul,35.10162672
4131,남평중학교,,수청,5197,126.84507638,Nampyeong Middle School,35.04764718
4132,산포초교,,신흥,5198,126.80454744,Sanpo Elementary School,35.03445462
4133,산포초교,,매성(산포농협),5199,126.80457059,Sanpo Elementary School,35.03455743
4134,빛가람병원,,신흥,5200,126.80188557,Bitgaram Hospital,35.03301251
4135,영강사거리,,노인복지회관,5202,126.71049647,Yeonggang 4 Junc,35.0064556
4136,전력거래소,,한국문화예술위원회,5208,126.77931758,korea power exchange,35.02116988
4137,중흥S클래스센트럴1차,,중흥S클래스센트럴 2차(임시),5209,126.78576916,Jungheung S-class Central 1,35.02398265
4138,중흥S클래스센트럴1차,,한전KDN,5212,126.78599728,Jungheung S-class Central 1,35.02408972
4139,전력거래소,,한국농촌경제연구원,5213,126.77936751,korea power exchange,35.02330028
4140,전력거래소,,우미린아파트,5214,126.77961144,korea power exchange,35.02325496
4141,한국농어촌공사,,LH1.2단지,5215,126.77769148,Korea Rural Community Corporation,35.01914271
4142,한국농어촌공사,,한국농촌경제연구원,5216,126.77806457,Korea Rural Community Corporation,35.01921351
4143,한국문화예술위원회,,중흥S클래스센트럴 1차,5217,126.78210853,Arts Council,35.02106391
4144,전파진흥원,,부영아파트1차,5218,126.79410589,Korea Communications Agency,35.02051101
4145,전파진흥원,,우정사업정보센터,5219,126.79443697,Korea Communications Agency,35.02063809
4146,부영1단지,,LH5단지,5220,126.79420197,Booyoung Apt 1,35.01692007
4147,부영1단지,,국립전파연구원,5221,126.79448589,Booyoung Apt 1,35.01709812
4148,LH1.2단지,,LH2단지,5222,126.77774759,LH Complex 1.2,35.01421715
4149,LH1.2단지,,LH3단지,5223,126.77757618,LH Complex 1.2,35.01391067
4150,LH3단지,,LH1.2단지,5224,126.78271748,LH Complex 3,35.01055477
4151,LH3단지,,빛가람초중교,5225,126.78162689,LH Complex 3,35.01098756
4152,LH5단지,,LH6단지,5226,126.79531731,LH Complex 5,35.01275732
4153,LH4단지,,부영아파트1차,5227,126.79562827,LH Complex 4,35.01266775
4154,빛가람초중교,,LH3단지,5228,126.78870434,BitGaram Elementary.Middle School,35.009596
4155,빛가람초중교,,LH6단지,5229,126.7877714,BitGaram Elementary.Middle School,35.00937961
4156,LH6단지,,빛가람초중교,5230,126.79287963,LH Complex 6,35.00961764
4157,LH6단지,,LH4단지,5231,126.79324359,LH Complex 6,35.00938342
4158,한국농촌경제연구원,,고동교차로,5232,126.77819223,Korea Rural Economic Institute,35.021699
4159,나주국민체육센터,,나주역,5235,126.7146072,Naju Sports Park,35.0118294
4160,나주국민체육센터,,대덕아파트,5236,126.714529,Naju Sports Park,35.011891
4161,고동교차로,,전력거래소,5239,126.76033371,Godong Cross,35.0182527
4162,하치,,버드실,5253,126.74000859,Hachi,35.09508725
4163,중흥S클래스센트럴2차,,중흥S클래스센트럴 1차,5254,126.79051726,Jungheung S-class Central 2,35.02369813
4164,중흥S클래스센트럴2차,,우정사업정보센터,5255,126.79063257,Jungheung S-class Central 2,35.02354108
4165,고동교차로,,고동,5258,126.76031693,Godong Cross,35.01854499
4166,구등,,금와정자교입구,5260,126.81919008,Gudeung,35.03949934
4167,영산포터미널,,,5265,126.71250521,Yeongsanpo Bus Terminal,34.99424216
4168,나주터미널,,,5266,126.72170518,Naju Bus Terminal,35.03362791
4169,영산포터미널,,,5267,126.7124918,Yeongsanpo Bus Terminal,34.9942916
4170,송학,,광산유스호스텔,5269,126.68482473,Songhak,35.10900101
4171,광산유스호스텔,,신동,5270,126.68351985,Gwangsan youth hostel,35.11387308
4172,광산유스호스텔,,송학,5271,126.68340034,Gwangsan youth hostel,35.11391546
4173,석전마을,,고동교차로,5274,126.76546812,Seokjeon town,35.02151369
4174,석전마을,,한국농어촌공사,5275,126.76629424,Seokjeon town,35.0217026
4175,교촌마을,6417,광남고,5300,126.84296835,Gyochon Maeul,35.04074558
4176,교촌마을,6418,연합의원,5301,126.84306103,Gyochon Maeul,35.04069112
4177,남평시장입구,,,5309,126.8392659,Nampyeong Marcket,35.04539646
4178,남평시장입구,,,5310,126.8393571,Nampyeong Marcket,35.04547113
4179,남평초교,,,5311,126.8450463,Nampyeong Elemantary School,35.04191734
4180,남평초교,,,5312,126.8452859,Nampyeong Elemantary School,35.04198217
4181,버드실,,,5319,126.7375316,Beodsil,35.0885365
4182,나주시청년센터,,,5326,126.7249756,Songwoldong Community Service Center,35.01640133
4183,나주시청년센터,,,5327,126.7247287,Songwoldong Community Service Center,35.01653417
4184,송월동행정복지센터,,,5338,126.7166948,mstay hotel,35.01635601
4185,송월동행정복지센터,,,5339,126.7168772,mstay hotel,35.01648781
4186,유성그린,,,5342,126.8508214,Yuseong green,35.03949274
4187,주업정,,,5349,126.7331971,Jueopjeong,35.07647837
4188,하치,,,5354,126.7400086,Hachi,35.09508725
4189,현애마을,,,5357,126.7411827,Hyunae Maeul,35.10162672
4190,라디오방송국,,,5360,126.719269,,35.032988
4191,LH1단지,,,5361,126.77858802,,35.01687356
4192,대방엘리움2차,,,5362,126.77864167,,35.01711959
4193,LH2단지,,,5363,126.78140971,,35.01556433
4194,대방엘리움1차,,,5364,126.78164575,,35.01579279
4195,이지더원아파트,,,5365,126.78327653,,35.01455383
4196,이지더원아파트,,,5366,126.78398462,,35.01446596
4197,영무예다음,,,5367,126.78695652,,35.01117956
4198,영무예다음,,,5368,126.78718183,,35.01143439
4199,실감미디어센터,,,5369,126.79695996,,35.02111552
4200,에너지밸리1,3366,,5370,126.825427,,35.088255
4201,에너지밸리2,3367,,5371,126.82532,,35.088048
4202,에너지밸리3,3368,,5372,126.825941,,35.083992
4203,에너지밸리4,3369,,5373,126.825941,,35.083705
4204,에너지밸리5,3370,,5374,126.825558,,35.079604
4205,에너지밸리6,3371,,5375,126.825819,,35.079526
4206,에너지밸리7,3372,,5376,126.825903,,35.076141
4207,에너지밸리8,3373,,5377,126.826194,,35.076074
4208,에너지밸리9,3374,,5378,126.827683,,35.084873
4209,에너지밸리10,3375,,5379,126.827771,,35.084693
4210,에너지밸리11,3376,,5380,126.828315,,35.081294
4211,에너지밸리12,3377,,5381,126.828529,,35.081163
4212,에너지밸리13,3378,,5382,126.829893,,35.084645
4213,에너지밸리14,3379,,5383,126.829552,,35.084888
4214,에너지밸리15,3380,,5384,126.831481,,35.08019
4215,에너지밸리16,3381,,5385,126.831298,,35.080061
4216,에너지밸리17,3382,,5386,126.831759,,35.086259
4217,에너지밸리18,3383,,5387,126.831677,,35.086064
4218,백동사거리,,담양공고,6224,126.98089868,Baekdong 4-Way Junc,35.30890287
4219,요곡,,내문입구,6609,127.0582833,Yogok,35.25985833
4220,성곡리샛터,,요곡,6610,127.0586567,Seonggok-li Saetteo,35.26225667
4221,내문입구,,문재,6611,127.0584433,Naemun Entrance,35.25756167
4222,문재,,대덕,6612,127.0509767,Munjae,35.25063333
4223,화양마을,,장화리2구,6613,126.9986833,Hwayang Maeul,35.25154167
4224,화양마을입구,,화양마을,6614,126.9966583,Hwayang Maeul Entrance,35.24682667
4225,가흥,,대산,6615,127.0110133,Gaheung,35.252075
4226,성도리,,현암,6616,127.0032917,Seongdori,35.285235
4227,계동,,꽃정이,6617,126.989205,Gyedong,35.30440833
4228,광덕복지관,,기동,6618,126.9851667,Gwangdeok Welfare,35.26128333
4229,군인아파트,,내당,6619,126.99857,Military Apartment,35.29755167
4230,기동,,기동마을,6620,126.9867717,Gidong,35.25578833
4231,기동마을,,화양마을입구,6621,126.9884133,Gidong Maeul,35.25519667
4232,꽃정이,,성도리입구,6622,126.99292,Kkotjeongi,35.29824833
4233,내당,,외당,6623,127.0033783,Naedang,35.29693167
4234,대산,,장동,6624,127.017665,Daesan,35.25465
4235,동강리,,동강리,6625,127.0727767,Dongkang-li,35.27657
4236,동강리,,오례삼거리,6626,127.074945,Dongkang-li,35.275065
4237,동산리,,자동차학원,6627,127.0435383,Dongsan-li,35.28671333
4238,무정농공단지,,봉안리,6628,127.026615,Mujeong Aglicultural Complex,35.29470667
4239,배징이,,등갈,6629,127.0218567,Bejingi,35.25366
4240,봉안리,,신일에너지,6630,127.0303617,Bongan-li,35.29383167
4241,봉안촌,,무정농공단지,6631,127.0235817,Bonganchon,35.29513167
4242,성도1구,,성도리,6632,127.00399,Seongdo 1gu,35.28710833
4243,성도2구,,성도1구,6633,126.9954833,Seongdo 2gu,35.28941333
4244,성도리입구,,군인아파트,6634,126.9962717,Seongdori Entrance,35.297565
4245,수문동,,동산리,6635,127.038705,Sumun-dong,35.29025333
4246,신갈,,신갈입구,6636,127.02598,Singal,35.24759333
4247,신갈입구,,창평훈련장,6637,127.024975,Singal Entrance,35.24548667
4248,신일에너지,,수문동,6638,127.0351467,Shinilenergy,35.29198333
4249,신흥,,조현,6639,126.9901217,Sinheung,35.27137
4250,안평입구,,평지리,6640,127.058055,Anpyeong Entrance,35.284075
4251,오례삼거리,,오례1구,6641,127.0817083,Orye 3-Way Junc,35.26952333
4252,오룡공원,,봉안촌,6642,127.0153333,Oryong Park,35.29416333
4253,외당,,오룡공원,6643,127.00762,Oedang,35.29554
4254,자동차학원,,안평입구,6644,127.0533283,Driving School,35.28410667
4255,장동,,배징이,6645,127.020275,Jangdong,35.254155
4256,장화리2구,,차동마을,6646,126.999185,Janghwa-li 2gu,35.25181333
4257,조현,,광덕복지관,6647,126.9837483,Johyeon,35.26723833
4258,차동마을,,창평우리병원,6648,127.00063,Chadong Maeul,35.254045
4259,창평우리병원,,가흥,6649,127.0070117,Changpyeong Woori Hospital,35.25298167
4260,청전아파트,,계동,6650,126.9856817,Cheongjeon APT,35.30828
4261,평지리,,동강리,6651,127.0612017,Pyeongji-li,35.282095
4262,성곡리입구,,성곡리샛터,6652,127.0594717,Seonggok-li Entrance,35.26468568
4263,삽재골,,성곡리입구,6653,127.0608186,Sapjaegol,35.26471568
4264,오례1구,,삽재골,6654,127.0776247,Orye-1gu,35.26785667
4265,등갈,,신갈,6655,127.0243417,Deunggal,35.252725
4266,송암공단,,,6657,126.884311,Songam Industrial Complex,35.111593
4267,금호2동주민센터,2453,EG아파트,6660,126.856387,GeumHo2dong Community Service Center,35.128848
4268,금호2동주민센터,2454,서구문화센터,6661,126.85581,GeumHo2dong Community Service Center,35.128732
4269,진흥더블파크아파트,2455,금호2동주민센터,6662,126.855252,Jinheung Dobule Park Apt,35.127626
4270,진흥더블파크아파트,2456,마재호반아파트,6663,126.855032,Jinheung Dobule Park Apt,35.127591
4271,종합건설본부,2354,염주사거리,6664,126.871939,General Construction office,35.145161
4272,평촌도요지,4626,평촌,6665,127.008288,Pyeongchon Kiln,35.18005
4273,평촌도요지,4627,닭뫼,6666,127.008368,Pyeongchon Kiln,35.180105
4274,신용중입구,4620,첨단2호반아파트,6667,126.86408126,Sinyong Middle School Entrance,35.21167781
4275,신용중입구,4621,신용초교,6668,126.86426644,Sinyong Middle School Entrance,35.21179061
4276,첨단2호반아파트,4622,첨단과학산업단지,6669,126.86416706,Cheomdan District 2 Hoban Apt.,35.20791506
4277,첨단2호반아파트,4623,신용중입구,6670,126.86440524,Cheomdan District 2 Hoban Apt.,35.20718984
4278,첨단과학산업단지,4624,동천마을1단지,6671,126.86389622,Cheomdan Science Industrial Complex,35.20250655
4279,첨단과학산업단지,4625,첨단2호반아파트,6672,126.864353,Cheomdan Science Industrial Complex,35.203532
4280,보훈회관(5.18민주화운동교육관),2355,상무시민공원,6673,126.838988,Veterans Hall/May 18th Education Center,35.150684
4281,보훈회관(5.18민주화운동교육관),2356,김대중컨벤션센터,6674,126.838625,Veterans Hall/May 18th Education Center,35.150102
4282,덕남마을 입구,3281,덕남,6677,126.8979874,Deongnam Vilage Entrance,35.0944099
4283,덕남마을 입구,3282,고령친화종합체험관,6678,126.8977814,Deongnam Vilage Entrance,35.0946465
4284,지원화훼단지,1175,지원2동주민센터,6680,126.93540705,Jiwon Floricultural Complex,35.11602267
4285,신기교,3283,대동마을,6681,126.8954544,Singigyo Bridge,35.1018066
4286,신기교,3284,조각배어린이공원,6682,126.8954239,Singigyo Bridge,35.1015511
4287,대동마을,3285,효천초교,6683,126.889477,Daedong Village,35.103338
4288,대동마을,3286,신기교,6684,126.8897476,Daedong Village,35.1030579
4289,효천초교,3287,대동마을,6685,126.88350325,Hyocheon Elementary School,35.10032045
4290,효천초교,3288,송암동,6686,126.88323245,Hyocheon Elementary School,35.10041532
4291,효우2로입구,3289,대동마을,6687,126.888927,Hyou 2-ro Entrance,35.10168
4292,신효천마을,3290,효천초교,6688,126.878196,Sinhyocehon Village,35.098124
4293,빛고을전남대병원,3291,시립제2요양병원,6689,126.8966751,Bitgoeul Chonnam National University Hospital,35.0946312
4294,신수교,4628,외촌입구,6690,126.8667526,Sinsoogyo Bridge,35.2002296
4295,연제외촌입구,4629,빛고을로입구,6691,126.865948,Yeonje Oecheon Entrance,35.1979351
4296,빛고을로입구,4630,첨단과학산업단지,6692,126.86361635,Bitgoeul Road Entrance,35.19958149
4297,화암마을위,4631,화암,6693,126.9739801,Upper of Hwaam Village,35.158018
4298,화암마을위,4632,충장사,6694,126.9740901,Upper of Hwaam Village,35.158044
4299,무등산국립공원(증심사),1176,종점,6695,126.95509,Mudeungsan National Park (Jeungsimsa Temple),35.13401
4300,육판서길,1677,범림사,6697,126.938809,Yukpan West Road,35.086598
4301,육판서길,1678,육판리,6698,126.938843,Yukpan West Road,35.08653
4302,보훈회관(서),2357,여성발전센터,6699,126.83667564,Veterans Hall(West),35.15145936
4303,보훈회관(서),2358,장암마을,6700,126.83664874,Veterans Hall(West),35.15167236
4304,제일장식,6620,만연빌딩,6703,126.992273,Jeil Jangsik,35.056508
4305,다사랑병원,2359,서광주,6704,126.839109,Dasarang Hospital,35.128065
4306,다사랑병원,2360,서창농협벽진지점,6705,126.837278,Dasarang Hospital,35.128853
4307,하남1교,5878,하남파출소,6706,126.796478,Hanamgyo 1(bridge),35.176718
4308,하남1교,5879,하남역입구,6707,126.796251,Hanamgyo 1(bridge),35.176579
4309,운암마을,5880,광암복림,6708,126.693424,Unam village,35.154153
4310,운암마을,5881,양촌(삼도),6709,126.693542,Unam village,35.154148
4311,문화예술위원회,6443,호수공원,6710,126.78213,Arts Council Korea,35.02102
4312,호수공원,6444,우정사업정보센터,6711,126.7892227,Lake Park,35.0210533
4313,우정사업정보센터,6445,한빛1교,6712,126.7943497,Korea Post (Office of Postal Service),35.0229378
4314,국립전파연구원,6446,빛가람행정복지센터,6713,126.794171,National Radio Research Agency,35.0227
4315,한빛1교,6452,매성고,6714,126.7930527,Hanbit 1 Bridge,35.0254402
4316,매성고,6448,부영3단지,6715,126.790637,Maesung High School,35.028737
4317,혁신로,6449,,6716,126.796814,Hyeoksin-ro,35.0304794
4318,빛가람행정복지센터,6450,한전KDN,6717,126.7901001,Bitgaram Administration Welfare Center,35.0213013
4319,한전KDN,6451,동곡,6718,126.78267,KEPCO KDN Co. Ltd,35.02135
4320,평동우체국(동),,근형기업,6719,126.76222677,Pyeong-dong Post Office(East),35.12484044
4321,조선대장미원,1178,서남동주민센터,6720,126.92805,Chosun University Rose Garden,35.141979
4322,조선대장미원,1179,조선대중앙도서관,6721,126.927905,Chosun University Rose Garden,35.141788
4323,조선대대학원,1180,조선대해오름관,6722,126.931352,Chosun University Graduate School,35.14341
4324,조선대해오름관,1177,조선대장미원,6723,126.93202,Chosun University Haeoreumgwan,35.140555
4325,조선대해오름관,1181,종점,6724,126.931956,Chosun University Haeoreumgwan,35.140156
4326,서창사거리,2361,보훈회관(서),6737,126.83123,Seochang Sageori,35.13763
4327,화순부영아파트,6386,화순부영3차아파트,6738,126.992535,Hwasun Buyeong Apt,35.059528
4328,전력거래소,6621,문화예술위원회,6748,126.77925725,Korea Power Exchange,35.02117978
4329,한국농촌경제연구원,6622,동곡,6749,126.77823261,Korea Rural Economic Institute,35.02169479
4330,명지맨션아파트,3328,유안초교,6753,126.91835938,Myeongji Mansion Apt.,35.12705163
4331,명지맨션아파트,3329,광명그린아파트,6754,126.91824674,Myeongji Mansion Apt.,35.12707138
4332,광명그린아파트,3330,명지맨션아파트,6755,126.91831648,Gwangmyeong Green Apt.,35.12933307
4333,광명그린아파트,3331,방림터널사거리,6756,126.91818237,Gwangmyeong Green Apt.,35.12944275
4334,방림터널사거리,3332,광명그린아파트,6757,126.9184184,Bangnim Tunnel Sageori,35.13069751
4335,방림터널사거리,3333,송림아파트,6758,126.91842913,Bangnim Tunnel Sageori,35.13078526
4336,송림아파트,3334,방림터널사거리,6759,126.92330539,Songnim Apt.,35.13095636
4337,송림아파트,3335,영진주택,6760,126.9232048,Songnim Apt.,35.13101777
4338,영진주택,3336,송림아파트,6761,126.92262947,Youngjin Jutaek Apt.,35.13250065
4339,영진주택,3337,방림초교,6762,126.9225651,Youngjin Jutaek Apt.,35.13240962
4340,방림초교,3338,영진주택,6763,126.92151635,Bangnim Elementary School,35.13390343
4341,방림초교,3339,학림교,6764,126.92120924,Bangnim Elementary School,35.13407452
4342,공간아파트,,,7001,126.987665,Gonggan Apt.,35.067205
4343,공간아파트,,,7002,126.987475,Gonggan Apt.,35.067163
4344,교육청,,,7003,126.987217,Office of Education,35.065525
4345,교육청,,,7004,126.987394,Office of Education,35.065185
4346,구봉산,,,7005,127.077835,Gubongsan,35.037403
4347,구암(리),,,7006,127.072967,Guam(ri),35.034016
4348,금능(리),,,7007,126.991326,Geumneung(ri),34.923649
4349,금능(리),,,7008,126.991218,Geumneung(ri),34.923675
4350,금능삼거리,,,7009,126.991796,Geumneung 3-Way Jct,34.920592
4351,금능삼거리,,,7010,126.991935,Geumneung 3-Way Jct,34.920333
4352,금호아파트,,,7011,126.992335,Kumho Apt.,35.0631
4353,금호아파트,,,7012,126.992571,Kumho Apt.,35.063134
4354,나드리노인복지관,,,7013,126.963565,Senior Welfare Center,35.045268
4355,나드리노인복지관,,,7014,126.963474,Senior Welfare Center,35.045367
4356,능주농공단지,,,7015,126.962265,Neungju Nonggong Danji,34.984478
4357,능주농공단지,,,7016,126.962307,Neungju Nonggong Danji,34.984533
4358,도곡온천,,,7020,126.904345,Dogok Hot-spring,35.024426
4359,도곡중학교,,,7021,126.909712,Dogok Middle School,35.012676
4360,도산,,,7022,126.964438,Dosan,34.972532
4361,도산,,,7023,126.964456,Dosan,34.972476
4362,도웅리1구,,,7024,126.939857,Dowoong-ri District 1,35.051524
4363,만연교,,,7025,126.988901,Manyeongyo,35.063527
4364,만연교,,,7026,126.988926,Manyeongyo,35.063391
4365,모산교,,,7027,126.972859,Mosangyo,34.978384
4366,모산교,,,7028,126.972564,Mosangyo,34.978483
4367,모산리,,,7029,126.971025,Mosan-ri,34.980393
4368,모산리,,,7030,126.971011,Mosan-ri,34.980485
4369,백암마을,,,7031,126.909999,Baekammaeul,35.015058
4370,보건소앞,,,7032,126.98171,Health Center front,35.056618
4371,보건소앞,,,7033,126.981566,Health Center front,35.056219
4372,복암,,,7034,127.081408,Bokam,35.046478
4373,부영6차아파트,,,7035,126.992606,Buyeong 6-cha Apt.,35.065264
4374,부영6차아파트,,,7036,126.992407,Buyeong 6-cha Apt.,35.065249
4375,생명산업,,,7037,126.969062,LifeIndustry,34.97446
4376,생명산업,,,7038,126.969169,LifeIndustry,34.974598
4377,석정역,,,7039,126.961548,Seokjeong station,34.955239
4378,석정역,,,7040,126.96164,Seokjeong station,34.955092
4379,송석주유소,,,7041,126.987998,Songseok gas station,34.930805
4380,송석주유소,,,7042,126.98806,Songseok gas station,34.930618
4381,신기리,,,7043,126.989489,Singi-ri,35.067356
4382,신기리,,,7044,126.989462,Singi-ri,35.067447
4383,오류촌,,,7045,126.989534,Oryuchon,34.897637
4384,오류촌,,,7046,126.989183,Oryuchon,34.897248
4385,오성아파트,,,7047,126.95889299,Oseong Apt.,35.05145203
4386,오성아파트,,,7048,126.95887376,Oseong Apt.,35.05130687
4387,온천마을,,,7049,126.906257,Oncheon maeul,35.02158
4388,용두리,,,7050,126.98258,Yongdu-ri,34.941752
4389,용두리,,,7051,126.982486,Yongdu-ri,34.941803
4390,우봉리,,,7052,126.97646,Ubong-ri,34.952223
4391,우봉리입구,,,7053,126.971207,Ubong-ri adit,34.948604
4392,우봉리입구,,,7054,126.971098,Ubong-ri adit,34.948572
4393,원지리,,,7055,126.9571806,Wonji-ri,35.00851389
4394,원화리,,,7056,126.9063,Wonhwa-ri,35.035751
4395,원화리,,,7057,126.906547,Wonhwa-ri,35.035722
4396,유천리(화순실고),,,7058,126.99149,Hwasun commerce high school,35.068118
4397,유천리(화순실고),,,7059,126.991485,Hwasun commerce high school,35.068257
4398,이양농공단지,,,7060,126.988462,Iyang Nonggong Danji,34.902576
4399,이양농공단지,,,7061,126.988338,Iyang Nonggong Danji,34.902587
4400,이양면사무소,,,7062,126.988934,Iyang-myeon office,34.887616
4401,이양면사무소,,,7063,126.988832,Iyang-myeon office,34.887614
4402,이양역전,,,7064,126.989323,Iyang station,34.891414
4403,이양역전,,,7065,126.989438,Iyang station,34.891383
4404,일심리,,,7066,126.996978,Ilsim-ri,35.054537
4405,일심리,,,7067,126.997062,Ilsim-ri,35.054676
4406,장터정류장,,,7068,126.987906,Jangteo bus stop,34.882679
4407,장터정류장,,,7069,126.98785,Jangteo bus stop,34.882749
4408,제일장식,,,7070,126.992273,Jeiljangsik,35.056508
4409,제일초등학교,,,7071,126.994631,Jeil Elementary School,35.054941
4410,제일초등학교,,,7072,126.994717,Jeil Elementary School,35.055108
4411,천암리,,,7073,126.909744,Cheonam-ri,35.010653
4412,청령마을,,,7074,126.989647,Cheongryeong(ri)maeul,34.912652
4413,청령마을,,,7075,126.989753,Cheongryeong(ri)maeul,34.912618
4414,춘양건널목,,,7076,126.964032,ChunyangGeonneolmok,34.948892
4415,춘양건널목,,,7077,126.96404,ChunyangGeonneolmok,34.949246
4416,춘양삼거리,,,7078,126.967463,Chunyang 3-Way Jct,34.951996
4417,춘양삼거리,,,7079,126.967546,Chunyang 3-Way Jct,34.951904
4418,춘양합동정류소,,,7080,126.96128,Chunyanghapdong bus stop,34.95173
4419,춘양합동정류소,,,7081,126.961366,Chunyanghapdong bus stop,34.951763
4420,품평리,,,7082,126.987188,Pumpyeong-ri,34.905339
4421,품평리,,,7083,126.987075,Pumpyeong-ri,34.90537
4422,풍암리,,,7084,126.985653,Pungam-ri,34.933318
4423,풍암리,,,7085,126.9856,Pungam-ri,34.933259
4424,현대자동차,,,7086,126.990497,Hyundai Motors,35.055683
4425,현대자동차,,,7087,126.990511,Hyundae Motors,35.055788
4426,화림(리),,,7088,126.963294,Hwalim(ri),34.958659
4427,화림(리),,,7089,126.96317,Hwalim(ri),34.95862
4428,화림2구,,,7090,126.961538,Hwalim District2,34.962471
4429,화림2구,,,7091,126.961631,Hwalim District2,34.962425
4430,화순군청,,,7092,126.986471,Hwasunguncheong,35.063084
4431,화순군청,,,7093,126.986662,Hwasunguncheong,35.063051
4432,화순부영3차아파트,,,7094,126.992528,Hwasun Buyeong Apt 3,35.061044
4433,화순부영3차아파트,,,7095,126.992319,Hwasun Buyeong Apt 3,35.060792
4434,화순부영아파트,6386,화순부영3차아파트,7096,126.992535,Hwasun Booyoung Apt.,35.059528
4435,화순서라아파트,,,7097,126.96901447,Hwasun Seora Apt,35.0532938
4436,화순서라아파트,,,7098,126.969217,Hwasun Seora Apt,35.053123
4437,도곡온천,,,7099,126.904146,Dogok Hot-spring,35.024426
4438,도곡중학교,,,7100,126.909634,Dogok Middle School,35.01272
4439,백암마을,,,7101,126.909912,Baekammaeul,35.01511
4440,온천마을,,,7102,126.906185,Oncheon maeul,35.021527
4441,천암리,,,7103,126.909741,Cheonam-ri,35.010939
4442,천암마을입구,,,7104,126.9093552,Cheonam entrance,35.0178108
4443,천암마을입구,,,7105,126.909304,Cheonam entrance,35.01779
4444,함평공영터미널,,구궤도버스앞,7107,126.5234,Hampyeong Terminal,35.0619
4445,구궤도버스앞,,영수교,7108,126.52166034,Gugwedobeoseu Front,35.06429681
4446,영수교,,향교,7109,126.5227772,Yeongsugyo,35.06533896
4447,향교,,명교마을,7110,126.53080268,Hyanggyo,35.06787585
4448,명교마을,,향교2구,7111,126.53230804,Myeonggyomaeul,35.06826926
4449,향교2구,,상교,7112,126.5351,Hyanggyo2Gu,35.0679
4450,상교,,향교삼거리,7113,126.5371,Sanggyo,35.0697
4451,향교삼거리,,주평마을,7114,126.54313294,Hyanggyo Samgeo-ri,35.07483512
4452,나산면소재지,,나산삼거리,7115,126.61103486,Nasanmyeonsojaeji,35.11221299
4453,나산삼거리,,송암.신평,7116,126.6145,Nasan Samgeo-ri,35.1128
4454,모정마을,,송암.신평,7117,126.6152,Mojeongmaeul,35.1131
4455,모정마을,,나산면소재지,7118,126.6151,Mojeongmaeul,35.1132
4456,송암.신평,,석지마을,7119,126.62109463,Songam.Sinpyeong,35.1182605
4457,송암.신평,,모정마을,7120,126.6214,Songam.Sinpyeong,35.11835612
4458,송암.신평,,석지마을,7121,126.62133755,Songam.Sinpyeong,35.11846489
4459,석지마을,,원이문,7122,126.6242203,Seokjimaeul,35.12554672
4460,석지마을,,송암.신평,7123,126.6240406,Seokjimaeul,35.12555989
4461,원이문,,화화정,7124,126.62391185,Wonimun,35.13476877
4462,원이문,,석지마을,7125,126.62380188,Wonimun,35.13481922
4463,화화정,,대포리,7126,126.62843942,Hwahwajeong,35.13815549
4464,화화정,,원이문,7127,126.62834822,Hwahwajeong,35.13823883
4465,대포리,,유덕마을,7128,126.63293211,Daepo-ri,35.14062524
4466,대포리,,화화정,7129,126.63288921,Daepo-ri,35.14071517
4467,유덕마을,,월현마을,7130,126.63619367,Yudeongmaeul,35.14134246
4468,유덕마을,,대포리,7131,126.63616418,Yudeongmaeul,35.14148064
4469,월현마을,,선박마을,7132,126.64199799,Wolhyeonmaeul,35.14322871
4470,월현마을,,유덕마을,7133,126.64187729,Wolhyeonmaeul,35.14336908
4471,선박마을,,복룡제,7134,126.64414374,Seonbangmaeul,35.14574435
4472,선박마을,,월현마을,7135,126.64396941,Seonbangmaeul,35.14572682
4473,복룡제,,용성자동차학원,7136,126.64944916,Bongnyongje,35.14663481
4474,복룡제,,선박마을,7137,126.64932309,Bongnyongje,35.1467642
4475,광주시립요양병원,5990,광주글로벌모터스,7138,126.671094,Gwangju Municipal Nursing Hospital,35.164857
4476,광주시립요양병원,5991,삼도삼거리,7139,126.671092,Gwangju Municipal Nursing Hospital,35.16476
4477,송암마을,5816,외치,7140,126.66895151,Songam Village,35.16617819
4478,송암마을,5817,광주시립인광병원,7141,126.66883885,Songam Village,35.16610803
4479,외치,,백야,7142,126.66256248,Oechi,35.17159609
4480,외치,,송암마을,7143,126.66247665,Oechi,35.1715347
4481,백야,,석보,7144,126.64933383,Baegya,35.17544826
4482,백야,,외치,7145,126.64926409,Baegya,35.1753167
4483,석보,,백야,7146,126.64254784,Seokbo,35.17486945
4484,석보,,월야초등학교,7147,126.64265244,Seokbo,35.17490453
4485,월야초등학교,,금석,7148,126.63368582,Worya Elementary School,35.17793661
4486,월야초등학교,,석보,7149,126.63397818,Worya Elementary School,35.17771957
4487,금석,,월야면소재지,7150,126.63152396,Geumseok,35.17867981
4488,금석,,월야초등학교,7151,126.63140862,Geumseok,35.17862062
4489,월야면소재지,,월야정류장,7152,126.62843137,Woryamyeonsojaeji,35.179651
4490,월야면소재지,,금석,7153,126.62837237,Woryamyeonsojaeji,35.17956112
4491,월야정류장,,하귀,7154,126.62719488,Worya Busstop,35.17972555
4492,월야정류장,,금석,7155,126.62719756,Worya Busstop,35.17963347
4493,하귀,,문장터미널,7156,126.61331176,Hagwi,35.17821064
4494,하귀,,월야정류장,7157,126.61338418,Hagwi,35.17811637
4495,문장터미널,,하귀,7158,126.60516992,Munjang Terminal,35.18117903
4496,문암,,문암,7159,126.60430222,Munam,35.18778404
4497,유덕1교차로,2444,한국은행,4296,126.84819708,Yuedok 1 intersection,35.16423091
4498,자활촌입구,2445,금호저수지입구,4297,126.84876932,Jahwalchon Entrance,35.13845162
4499,자활촌입구,2446,희망가아파트입구,4298,126.848986,Jahwalchon Entrance,35.139165
4500,화정우성아파트,2447,월드컵경기장정문,4299,126.872589,Hwajeong woosung apts,35.136774
4501,화정우성아파트,2448,화정남초교,4300,126.8726388,Hwajeong woosung apts,35.13622423
4502,희망가아파트,2449,자활촌입구,4301,126.84889546,Huimangga Apt,35.14291709
4503,희망가아파트,2450,상무역(남),4302,126.849098,Huimangga Apt,35.142363
4504,비엔날레주차장,4648,,4306,126.884233,Biennale parking lot,35.186256
4505,계소리1구,6469,계소리3구입구,4307,126.95836396,Gyesori District 1,35.05085004
4506,계소리1구,6470,화순역,4308,126.95852397,Gyesori District 1,35.05081815
4507,계소리3구입구,6453,계소리1구,4309,126.95879487,Gyesori District 3 Entrance,35.04844204
4508,계소리3구입구,6454,하니움스포츠센터서문,4310,126.95893879,Gyesori District 3 Entrance,35.04830944
4509,하니움스포츠센터서문,6455,공설운동장,4311,126.96365663,Hanium Culture Sports Center(West gate),35.04831598
4510,하니움스포츠센터서문,6456,계소리3구입구,4312,126.96366191,Hanium Culture Sports Center(West gate),35.04846028
4511,오성아파트,6466,화순역,4316,126.957437,Oseong Apt,35.051581
4512,오성아파트,6465,계소리1구,4317,126.957437,Oseong Apt,35.051681
4513,봉흥마을,5979,,4322,126.730931,Bongheung Town,35.218882
4514,산정,6459,수촌(장성),4323,126.81356949,Sanjeong(Jangseong),35.24824023
4515,화순서라아파트,6464,벽라리(화순역),4324,126.96901447,Hwasun Seora Apt,35.0532938
4516,잠정햇살마을,6463,능주농공단지,4325,126.961738,Jamjeong Haetsar maeul,34.984905
4517,잠정햇살마을,6460,능주고,4326,126.961825,Jamjeong Haetsar maeul,34.984957
4518,화순서라아파트,6457,대리교통광장(서),4327,126.969217,Hwasun Seora Apt,35.053123
4519,동산마을,5985,축산시험장,4328,126.721941,Dongsan Town,35.114263
4520,대덕마을,,학동마을,4329,126.712112,Dongsan Town,35.113721
4521,학동마을,,복굴,4330,126.705453,Hakdong Village,35.112902
4522,복굴,,신동마을,4331,126.69899094,Bokgul,35.11084626
4523,신동마을,,내기마을,4332,126.69300247,Sindong Village,35.10981541
4524,내기마을,,광산구유스호스텔,4333,126.691299,Naegi Village,35.111824
4525,송학입구,5507,대산삼거리,4334,126.68430936,Songhak Entrance,35.12068627
4526,정렬사,,,4340,126.715067,Dongshin University,35.043616
4527,광림초교입구,2451,광암교입구,4341,126.871035,Gwangrim Elementary School Entrance,35.171471
4528,광주이노비즈센터,4649,풍기산업,4342,126.865906,Gwangju Innopolisbiz Center,35.237217
4529,광주이노비즈센터,4650,종점,4343,126.865974,Gwangju Innopolisbiz Center,35.237344
4530,양산GS그린자이아파트,4651,양지마을,4344,126.88251,Yangsan Gs Green Xi Apt,35.209721
4531,양산GS그린자이아파트,4652,양산택지사거리,4345,126.882598,Yangsan Gs Green Xi Apt,35.209878
4532,삼도농협대산간이지점,5981,송학입구,4346,126.68072017,Samdo Nonghyup Daesan branch,35.12631015
4533,삼도농협대산간이지점,5982,대산삼거리,4347,126.68099766,Samdo Nonghyup Daesan branch,35.1264199
4534,월곡,5983,동산마을,4348,126.712514,Wolgok,35.115025
4535,월곡,5984,대덕마을,4349,126.712424,Wolgok,35.115
4536,송암공단(세영운수),,,4350,126.875041,,35.113963
4537,황곡입구,3303,압촌마을,4352,126.839018,Hwanggok Entrance,35.08814
4538,황곡입구,3304,하지석,4353,126.83896,Hwanggok Entrance,35.08815
4539,압촌마을,3305,황곡입구,4354,126.838005,Apchon Village,35.089676
4540,압촌마을,3306,광주국제영아마을,4355,126.838049,Apchon Village,35.089802
4541,광주국제영어마을,3307,종점,4356,126.837468,Gwangju International English Village,35.093301
4542,임암입구,3308,이동입구(서),4357,126.853158,Imam Entrance,35.091885
4543,임암입구,3309,포충사,4358,126.853131,Imam Entrance,35.09194
4544,이동입구(서),3310,태양식물원,4359,126.859075,Idong Entrance,35.095655
4545,이동입구(서),3311,임압입구,4360,126.859089,Idong Entrance,35.095731
4546,고려중,4677,광주공고입구,4366,126.898678,Korea Middle School,35.193445
4547,고려중,4678,삼각 호반아파트,4367,126.899217,Korea Middle School,35.19356
4548,용봉동 도나우타운,4679,오치초교,4368,126.89405,Yongbong-dong Donau Town,35.183149
4549,용봉동 도나우타운,4680,비엔날레전시관,4369,126.893296,Yongbong-dong Donau Town,35.183303
4550,문흥지구입구(남),4653,장등동,4382,126.934042,Munheung District Entrance (South),35.188246
4551,힐스테이트 각화,4654,보광사,4387,126.938284,Hillstate gakhwa,35.186654
4552,힐스테이트 각화,4655,각화중,4388,126.937962,Hillstate gakhwa,35.186649
4553,운암산코오롱하늘채아파트,4656,동림삼익아파트,4389,126.8600999,Unamsan Kolon Haneulchae,35.179031
4554,운암산코오롱하늘채아파트,4657,동림푸른마을,4390,126.86078846,Unamsan Kolon Haneulchae,35.17900757
4555,용봉현대1차,4658,중앙여고,4391,126.888933,Yongbong Hyundai 1st Apt.,35.17728
4556,용봉현대1차,4659,비엔날레전시관입구,4392,126.889002,Yongbong Hyundai 1st Apt.,35.177031
4557,살레시오고입구,4660,우치공원,4393,126.897855,Salesio High School Entrance,35.213512
4558,살레시오고입구,4661,서일초교,4394,126.897648,Salesio High School Entrance,35.213392
4559,살레시오고,4662,살레시오고입구,4396,126.895162,Salesio High School,35.216512
4560,전남대용봉탑,4663,전남대,4397,126.905975,Chonnam National University Yongbong Monument,35.175078
4561,동천6단지,4664,서영대,4398,126.871236,Dongcheon Complex 6,35.171759
4562,동천6단지,4665,터미널,4399,126.870834,Dongcheon Complex 6,35.171514
4563,광산세무서,5801,하남초교,4400,126.802313,Gwangsan District Tax Office,35.180325
4564,광산세무서,5802,흑석사거리,4401,126.802405,Gwangsan District Tax Office,35.180087
4565,하남초교(북),5803,단전,4402,126.799815,Hanam Elementary School(North),35.18107
4566,하남초교(북),5804,하남초교,4403,126.79962,Hanam Elementary School(North),35.181135
4567,유애서원,5805,흑석사거리(서),4404,126.804705,Yu Ae Seo Won,35.183313
4568,유애서원,5806,신성화학,4405,126.805013,Yu Ae Seo Won,35.18329
4569,입하마을,3340,송암공단입구,4406,126.874705,Ipha Village,35.104593
4570,입하마을,3341,광주효천시티프라디움,4407,126.874588,Ipha Village,35.104763
4571,광주김치타운입구,3342,입하마을,4408,126.866841,Gwangju Kimchi Town Entrance,35.106976
4572,광주김치타운입구,3343,광곡입구,4409,126.86642,Gwangju Kimchi Town Entrance,35.1071
4573,광주효천시티프라디움,3344,입하마을,4410,126.873113,Gwangju Hyocheon City Pradium,35.1018
4574,광주효천시티프라디움,3345,임암,4411,126.873114,Gwangju Hyocheon City Pradium,35.10221
4575,신효천마을,3346,임암,4412,126.878441,Sinhyocheon Village,35.098299
4576,용산초교,1679,지원2동주민센터,4413,126.930941,Yongsan Elementary School,35.118751
4577,용산초교,1680,용산지구모아엘가에듀파크,4414,126.930826,Yongsan Elementary School,35.118868
4578,용산지구모아엘가에듀파크,1681,용산초교,4415,126.925941,Yongsan District Moa Elgar Edew Park,35.11726
4579,용산지구모아엘가에듀파크,1682,대성베르힐,4416,126.926372,Yongsan District Moa Elgar Edew Park,35.117311
4580,용산지구대성베르힐,1683,용산지구모아엘가에듀파크,4417,126.922323,Yongsan District Daeseongber Hill,35.117157
4581,용산지구대성베르힐,1684,남구문화예술회관,4418,126.923503,Yongsan District Daeseongber Hill,35.117496
4582,지원2동행정복지센터,1685,용산초교,4419,126.932869,Jiwon 2(i)-dong Administration Welfare Center,35.120199
4583,지원2동행정복지센터,1686,녹동,4420,126.932911,Jiwon 2(i)-dong Administration Welfare Center,35.120068
4584,광주공원(동),1687,충장로5가입구,4421,126.910239,Gwangju Park(East),35.149215
4585,로제비앙아파트,1690,계림오거리,4424,126.924281,Rosebiang Apt,35.155209
4586,로제비앙아파트,1691,두산위브아파트,4425,126.924298,Roseiang Apt,35.154864
4587,두산위브아파트,1692,계림초교후문,4426,126.9227532,Doosan Weve Apt,35.15795202
4588,두산위브아파트,1693,로제비앙아파트,4427,126.9228581,Doosan Weve Apt,35.1578741
4589,임동주공아파트,4667,광주기아챔피언스필드,4431,126.88574228,Imdong Jugong Apratment,35.16826472
4590,연제외촌,4668,힐스테이트연제아파트,4432,126.86681929,Yeonje Oecheon,35.19703105
4591,연제외촌,4669,연제새한아파트,4433,126.86695876,Yeonje Oecheon,35.19701352
4592,힐스테이트연제아파트,4670,연제외촌,4434,126.87013316,Hillstate Yeonje Apartment,35.19607979
4593,힐스테이트연제아파트,4671,연제현대아파트,4435,126.87011305,Hillstate Yeonje Apartment,35.19596253
4594,광주고,1694,,4437,126.921341,Gwangju High School,35.157727
4595,광주고,1695,,4438,126.920722,Gwangju High School,35.157151
4596,중흥에코파크,3350,,4439,126.873394,Jungheung Eco Park,35.104776
4597,중흥에코파크,3351,,4440,126.873542,Jungheung Eco Park,35.104664
4598,광주축산농협산수동,1696,,4441,126.924505,Gwangju Livestock nonghyup,35.153592
4599,광주축산농협산수동,1697,,4442,126.924596,Gwangju Livestock nonghyup,35.153262
4600,소태역마을,,,4443,126.932425,Sotae Station Village,35.122802
4601,소태역마을,,,4444,126.932665,Sotae Station Village,35.123082
4602,광주글로벌모터스,5986,,4445,126.670913,Gwangju Global Motors,35.169778
4603,광주글로벌모터스,5987,광주시립1요양병원,4446,126.670699,Gwangju Global Motors,35.169761
4604,광주경제자유구역청,4698,금당,4447,126.864142,Gwangju Free Economic Zone Authority,35.239031
4605,광주경제자유구역청,4699,첨단,4448,126.863946,Gwangju Free Economic Zone Authority,35.239227
4606,효천1LH1단지아파트,3352,,4449,126.863258,Hyocheon1LH1Apt,35.106028
4607,효천1LH1단지아파트,3353,광주김치타운입구,4450,126.863636,Hyocheon1LH1Apt,35.106105
4608,도촌제,5992,도천저수지,4451,126.824561,Docheonje,35.208848
4609,도촌제,5993,수완우미린2차,4452,126.824842,Docheonje,35.209527
4610,남부대시립국제수영장,5994,첨단부영아파트,4453,126.8391586,Nambu University International Swimming Pool,35.20636063
4611,남부대시립국제수영장,5995,첨단부영아파트,4454,126.83917527,Nambu University International Swimming Pool,35.20645807
4612,두암중,4672,삼정초교,4455,126.9340052,Duma Middle School,35.1665312
4613,두암중,4673,두암초교,4456,126.93460404,Duma Middle School,35.16661553
4614,시화문화마을문화관,4674,,4457,126.93974583,Sihwa Culture Village Cultural Center,35.17959812
4615,시화문화마을문화관,,각화중,4458,126.93934118,Sihwa Culture Village Cultural Center,35.17926074
4616,효천물빛노닐터,3354,효천1LH1단지아파트,4459,126.8639678,Hyocheon Mulbit Nonilteo,35.10438545
4617,효천물빛노닐터,3355,태양식물원,4460,126.8637085,Hyocheon Mulbit Nonilteo,35.10431717
4618,광명아파트,4675,첨단2호반아파트,4461,126.869636,Gwangmyeong Apt.,35.20634
4619,광명아파트,4676,연제주공아파트,4462,126.869848,Gwangmyeong Apt.,35.206151
4620,한국전기연구원,3356,한국기초과학지원연구원,4463,126.829283,Korea Electrical Research Institute,35.091351
4621,한국전기연구원,3357,개동,4464,126.829455,Korea Electrical Research Institute,35.091528
4622,한국기초과학지원연구원,3358,대촌한일베라체,4465,126.83274,Korea Basic Science Institute,35.088292
4623,한국기초과학지원연구원,3359,한국전기연구원,4466,126.832948,KOREA BASIC SCIENCE INSTITUTE,35.088404
4624,도금마을회관,3365,,4467,126.843302,Dogeum Village Hall,35.075908
4625,도금마을회관,,,4468,126.84328,Dogeum Village Hall,35.075988
4626,용연동,1698,용연정수장,4469,126.962421,Yongyeon-dong,35.094495
4627,상무역입구,2467,전남고등학교,4471,126.846533,Sangmu Station,35.147055
4628,상무역입구,2468,상무쌍용금호아파트,4472,126.847219,Sangmu Station,35.147061
4629,전남고등학교,2469,김대중컨벤션센터후문,4473,126.843673,Jeonnam High School,35.146283
4630,전남고등학교,2470,상무역입구,4474,126.843858,Jeonnam High School,35.14614
4631,김대중컨벤션센터후문,2471,김대중컨벤션센터(마륵)역,4475,126.842153,Kimdaejung Convention Center Back Gate,35.14589
4632,김대중컨벤션센터후문,2472,전남고등학교,4476,126.842214,Kimdaejung Convention Center Back Gate,35.145705
4633,광산엘리체입구,5807,용동(평동),4481,126.754113,Gwangsan Eliche Apt Entrance,35.134789
4634,광산엘리체입구,5808,영천,4482,126.754292,Gwangsan Eliche Apt Entrance,35.134651
4635,부영3단지,6625,한국에너지공과대학교입구,4483,126.800909,Booyoung Apt. Complex3,35.018365
4636,부영3단지,6626,한빛1교,4484,126.801295,Booyoung Apt. Complex3,35.018735
4637,한국에너지공과대학교입구,6627,한국에너지공과대학교,4485,126.80035,KENTECH Entrance,35.012794
4638,한국에너지공과대학교입구,6628,부영3단지,4486,126.800683,KENTECH Entrance,35.012972
4639,한국에너지공과대학교,6629,한국에너지공과대학교본관,4487,126.802975,KENTECH,35.009581
4640,한국에너지공과대학교,6630,한국에너지공과대학교입구,4488,126.803125,KENTECH,35.009581
4641,한국에너지공과대학교본관,6631,종점,4489,126.802778,KENTECH Main building,35.01091
4642,한국에너지공과대학교본관,6632,한국에너지공과대학교,4490,126.802588,KENTECH Main building,35.01091
4643,조선대병원입구,1710,국립전파연구원,4491,126.925878,Chosun University Hospital Entrance,35.140102
4644,매성고,6634,한빛1교,4492,126.790673,Maeseong High School,35.029087
4645,한빛1교,6633,조선대장미원,4493,126.793015,Hanbit Bridge 1,35.025088
4646,광산구보건소,5809,신성화학,4494,126.800183,Gwangsan-gu Community Health Center,35.184881
4647,광산구보건소,5810,하남초교(북),4495,126.799998,Gwangsan-gu Community Health Center,35.185215
4648,석저마을,4690,회차지,4496,126.986439,Seokjeo Village,35.182026
4649,석저마을,4691,무등산생태탐방원,4497,126.986496,Seokjeo Village,35.181986
4650,금산교,4692,평촌,4498,127.006115,Geumsan Bridge,35.172432
4651,금산교,4693,금곡마을,4499,127.006046,Geumsan Bridge,35.172474
4652,금곡마을,4694,금산교,4500,126.999448,Geumgok Village,35.169583
4653,금곡마을,4695,충장사(북),4501,126.99937,Geumgok Village,35.169631
4654,평촌,4696,금산교,4502,127.010159,Pyeongchon,35.176101
4655,광주솔로몬로파크,4697,도동고개,4503,126.93072,Gwangju solomonlaw park,35.18966
4656,남광주역(안),,,4997,126.92274067,Namgwagju Station,35.13869859
4657,전남대병원.남광주시장(안),,,4998,126.92235443,Chonam National Universtiy Hospital/Namgwangju.Market,35.13983038
4658,광주송정역(안),,,4999,126.7917333,Gwangju Songjeong Station,35.13820833
4659,유곡,,주업정,5001,126.73607315,Yugok,35.08639549
4660,감정,,현애마을,5003,126.74446281,Gamjeong,35.10395981
4661,계량,,장등,5007,126.6873901,Gyeryang,35.10580028
4662,계량,,송학,5008,126.68753411,Gyeryang,35.10579317
4663,목사고을시장입구(남),,미곡,5012,126.72278138,MoksaGoul Market Entrance(South),35.03558749
4664,구축,,영안,5014,126.70560218,Guchuk,35.07335532
4665,구축,,금안,5015,126.7058133,Guchuk,35.07328134
4666,금곡,,용산삼거리,5016,126.69827352,Geumgok,35.08255333
4667,금곡,,월정,5017,126.69841241,Geumgok,35.08256394
4668,금당,,신금마을,5018,126.84710362,Geumdang,35.05435476
4669,금안,,구축,5019,126.70355202,Geuman,35.07594223
4670,금안,,용산삼거리,5020,126.70365251,Geuman,35.07602211
4671,금연사거리,,감정,5024,126.75450352,Geumyeon 4-Way Junc,35.11533138
4672,금와정자교입구,,산포면사무소입구,5025,126.81949924,GeumwaJeongjagyo Entrance,35.04227041
4673,금와정자교입구,,삼성자동차학원(시녀울),5026,126.82054584,GeumwaJeongjagyo Entrance,35.04270158
4674,금천사거리.광탄마을,,원촌,5027,126.75230257,Geumcheon 4-way junc(Kwangtan-Maeul),35.03539963
4675,금천사거리.광탄마을,,금천농협,5028,126.75267636,Geumcheon 4-way junc(Kwangtan-Maeul),35.03529438
4676,나주고후문,,소방삼거리,5033,126.7101245,Naju high school Back Gate,35.02842806
4677,나주고후문,,백민원,5034,126.71012937,Naju high school Back Gate,35.02859869
4678,나주시청,,나주교육지원청,5037,126.71388948,Naju City hall,35.01708839
4679,나주시청,,나주문화예술회관,5038,126.71422255,Naju City hall,35.01681528
4680,나주역,,나주스포츠파크,5040,126.71637955,Naju Station,35.01470134
4681,나주역,,나주시청,5041,126.71651246,Naju Station,35.01443915
4682,나주터미널,,성북아파트,5044,126.72167113,Naju Bus Terminal,35.03361401
4683,이창사거리.남교동,,영산포터미널,5047,126.71399329,Ichang 4-way Junc(Namgyodong),34.99701176
4684,이창사거리.남교동,,노인복지회관,5048,126.71418436,Ichang 4-way Junc(Namgyodong),34.99657468
4685,남양유업,,금천농협,5051,126.76093039,Namyang Dairy,35.0338512
4686,남양유업,,촌곡(배박물관),5052,126.7615836,Namyang Dairy,35.03367164
4687,연합의원,6462,교촌마을,5053,126.84298852,Yeonhap Clinic,35.0433067
4688,연합의원,6461,나주축산농협,5054,126.84315028,Yeonhap Clinic,35.04314662
4689,남평검문소,,금당,5055,126.84910046,Nampyeong Check point,35.05758545
4690,남평검문소,,송림가든,5056,126.8493717,Nampyeong Check point,35.05772792
4691,남평정류장,,남평시장,5057,126.84354112,Nampyeong Bus Stop,35.04746031
4692,남평정류장,,,5058,126.84367913,Nampyeong Bus Stop,35.04739047
4693,남평중학교,,남평정류장,5059,126.84513928,Nampyeong Middle School,35.04774669
4694,내상,,효사랑병원(삼진종합앞),5060,126.78244902,Naesang,35.03780276
4695,내상,,내정,5061,126.78247723,Naesang,35.03770457
4696,내정,,산포면사무소입구,5062,126.78945439,Naejeong,35.03950937
4697,내정,,내상,5063,126.78955794,Naejeong,35.03960592
4698,노안부대.4대대입구,,태평사,5067,126.70999875,Noan Unit (4 Battalion Entrance),35.06572641
4699,노안부대.4대대입구,,영안,5068,126.71016684,Noan Unit (4 Battalion Entrance),35.06567779
4700,노인복지관,,이창사거리(남교동),5073,126.71345853,Senior Welfare Service Center,34.99959119
4701,노인복지관,,영강사거리(영산대교),5074,126.71358486,Senior Welfare Service Center,34.99965219
4702,대덕아파트,,나주시청,5075,126.71187061,Daedeok APT,35.00866472
4703,대덕아파트,,영강사거리,5076,126.7117292,Daedeok APT,35.00864169
4704,동신대학교후문,,동신대학교,5079,126.72058925,Dongshin University Back Gate,35.05416214
4705,동신대학교후문,,칠전마을입구,5080,126.72067473,Dongshin University Back Gate,35.05426576
4706,매성.산포농협,,산포초교,5081,126.803685,Maeseong(Sanpo Nonghyup),35.03559167
4707,매성.산포농협,,산포면사무소입구,5082,126.8036927,Maeseong(Sanpo Nonghyup),35.03568791
4708,나주문화예술회관,,흥룡마을입구,5083,126.71318896,Naju Culture and Arts Center,35.02287853
4709,흥룡마을입구,,나주시청,5084,126.71343151,Heungryong Maeul Entrance,35.0209516
4710,나주문화예술회관,,송월부영아파트,5085,126.71354024,Naju Culture and Arts Center,35.02115028
4711,미곡,,금천사거리(광탄마을),5087,126.74401153,Migok,35.03533406
4712,백민원,,천주교사거리,5088,126.70985435,Baekminwon,35.03089305
4713,버드실,,유곡,5089,126.73753159,Beodsil,35.0885365
4714,빛가람병원,,산포초교,5093,126.80193638,Bitgaram Hospital,35.03293416
4715,산포입구,,내정,5094,126.80303675,Sanpo Entrance,35.0408307
4716,산포면사무소입구,,매성(산포농협),5095,126.80343667,Sanpo-Myeon office Entrance,35.03945484
4717,산포면사무소입구,,산포입구,5096,126.80355427,Sanpo-Myeon office Entrance,35.0394769
4718,산포입구,,금와정자교입구,5097,126.80409124,Sanpo Entrance,35.04046964
4719,삼성자동차학원.시녀울,,남평농협(장수한의원),5098,126.82748829,Samseong driving Institute (sinyeoul),35.04510027
4720,삼성자동차학원.시녀울,,금와(덕례방면),5099,126.82761291,Samseong driving Institute (sinyeoul),35.0452331
4721,효사랑병원.삼진종합앞,,촌곡(배박물관),5100,126.77231925,Hyosarang Hospital,35.03470986
4722,효사랑병원.삼진종합앞,,내상,5101,126.7733215,Hyosarang Hospital,35.03462995
4723,서교,,월정,5104,126.69518461,Seogyo,35.09549305
4724,서교,,오정,5105,126.6953218,Seogyo,35.09548961
4725,소방삼거리,,나주문화예술회관,5111,126.71136448,Sobang 3-way Junc,35.02684673
4726,소방삼거리,,나주고후문,5112,126.71167121,Sobang 3-way Junc,35.02660314
4727,송계,,칠전마을입구,5113,126.71824497,Songgye,35.05990538
4728,송계,,태평사,5114,126.71846597,Songgye,35.05979337
4729,송림가든,,남평검문소,5115,126.85378351,Songlim Garden,35.0645671
4730,송림가든,,한두재,5116,126.85387658,Songlim Garden,35.06448076
4731,송월부영아파트,,소방삼거리,5117,126.71307546,Songwol Buyeong APT,35.02392266
4732,신금마을,,수청,5122,126.84517669,Singeum Maeul,35.05022823
4733,신금마을,,광이사거리,5123,126.84531557,Singeum Maeul,35.05009768
4734,신흥,,전파관리소,5129,126.80423497,Sinheung,35.02801547
4735,신흥,,산포초교,5130,126.80433169,Sinheung,35.02805168
4736,영강사거리.영산대교,,대덕아파트,5140,126.71082547,Yeonggang 4 Junc(Yeonsandaegyo),35.00581462
4737,금당마을,,남평검문소,5143,126.84796926,Geumdang Maeul,35.05610636
4738,영안,,노안부대(4대대입구),5145,126.7075724,Yeongan,35.07032385
4739,영안,,구축,5146,126.70771669,Yeongan,35.07025057
4740,오정,,이룡,5147,126.692965,Ojeong,35.09845833
4741,오정,,장등,5148,126.69321008,Ojeong,35.09858527
4742,용산삼거리,,월송,5149,126.70123752,Yongsan 3-way Junc,35.0792725
4743,용산삼거리,,금곡,5150,126.70130239,Yongsan 3-way Junc,35.07935227
4744,원촌,,나주터미널,5153,126.74439461,Wonchon,35.03542231
4745,남면사무소,,장성월곡,6586,126.8128383,Nam-Myeon Office,35.243855
4746,남면사무소,,중앙동,6588,126.8130133,Nam-Myeon Office,35.243935
